track_id,segment_id,Time,Lat,Lon,orig_idx,edge_start_orig_idx,edge_end_orig_idx,interpolation_fraction_on_edge,logCHL,position,event_key,orig_idx_num,is_step_start,is_endpoint,is_trigger,use_for_movement_step,is_post_endpoint_to_trigger,minutes,radial_km,strict_record,path_chl_rank,selection_rule,panel,record_type,dataset,scale_m,family,estimand,events,units,segments,observed_unit_equal,bootstrap_ci_low,bootstrap_ci_high,phase_null_mean,phase_p_one_sided,phase_reps,bootstrap_reps,rho_tau_distinct_cell_fraction,holm_phase_p,positive_support,replicate,rho_chl_support,rho_chl_median_log_length
WA_Centurion20172018CRO15321_GPSdata_RS.xlsx,0.0,2018-02-20 02:26:00,-45.191265827737226,39.509646867153286,2558.0,2558.0,2558.0,0.0,-1.5445404566323349,2558.0,WA_Centurion20172018CRO15321_GPSdata_RS.xlsx|0|canonical_global_window|1|100.0|100,2558.0,1.0,0.0,0.0,1.0,0.0,0.0,0.0,True,0.9047619047619048,highest L_union+C_union among eligible 7-25-run events; first candidate with dense rho and tau support,a,candidate_boundary_example,,,,,,,,,,,,,,,,,,,,
WA_Centurion20172018CRO15321_GPSdata_RS.xlsx,0.0,2018-02-20 02:28:00,-45.20343690769231,39.49983870769231,2559.0,2559.0,2559.0,0.0,-1.5606494485577604,2559.0,WA_Centurion20172018CRO15321_GPSdata_RS.xlsx|0|canonical_global_window|1|100.0|100,2559.0,0.0,0.0,0.0,1.0,0.0,2.0,1.556349164461614,True,0.8095238095238095,highest L_union+C_union among eligible 7-25-run events; first candidate with dense rho and tau support,a,candidate_boundary_example,,,,,,,,,,,,,,,,,,,,
WA_Centurion20172018CRO15321_GPSdata_RS.xlsx,0.0,2018-02-20 02:30:00,-45.21770051969697,39.49566416515151,2560.0,2560.0,2560.0,0.0,-1.571190179934795,2560.0,WA_Centurion20172018CRO15321_GPSdata_RS.xlsx|0|canonical_global_window|1|100.0|100,2560.0,0.0,0.0,0.0,1.0,0.0,4.0,3.136909857337256,True,0.6666666666666666,highest L_union+C_union among eligible 7-25-run events; first candidate with dense rho and tau support,a,candidate_boundary_example,,,,,,,,,,,,,,,,,,,,
WA_Centurion20172018CRO15321_GPSdata_RS.xlsx,0.0,2018-02-20 02:32:00,-45.228899156060606,39.485809346969695,2561.0,2561.0,2561.0,0.0,-1.588064768065357,2561.0,WA_Centurion20172018CRO15321_GPSdata_RS.xlsx|0|canonical_global_window|1|100.0|100,2561.0,0.0,0.0,0.0,1.0,0.0,6.0,4.582394425493012,True,0.3809523809523809,highest L_union+C_union among eligible 7-25-run events; first candidate with dense rho and tau support,a,candidate_boundary_example,,,,,,,,,,,,,,,,,,,,
WA_Centurion20172018CRO15321_GPSdata_RS.xlsx,0.0,2018-02-20 02:34:00,-45.23901907105263,39.4922954868421,2562.0,2562.0,2562.0,0.0,-1.580679754989187,2562.0,WA_Centurion20172018CRO15321_GPSdata_RS.xlsx|0|canonical_global_window|1|100.0|100,2562.0,0.0,0.0,0.0,1.0,0.0,8.0,5.481113227202346,True,0.5714285714285714,highest L_union+C_union among eligible 7-25-run events; first candidate with dense rho and tau support,a,candidate_boundary_example,,,,,,,,,,,,,,,,,,,,
WA_Centurion20172018CRO15321_GPSdata_RS.xlsx,0.0,2018-02-20 02:36:00,-45.24960934032258,39.50997286451613,2563.0,2563.0,2563.0,0.0,-1.5616606711499057,2563.0,WA_Centurion20172018CRO15321_GPSdata_RS.xlsx|0|canonical_global_window|1|100.0|100,2563.0,0.0,0.0,0.0,1.0,0.0,10.0,6.487561809403238,True,0.7619047619047619,highest L_union+C_union among eligible 7-25-run events; first candidate with dense rho and tau support,a,candidate_boundary_example,,,,,,,,,,,,,,,,,,,,
WA_Centurion20172018CRO15321_GPSdata_RS.xlsx,0.0,2018-02-20 02:38:00,-45.24920389193548,39.52861456129032,2564.0,2564.0,2564.0,0.0,-1.543867170563347,2564.0,WA_Centurion20172018CRO15321_GPSdata_RS.xlsx|0|canonical_global_window|1|100.0|100,2564.0,0.0,0.0,0.0,1.0,0.0,12.0,6.611501857564327,True,0.9523809523809524,highest L_union+C_union among eligible 7-25-run events; first candidate with dense rho and tau support,a,candidate_boundary_example,,,,,,,,,,,,,,,,,,,,
WA_Centurion20172018CRO15321_GPSdata_RS.xlsx,0.0,2018-02-20 02:40:00,-45.257388269354834,39.54011489193548,2565.0,2565.0,2565.0,0.0,-1.5389101363707312,2565.0,WA_Centurion20172018CRO15321_GPSdata_RS.xlsx|0|canonical_global_window|1|100.0|100,2565.0,0.0,0.0,0.0,1.0,0.0,14.0,7.730012024965188,True,1.0,highest L_union+C_union among eligible 7-25-run events; first candidate with dense rho and tau support,a,candidate_boundary_example,,,,,,,,,,,,,,,,,,,,
WA_Centurion20172018CRO15321_GPSdata_RS.xlsx,0.0,2018-02-20 02:42:00,-45.27094274032258,39.53777402741936,2566.0,2566.0,2566.0,0.0,-1.5458760325718333,2566.0,WA_Centurion20172018CRO15321_GPSdata_RS.xlsx|0|canonical_global_window|1|100.0|100,2566.0,0.0,0.0,0.0,1.0,0.0,16.0,9.129371839138813,True,0.8571428571428571,highest L_union+C_union among eligible 7-25-run events; first candidate with dense rho and tau support,a,candidate_boundary_example,,,,,,,,,,,,,,,,,,,,
WA_Centurion20172018CRO15321_GPSdata_RS.xlsx,0.0,2018-02-20 02:44:00,-45.28371103064516,39.52786516451613,2567.0,2567.0,2567.0,0.0,-1.5630775216711292,2567.0,WA_Centurion20172018CRO15321_GPSdata_RS.xlsx|0|canonical_global_window|1|100.0|100,2567.0,0.0,0.0,0.0,1.0,0.0,18.0,10.377958334528772,True,0.7142857142857143,highest L_union+C_union among eligible 7-25-run events; first candidate with dense rho and tau support,a,candidate_boundary_example,,,,,,,,,,,,,,,,,,,,
WA_Centurion20172018CRO15321_GPSdata_RS.xlsx,0.0,2018-02-20 02:46:00,-45.293903628,39.5147084328,2568.0,2568.0,2568.0,0.0,-1.5780974992129253,2568.0,WA_Centurion20172018CRO15321_GPSdata_RS.xlsx|0|canonical_global_window|1|100.0|100,2568.0,0.0,0.0,0.0,1.0,0.0,20.0,11.41969645691438,True,0.6190476190476191,highest L_union+C_union among eligible 7-25-run events; first candidate with dense rho and tau support,a,candidate_boundary_example,,,,,,,,,,,,,,,,,,,,
WA_Centurion20172018CRO15321_GPSdata_RS.xlsx,0.0,2018-02-20 02:48:00,-45.300287276612906,39.50252229112903,2569.0,2569.0,2569.0,0.0,-1.5845015440590842,2569.0,WA_Centurion20172018CRO15321_GPSdata_RS.xlsx|0|canonical_global_window|1|100.0|100,2569.0,0.0,0.0,0.0,1.0,0.0,22.0,12.135473819042552,True,0.5238095238095238,highest L_union+C_union among eligible 7-25-run events; first candidate with dense rho and tau support,a,candidate_boundary_example,,,,,,,,,,,,,,,,,,,,
WA_Centurion20172018CRO15321_GPSdata_RS.xlsx,0.0,2018-02-20 02:50:00,-45.30820404919355,39.49169769354838,2570.0,2570.0,2570.0,0.0,-1.586585016650743,2570.0,WA_Centurion20172018CRO15321_GPSdata_RS.xlsx|0|canonical_global_window|1|100.0|100,2570.0,0.0,0.0,0.0,1.0,0.0,24.0,13.078654346030168,True,0.4285714285714285,highest L_union+C_union among eligible 7-25-run events; first candidate with dense rho and tau support,a,candidate_boundary_example,,,,,,,,,,,,,,,,,,,,
WA_Centurion20172018CRO15321_GPSdata_RS.xlsx,0.0,2018-02-20 02:52:00,-45.3189695088,39.4781240928,2571.0,2571.0,2571.0,0.0,-1.5860483865478747,2571.0,WA_Centurion20172018CRO15321_GPSdata_RS.xlsx|0|canonical_global_window|1|100.0|100,2571.0,0.0,0.0,0.0,1.0,0.0,26.0,14.412807380884525,True,0.4761904761904761,highest L_union+C_union among eligible 7-25-run events; first candidate with dense rho and tau support,a,candidate_boundary_example,,,,,,,,,,,,,,,,,,,,
WA_Centurion20172018CRO15321_GPSdata_RS.xlsx,0.0,2018-02-20 02:54:00,-45.3270587184,39.4644544416,2572.0,2572.0,2572.0,0.0,-1.594643795974272,2572.0,WA_Centurion20172018CRO15321_GPSdata_RS.xlsx|0|canonical_global_window|1|100.0|100,2572.0,0.0,0.0,0.0,1.0,0.0,28.0,15.50828457702228,True,0.3333333333333333,highest L_union+C_union among eligible 7-25-run events; first candidate with dense rho and tau support,a,candidate_boundary_example,,,,,,,,,,,,,,,,,,,,
WA_Centurion20172018CRO15321_GPSdata_RS.xlsx,0.0,2018-02-20 02:56:00,-45.333979434722224,39.45256347592593,2573.0,2573.0,2573.0,0.0,-1.6020166279459138,2573.0,WA_Centurion20172018CRO15321_GPSdata_RS.xlsx|0|canonical_global_window|1|100.0|100,2573.0,0.0,0.0,0.0,1.0,0.0,30.0,16.485956494673555,True,0.2857142857142857,highest L_union+C_union among eligible 7-25-run events; first candidate with dense rho and tau support,a,candidate_boundary_example,,,,,,,,,,,,,,,,,,,,
WA_Centurion20172018CRO15321_GPSdata_RS.xlsx,0.0,2018-02-20 02:58:00,-45.34477060138889,39.44106992037037,2574.0,2574.0,2574.0,0.0,-1.6098093047636317,2574.0,WA_Centurion20172018CRO15321_GPSdata_RS.xlsx|0|canonical_global_window|1|100.0|100,2574.0,0.0,0.0,0.0,1.0,0.0,32.0,17.89277421854616,True,0.238095238095238,highest L_union+C_union among eligible 7-25-run events; first candidate with dense rho and tau support,a,candidate_boundary_example,,,,,,,,,,,,,,,,,,,,
WA_Centurion20172018CRO15321_GPSdata_RS.xlsx,0.0,2018-02-20 03:00:00,-45.35513924,39.430216324,2575.0,2575.0,2575.0,0.0,-1.617135677192593,2575.0,WA_Centurion20172018CRO15321_GPSdata_RS.xlsx|0|canonical_global_window|1|100.0|100,2575.0,0.0,0.0,0.0,1.0,0.0,34.0,19.25281349027868,True,0.1428571428571428,highest L_union+C_union among eligible 7-25-run events; first candidate with dense rho and tau support,a,candidate_boundary_example,,,,,,,,,,,,,,,,,,,,
WA_Centurion20172018CRO15321_GPSdata_RS.xlsx,0.0,2018-02-20 03:02:00,-45.3663116624,39.4192708872,2576.0,2576.0,2576.0,0.0,-1.623678955894459,2576.0,WA_Centurion20172018CRO15321_GPSdata_RS.xlsx|0|canonical_global_window|1|100.0|100,2576.0,0.0,0.0,0.0,1.0,0.0,36.0,20.7089299872918,True,0.0952380952380952,highest L_union+C_union among eligible 7-25-run events; first candidate with dense rho and tau support,a,candidate_boundary_example,,,,,,,,,,,,,,,,,,,,
WA_Centurion20172018CRO15321_GPSdata_RS.xlsx,0.0,2018-02-20 03:04:00,-45.3784945136,39.419364136800006,2577.0,2577.0,2577.0,0.0,-1.624545296728846,2577.0,WA_Centurion20172018CRO15321_GPSdata_RS.xlsx|0|canonical_global_window|1|100.0|100,2577.0,0.0,0.0,0.0,1.0,0.0,38.0,21.984458235901744,True,0.0476190476190476,highest L_union+C_union among eligible 7-25-run events; first candidate with dense rho and tau support,a,candidate_boundary_example,,,,,,,,,,,,,,,,,,,,
WA_Centurion20172018CRO15321_GPSdata_RS.xlsx,0.0,2018-02-20 03:06:00,-45.3873047300813,39.43893454065041,2578.0,2578.0,2578.0,0.0,-1.6152446133445688,2578.0,WA_Centurion20172018CRO15321_GPSdata_RS.xlsx|0|canonical_global_window|1|100.0|100,2578.0,0.0,1.0,0.0,1.0,0.0,40.0,22.48949352647405,True,0.1904761904761904,highest L_union+C_union among eligible 7-25-run events; first candidate with dense rho and tau support,a,candidate_boundary_example,,,,,,,,,,,,,,,,,,,,
WA_Centurion20172018CRO15321_GPSdata_RS.xlsx,0.0,2018-02-20 03:08:00,-45.38948464480001,39.4664773048,2579.0,2579.0,2579.0,0.0,-1.601645387631337,2579.0,WA_Centurion20172018CRO15321_GPSdata_RS.xlsx|0|canonical_global_window|1|100.0|100,2579.0,0.0,0.0,1.0,0.0,1.0,42.0,22.298164505977955,False,,highest L_union+C_union among eligible 7-25-run events; first candidate with dense rho and tau support,a,candidate_boundary_example,,,,,,,,,,,,,,,,,,,,
,,,,,,,,,,,,,,,,,,,,,,,b_d,eligible_record_counterfactual,,,,,,,,,,,,,,,,,,0.0,-0.147009168157424,-0.0986583184257603
,,,,,,,,,,,,,,,,,,,,,,,b_d,eligible_record_counterfactual,,,,,,,,,,,,,,,,,,1.0,-0.1576978980322003,-0.0876453488372093
,,,,,,,,,,,,,,,,,,,,,,,b_d,eligible_record_counterfactual,,,,,,,,,,,,,,,,,,2.0,-0.1478085867620751,-0.10625
,,,,,,,,,,,,,,,,,,,,,,,b_d,eligible_record_counterfactual,,,,,,,,,,,,,,,,,,3.0,-0.1411728533094812,-0.1452985241502683
,,,,,,,,,,,,,,,,,,,,,,,b_d,eligible_record_counterfactual,,,,,,,,,,,,,,,,,,4.0,-0.1420393559928443,-0.1067307692307692
,,,,,,,,,,,,,,,,,,,,,,,b_d,eligible_record_counterfactual,,,,,,,,,,,,,,,,,,5.0,-0.1400603756708408,-0.1089110017889087
,,,,,,,,,,,,,,,,,,,,,,,b_d,eligible_record_counterfactual,,,,,,,,,,,,,,,,,,6.0,-0.1486639087656529,-0.0975346601073345
,,,,,,,,,,,,,,,,,,,,,,,b_d,eligible_record_counterfactual,,,,,,,,,,,,,,,,,,7.0,-0.154695885509839,-0.127974060822898
,,,,,,,,,,,,,,,,,,,,,,,b_d,eligible_record_counterfactual,,,,,,,,,,,,,,,,,,8.0,-0.1391435599284436,-0.1146690518783542
,,,,,,,,,,,,,,,,,,,,,,,b_d,eligible_record_counterfactual,,,,,,,,,,,,,,,,,,9.0,-0.1433474955277281,-0.1069599731663685
,,,,,,,,,,,,,,,,,,,,,,,b_d,eligible_record_counterfactual,,,,,,,,,,,,,,,,,,10.0,-0.1362030411449016,-0.0945550089445438
,,,,,,,,,,,,,,,,,,,,,,,b_d,eligible_record_counterfactual,,,,,,,,,,,,,,,,,,11.0,-0.1558586762075134,-0.0980713327370304
,,,,,,,,,,,,,,,,,,,,,,,b_d,eligible_record_counterfactual,,,,,,,,,,,,,,,,,,12.0,-0.1489210644007156,-0.1172517889087656
,,,,,,,,,,,,,,,,,,,,,,,b_d,eligible_record_counterfactual,,,,,,,,,,,,,,,,,,13.0,-0.1514982110912343,-0.08716457960644
,,,,,,,,,,,,,,,,,,,,,,,b_d,eligible_record_counterfactual,,,,,,,,,,,,,,,,,,14.0,-0.1369800983899821,-0.1431015205724508
,,,,,,,,,,,,,,,,,,,,,,,b_d,eligible_record_counterfactual,,,,,,,,,,,,,,,,,,15.0,-0.1600793828264758,-0.1032983005366726
,,,,,,,,,,,,,,,,,,,,,,,b_d,eligible_record_counterfactual,,,,,,,,,,,,,,,,,,16.0,-0.1446276833631485,-0.1028790250447227
,,,,,,,,,,,,,,,,,,,,,,,b_d,eligible_record_counterfactual,,,,,,,,,,,,,,,,,,17.0,-0.128275939177102,-0.1441245527728086
,,,,,,,,,,,,,,,,,,,,,,,b_d,eligible_record_counterfactual,,,,,,,,,,,,,,,,,,18.0,-0.1447003577817531,-0.0865105098389982
,,,,,,,,,,,,,,,,,,,,,,,b_d,eligible_record_counterfactual,,,,,,,,,,,,,,,,,,19.0,-0.1533318425760286,-0.1006149373881932
,,,,,,,,,,,,,,,,,,,,,,,b_d,eligible_record_counterfactual,,,,,,,,,,,,,,,,,,20.0,-0.129729427549195,-0.1151106887298748
,,,,,,,,,,,,,,,,,,,,,,,b_d,eligible_record_counterfactual,,,,,,,,,,,,,,,,,,21.0,-0.1398144007155635,-0.1054002683363148
,,,,,,,,,,,,,,,,,,,,,,,b_d,eligible_record_counterfactual,,,,,,,,,,,,,,,,,,22.0,-0.1428275939177102,-0.1005646243291592
,,,,,,,,,,,,,,,,,,,,,,,b_d,eligible_record_counterfactual,,,,,,,,,,,,,,,,,,23.0,-0.1342631932021467,-0.1178723166368515
,,,,,,,,,,,,,,,,,,,,,,,b_d,eligible_record_counterfactual,,,,,,,,,,,,,,,,,,24.0,-0.1488707513416816,-0.0943984794275492
,,,,,,,,,,,,,,,,,,,,,,,b_d,eligible_record_counterfactual,,,,,,,,,,,,,,,,,,25.0,-0.1482893559928444,-0.1255031305903399
,,,,,,,,,,,,,,,,,,,,,,,b_d,eligible_record_counterfactual,,,,,,,,,,,,,,,,,,26.0,-0.146673747763864,-0.1340675313059034
,,,,,,,,,,,,,,,,,,,,,,,b_d,eligible_record_counterfactual,,,,,,,,,,,,,,,,,,27.0,-0.1427996422182469,-0.1195661896243291
,,,,,,,,,,,,,,,,,,,,,,,b_d,eligible_record_counterfactual,,,,,,,,,,,,,,,,,,28.0,-0.1155523255813953,-0.1548188729874776
,,,,,,,,,,,,,,,,,,,,,,,b_d,eligible_record_counterfactual,,,,,,,,,,,,,,,,,,29.0,-0.1562555903398926,-0.1259447674418604
,,,,,,,,,,,,,,,,,,,,,,,b_d,eligible_record_counterfactual,,,,,,,,,,,,,,,,,,30.0,-0.1442139982110912,-0.1102079606440071
,,,,,,,,,,,,,,,,,,,,,,,b_d,eligible_record_counterfactual,,,,,,,,,,,,,,,,,,31.0,-0.1517609570661896,-0.1220203488372093
,,,,,,,,,,,,,,,,,,,,,,,b_d,eligible_record_counterfactual,,,,,,,,,,,,,,,,,,32.0,-0.1467464221824687,-0.1055847495527728
,,,,,,,,,,,,,,,,,,,,,,,b_d,eligible_record_counterfactual,,,,,,,,,,,,,,,,,,33.0,-0.1532647584973166,-0.0916927549194991
,,,,,,,,,,,,,,,,,,,,,,,b_d,eligible_record_counterfactual,,,,,,,,,,,,,,,,,,34.0,-0.1370974955277281,-0.1101744186046511
,,,,,,,,,,,,,,,,,,,,,,,b_d,eligible_record_counterfactual,,,,,,,,,,,,,,,,,,35.0,-0.1653063506261181,-0.0845762522361359
,,,,,,,,,,,,,,,,,,,,,,,b_d,eligible_record_counterfactual,,,,,,,,,,,,,,,,,,36.0,-0.1513416815742397,-0.1087377012522361
,,,,,,,,,,,,,,,,,,,,,,,b_d,eligible_record_counterfactual,,,,,,,,,,,,,,,,,,37.0,-0.1323289355992844,-0.1090451699463327
,,,,,,,,,,,,,,,,,,,,,,,b_d,eligible_record_counterfactual,,,,,,,,,,,,,,,,,,38.0,-0.1521522808586762,-0.1103477191413238
,,,,,,,,,,,,,,,,,,,,,,,b_d,eligible_record_counterfactual,,,,,,,,,,,,,,,,,,39.0,-0.1403343023255814,-0.0939568425760286
,,,,,,,,,,,,,,,,,,,,,,,b_d,eligible_record_counterfactual,,,,,,,,,,,,,,,,,,40.0,-0.1509447674418605,-0.1197786225402504
,,,,,,,,,,,,,,,,,,,,,,,b_d,eligible_record_counterfactual,,,,,,,,,,,,,,,,,,41.0,-0.1478980322003578,-0.1064512522361359
,,,,,,,,,,,,,,,,,,,,,,,b_d,eligible_record_counterfactual,,,,,,,,,,,,,,,,,,42.0,-0.145153175313059,-0.0986247763864043
,,,,,,,,,,,,,,,,,,,,,,,b_d,eligible_record_counterfactual,,,,,,,,,,,,,,,,,,43.0,-0.1362142218246869,-0.1117453041144901
,,,,,,,,,,,,,,,,,,,,,,,b_d,eligible_record_counterfactual,,,,,,,,,,,,,,,,,,44.0,-0.1398926654740608,-0.142044946332737
,,,,,,,,,,,,,,,,,,,,,,,b_d,eligible_record_counterfactual,,,,,,,,,,,,,,,,,,45.0,-0.1432133273703041,-0.1164803220035778
,,,,,,,,,,,,,,,,,,,,,,,b_d,eligible_record_counterfactual,,,,,,,,,,,,,,,,,,46.0,-0.1413517441860465,-0.1254863595706619
,,,,,,,,,,,,,,,,,,,,,,,b_d,eligible_record_counterfactual,,,,,,,,,,,,,,,,,,47.0,-0.1380422629695885,-0.1306965563506261
,,,,,,,,,,,,,,,,,,,,,,,b_d,eligible_record_counterfactual,,,,,,,,,,,,,,,,,,48.0,-0.1489657871198569,-0.1091178443649374
,,,,,,,,,,,,,,,,,,,,,,,b_d,eligible_record_counterfactual,,,,,,,,,,,,,,,,,,49.0,-0.1539859123434705,-0.1106663685152057
,,,,,,,,,,,,,,,,,,,,,,,b_d,eligible_record_counterfactual,,,,,,,,,,,,,,,,,,50.0,-0.1486806797853309,-0.0940015652951699
,,,,,,,,,,,,,,,,,,,,,,,b_d,eligible_record_counterfactual,,,,,,,,,,,,,,,,,,51.0,-0.1315798300536673,-0.1321109123434705
,,,,,,,,,,,,,,,,,,,,,,,b_d,eligible_record_counterfactual,,,,,,,,,,,,,,,,,,52.0,-0.160727862254025,-0.1032032647584973
,,,,,,,,,,,,,,,,,,,,,,,b_d,eligible_record_counterfactual,,,,,,,,,,,,,,,,,,53.0,-0.1408374329159213,-0.1100290697674419
,,,,,,,,,,,,,,,,,,,,,,,b_d,eligible_record_counterfactual,,,,,,,,,,,,,,,,,,54.0,-0.1497707960644007,-0.1101520572450805
,,,,,,,,,,,,,,,,,,,,,,,b_d,eligible_record_counterfactual,,,,,,,,,,,,,,,,,,55.0,-0.1494074239713775,-0.1133776833631484
,,,,,,,,,,,,,,,,,,,,,,,b_d,eligible_record_counterfactual,,,,,,,,,,,,,,,,,,56.0,-0.1534324686940966,-0.0882491055456171
,,,,,,,,,,,,,,,,,,,,,,,b_d,eligible_record_counterfactual,,,,,,,,,,,,,,,,,,57.0,-0.1428890876565295,-0.1220035778175313
,,,,,,,,,,,,,,,,,,,,,,,b_d,eligible_record_counterfactual,,,,,,,,,,,,,,,,,,58.0,-0.1674586314847943,-0.0908989266547406
,,,,,,,,,,,,,,,,,,,,,,,b_d,eligible_record_counterfactual,,,,,,,,,,,,,,,,,,59.0,-0.1180735688729875,-0.1286113595706619
,,,,,,,,,,,,,,,,,,,,,,,b_d,eligible_record_counterfactual,,,,,,,,,,,,,,,,,,60.0,-0.1305064847942755,-0.1324016100178891
,,,,,,,,,,,,,,,,,,,,,,,b_d,eligible_record_counterfactual,,,,,,,,,,,,,,,,,,61.0,-0.1353253577817531,-0.1177716905187835
,,,,,,,,,,,,,,,,,,,,,,,b_d,eligible_record_counterfactual,,,,,,,,,,,,,,,,,,62.0,-0.1619800983899821,-0.0861974508050089
,,,,,,,,,,,,,,,,,,,,,,,b_d,eligible_record_counterfactual,,,,,,,,,,,,,,,,,,63.0,-0.1465116279069767,-0.109089892665474
,,,,,,,,,,,,,,,,,,,,,,,b_d,eligible_record_counterfactual,,,,,,,,,,,,,,,,,,64.0,-0.151587656529517,-0.0797573792486583
,,,,,,,,,,,,,,,,,,,,,,,b_d,eligible_record_counterfactual,,,,,,,,,,,,,,,,,,65.0,-0.1536672629695885,-0.1112365831842576
,,,,,,,,,,,,,,,,,,,,,,,b_d,eligible_record_counterfactual,,,,,,,,,,,,,,,,,,66.0,-0.1260845259391771,-0.1210420393559928
,,,,,,,,,,,,,,,,,,,,,,,b_d,eligible_record_counterfactual,,,,,,,,,,,,,,,,,,67.0,-0.1563729874776386,-0.1049194991055456
,,,,,,,,,,,,,,,,,,,,,,,b_d,eligible_record_counterfactual,,,,,,,,,,,,,,,,,,68.0,-0.154846824686941,-0.0933363148479427
,,,,,,,,,,,,,,,,,,,,,,,b_d,eligible_record_counterfactual,,,,,,,,,,,,,,,,,,69.0,-0.129360465116279,-0.1157312164579606
,,,,,,,,,,,,,,,,,,,,,,,b_d,eligible_record_counterfactual,,,,,,,,,,,,,,,,,,70.0,-0.1517944991055456,-0.1060040250447227
,,,,,,,,,,,,,,,,,,,,,,,b_d,eligible_record_counterfactual,,,,,,,,,,,,,,,,,,71.0,-0.1323009838998211,-0.0944040697674418
,,,,,,,,,,,,,,,,,,,,,,,b_d,eligible_record_counterfactual,,,,,,,,,,,,,,,,,,72.0,-0.159425313059034,-0.1085364490161001
,,,,,,,,,,,,,,,,,,,,,,,b_d,eligible_record_counterfactual,,,,,,,,,,,,,,,,,,73.0,-0.1328991502683363,-0.1406361806797853
,,,,,,,,,,,,,,,,,,,,,,,b_d,eligible_record_counterfactual,,,,,,,,,,,,,,,,,,74.0,-0.1494745080500894,-0.087483228980322
,,,,,,,,,,,,,,,,,,,,,,,b_d,eligible_record_counterfactual,,,,,,,,,,,,,,,,,,75.0,-0.1372540250447227,-0.1074407423971377
,,,,,,,,,,,,,,,,,,,,,,,b_d,eligible_record_counterfactual,,,,,,,,,,,,,,,,,,76.0,-0.1392944991055456,-0.1349228533094812
,,,,,,,,,,,,,,,,,,,,,,,b_d,eligible_record_counterfactual,,,,,,,,,,,,,,,,,,77.0,-0.1371645796064401,-0.1270963774597495
,,,,,,,,,,,,,,,,,,,,,,,b_d,eligible_record_counterfactual,,,,,,,,,,,,,,,,,,78.0,-0.1491949910554562,-0.0904013864042934
,,,,,,,,,,,,,,,,,,,,,,,b_d,eligible_record_counterfactual,,,,,,,,,,,,,,,,,,79.0,-0.1496757602862254,-0.0907871198568873
,,,,,,,,,,,,,,,,,,,,,,,b_d,eligible_record_counterfactual,,,,,,,,,,,,,,,,,,80.0,-0.1244297853309481,-0.091810152057245
,,,,,,,,,,,,,,,,,,,,,,,b_d,eligible_record_counterfactual,,,,,,,,,,,,,,,,,,81.0,-0.1600178890876565,-0.0858173076923077
,,,,,,,,,,,,,,,,,,,,,,,b_d,eligible_record_counterfactual,,,,,,,,,,,,,,,,,,82.0,-0.1438114937388193,-0.1222104203935599
,,,,,,,,,,,,,,,,,,,,,,,b_d,eligible_record_counterfactual,,,,,,,,,,,,,,,,,,83.0,-0.1323401162790697,-0.1121198568872987
,,,,,,,,,,,,,,,,,,,,,,,b_d,eligible_record_counterfactual,,,,,,,,,,,,,,,,,,84.0,-0.1365943649373882,-0.1262131037567084
,,,,,,,,,,,,,,,,,,,,,,,b_d,eligible_record_counterfactual,,,,,,,,,,,,,,,,,,85.0,-0.1454159212880143,-0.1209805456171735
,,,,,,,,,,,,,,,,,,,,,,,b_d,eligible_record_counterfactual,,,,,,,,,,,,,,,,,,86.0,-0.1428946779964222,-0.1025771466905187
,,,,,,,,,,,,,,,,,,,,,,,b_d,eligible_record_counterfactual,,,,,,,,,,,,,,,,,,87.0,-0.142212656529517,-0.0909995527728086
,,,,,,,,,,,,,,,,,,,,,,,b_d,eligible_record_counterfactual,,,,,,,,,,,,,,,,,,88.0,-0.1425424865831842,-0.1078488372093023
,,,,,,,,,,,,,,,,,,,,,,,b_d,eligible_record_counterfactual,,,,,,,,,,,,,,,,,,89.0,-0.1427661001788909,-0.1113931127012522
,,,,,,,,,,,,,,,,,,,,,,,b_d,eligible_record_counterfactual,,,,,,,,,,,,,,,,,,90.0,-0.1252515652951699,-0.1200637298747764
,,,,,,,,,,,,,,,,,,,,,,,b_d,eligible_record_counterfactual,,,,,,,,,,,,,,,,,,91.0,-0.1390261627906976,-0.110895572450805
,,,,,,,,,,,,,,,,,,,,,,,b_d,eligible_record_counterfactual,,,,,,,,,,,,,,,,,,92.0,-0.142413908765653,-0.1104259838998211
,,,,,,,,,,,,,,,,,,,,,,,b_d,eligible_record_counterfactual,,,,,,,,,,,,,,,,,,93.0,-0.1425257155635062,-0.106367397137746
,,,,,,,,,,,,,,,,,,,,,,,b_d,eligible_record_counterfactual,,,,,,,,,,,,,,,,,,94.0,-0.1501956618962433,-0.0990887745974955
,,,,,,,,,,,,,,,,,,,,,,,b_d,eligible_record_counterfactual,,,,,,,,,,,,,,,,,,95.0,-0.1479371645796064,-0.117363595706619
,,,,,,,,,,,,,,,,,,,,,,,b_d,eligible_record_counterfactual,,,,,,,,,,,,,,,,,,96.0,-0.141877236135957,-0.1090283989266547
,,,,,,,,,,,,,,,,,,,,,,,b_d,eligible_record_counterfactual,,,,,,,,,,,,,,,,,,97.0,-0.1475961538461538,-0.0784995527728086
,,,,,,,,,,,,,,,,,,,,,,,b_d,eligible_record_counterfactual,,,,,,,,,,,,,,,,,,98.0,-0.1459134615384615,-0.1131261180679785
,,,,,,,,,,,,,,,,,,,,,,,b_d,eligible_record_counterfactual,,,,,,,,,,,,,,,,,,99.0,-0.1332848837209302,-0.1139143559928443
,,,,,,,,,,,,,,,,,,,,,,,b_d,eligible_record_counterfactual,,,,,,,,,,,,,,,,,,100.0,-0.1428946779964222,-0.1185934704830053
,,,,,,,,,,,,,,,,,,,,,,,b_d,eligible_record_counterfactual,,,,,,,,,,,,,,,,,,101.0,-0.1537063953488372,-0.1077426207513417
,,,,,,,,,,,,,,,,,,,,,,,b_d,eligible_record_counterfactual,,,,,,,,,,,,,,,,,,102.0,-0.1526945438282647,-0.0944152504472272
,,,,,,,,,,,,,,,,,,,,,,,b_d,eligible_record_counterfactual,,,,,,,,,,,,,,,,,,103.0,-0.1382099731663685,-0.1222998658318426
,,,,,,,,,,,,,,,,,,,,,,,b_d,eligible_record_counterfactual,,,,,,,,,,,,,,,,,,104.0,-0.1454830053667263,-0.1156641323792486
,,,,,,,,,,,,,,,,,,,,,,,b_d,eligible_record_counterfactual,,,,,,,,,,,,,,,,,,105.0,-0.1432524597495528,-0.1135677549194991
,,,,,,,,,,,,,,,,,,,,,,,b_d,eligible_record_counterfactual,,,,,,,,,,,,,,,,,,106.0,-0.1609402951699463,-0.0781697227191413
,,,,,,,,,,,,,,,,,,,,,,,b_d,eligible_record_counterfactual,,,,,,,,,,,,,,,,,,107.0,-0.1408150715563506,-0.1023758944543828
,,,,,,,,,,,,,,,,,,,,,,,b_d,eligible_record_counterfactual,,,,,,,,,,,,,,,,,,108.0,-0.1382938282647585,-0.1150044722719141
,,,,,,,,,,,,,,,,,,,,,,,b_d,eligible_record_counterfactual,,,,,,,,,,,,,,,,,,109.0,-0.1325749105545617,-0.1213383273703041
,,,,,,,,,,,,,,,,,,,,,,,b_d,eligible_record_counterfactual,,,,,,,,,,,,,,,,,,110.0,-0.1381261180679785,-0.1350458407871199
,,,,,,,,,,,,,,,,,,,,,,,b_d,eligible_record_counterfactual,,,,,,,,,,,,,,,,,,111.0,-0.1632435152057245,-0.0974619856887299
,,,,,,,,,,,,,,,,,,,,,,,b_d,eligible_record_counterfactual,,,,,,,,,,,,,,,,,,112.0,-0.1605601520572451,-0.1071947674418604
,,,,,,,,,,,,,,,,,,,,,,,b_d,eligible_record_counterfactual,,,,,,,,,,,,,,,,,,113.0,-0.1540082737030411,-0.0870583631484794
,,,,,,,,,,,,,,,,,,,,,,,b_d,eligible_record_counterfactual,,,,,,,,,,,,,,,,,,114.0,-0.1417822003577817,-0.1079885957066189
,,,,,,,,,,,,,,,,,,,,,,,b_d,eligible_record_counterfactual,,,,,,,,,,,,,,,,,,115.0,-0.146992397137746,-0.1080500894454383
,,,,,,,,,,,,,,,,,,,,,,,b_d,eligible_record_counterfactual,,,,,,,,,,,,,,,,,,116.0,-0.1367788461538461,-0.1373881932021467
,,,,,,,,,,,,,,,,,,,,,,,b_d,eligible_record_counterfactual,,,,,,,,,,,,,,,,,,117.0,-0.1509950805008944,-0.0976241055456171
,,,,,,,,,,,,,,,,,,,,,,,b_d,eligible_record_counterfactual,,,,,,,,,,,,,,,,,,118.0,-0.1344868067978533,-0.1327817531305903
,,,,,,,,,,,,,,,,,,,,,,,b_d,eligible_record_counterfactual,,,,,,,,,,,,,,,,,,119.0,-0.1474619856887299,-0.0884112254025044
,,,,,,,,,,,,,,,,,,,,,,,b_d,eligible_record_counterfactual,,,,,,,,,,,,,,,,,,120.0,-0.137298747763864,-0.0958687388193202
,,,,,,,,,,,,,,,,,,,,,,,b_d,eligible_record_counterfactual,,,,,,,,,,,,,,,,,,121.0,-0.1567531305903399,-0.1089110017889087
,,,,,,,,,,,,,,,,,,,,,,,b_d,eligible_record_counterfactual,,,,,,,,,,,,,,,,,,122.0,-0.1602135509838998,-0.0896578711985688
,,,,,,,,,,,,,,,,,,,,,,,b_d,eligible_record_counterfactual,,,,,,,,,,,,,,,,,,123.0,-0.1272137745974955,-0.1033821556350626
,,,,,,,,,,,,,,,,,,,,,,,b_d,eligible_record_counterfactual,,,,,,,,,,,,,,,,,,124.0,-0.1329494633273703,-0.1022193649373882
,,,,,,,,,,,,,,,,,,,,,,,b_d,eligible_record_counterfactual,,,,,,,,,,,,,,,,,,125.0,-0.1378969141323792,-0.1243571109123434
,,,,,,,,,,,,,,,,,,,,,,,b_d,eligible_record_counterfactual,,,,,,,,,,,,,,,,,,126.0,-0.1470371198568873,-0.0896914132379248
,,,,,,,,,,,,,,,,,,,,,,,b_d,eligible_record_counterfactual,,,,,,,,,,,,,,,,,,127.0,-0.1535834078711986,-0.1003801431127012
,,,,,,,,,,,,,,,,,,,,,,,b_d,eligible_record_counterfactual,,,,,,,,,,,,,,,,,,128.0,-0.1538070214669052,-0.109307915921288
,,,,,,,,,,,,,,,,,,,,,,,b_d,eligible_record_counterfactual,,,,,,,,,,,,,,,,,,129.0,-0.1574575134168157,-0.1086091234347048
,,,,,,,,,,,,,,,,,,,,,,,b_d,eligible_record_counterfactual,,,,,,,,,,,,,,,,,,130.0,-0.1408038908765653,-0.1223893112701252
,,,,,,,,,,,,,,,,,,,,,,,b_d,eligible_record_counterfactual,,,,,,,,,,,,,,,,,,131.0,-0.1219141323792486,-0.1334134615384615
,,,,,,,,,,,,,,,,,,,,,,,b_d,eligible_record_counterfactual,,,,,,,,,,,,,,,,,,132.0,-0.135996198568873,-0.0746254472271914
,,,,,,,,,,,,,,,,,,,,,,,b_d,eligible_record_counterfactual,,,,,,,,,,,,,,,,,,133.0,-0.1417095259391771,-0.1258329606440071
,,,,,,,,,,,,,,,,,,,,,,,b_d,eligible_record_counterfactual,,,,,,,,,,,,,,,,,,134.0,-0.1280467352415027,-0.1096992397137746
,,,,,,,,,,,,,,,,,,,,,,,b_d,eligible_record_counterfactual,,,,,,,,,,,,,,,,,,135.0,-0.1539803220035778,-0.099681350626118
,,,,,,,,,,,,,,,,,,,,,,,b_d,eligible_record_counterfactual,,,,,,,,,,,,,,,,,,136.0,-0.132804114490161,-0.1095650715563506
,,,,,,,,,,,,,,,,,,,,,,,b_d,eligible_record_counterfactual,,,,,,,,,,,,,,,,,,137.0,-0.154477862254025,-0.1080221377459749
,,,,,,,,,,,,,,,,,,,,,,,b_d,eligible_record_counterfactual,,,,,,,,,,,,,,,,,,138.0,-0.1477191413237925,-0.0863707513416815
,,,,,,,,,,,,,,,,,,,,,,,b_d,eligible_record_counterfactual,,,,,,,,,,,,,,,,,,139.0,-0.1602862254025045,-0.1077146690518783
,,,,,,,,,,,,,,,,,,,,,,,b_d,eligible_record_counterfactual,,,,,,,,,,,,,,,,,,140.0,-0.1551878354203935,-0.1051878354203935
,,,,,,,,,,,,,,,,,,,,,,,b_d,eligible_record_counterfactual,,,,,,,,,,,,,,,,,,141.0,-0.1336650268336315,-0.1375447227191413
,,,,,,,,,,,,,,,,,,,,,,,b_d,eligible_record_counterfactual,,,,,,,,,,,,,,,,,,142.0,-0.1432077370304114,-0.1126397584973166
,,,,,,,,,,,,,,,,,,,,,,,b_d,eligible_record_counterfactual,,,,,,,,,,,,,,,,,,143.0,-0.1397081842576028,-0.1171511627906976
,,,,,,,,,,,,,,,,,,,,,,,b_d,eligible_record_counterfactual,,,,,,,,,,,,,,,,,,144.0,-0.1448512969588551,-0.0966178443649374
,,,,,,,,,,,,,,,,,,,,,,,b_d,eligible_record_counterfactual,,,,,,,,,,,,,,,,,,145.0,-0.1522361359570662,-0.1115831842576028
,,,,,,,,,,,,,,,,,,,,,,,b_d,eligible_record_counterfactual,,,,,,,,,,,,,,,,,,146.0,-0.1349899373881932,-0.1180903398926655
,,,,,,,,,,,,,,,,,,,,,,,b_d,eligible_record_counterfactual,,,,,,,,,,,,,,,,,,147.0,-0.1273479427549195,-0.1209805456171735
,,,,,,,,,,,,,,,,,,,,,,,b_d,eligible_record_counterfactual,,,,,,,,,,,,,,,,,,148.0,-0.1486024150268336,-0.1324966457960644
,,,,,,,,,,,,,,,,,,,,,,,b_d,eligible_record_counterfactual,,,,,,,,,,,,,,,,,,149.0,-0.137231663685152,-0.0952482110912343
,,,,,,,,,,,,,,,,,,,,,,,b_d,eligible_record_counterfactual,,,,,,,,,,,,,,,,,,150.0,-0.1456283542039356,-0.1347495527728086
,,,,,,,,,,,,,,,,,,,,,,,b_d,eligible_record_counterfactual,,,,,,,,,,,,,,,,,,151.0,-0.1343638193202146,-0.1097271914132379
,,,,,,,,,,,,,,,,,,,,,,,b_d,eligible_record_counterfactual,,,,,,,,,,,,,,,,,,152.0,-0.1349843470483005,-0.1103644901610018
,,,,,,,,,,,,,,,,,,,,,,,b_d,eligible_record_counterfactual,,,,,,,,,,,,,,,,,,153.0,-0.1474731663685152,-0.0926542933810375
,,,,,,,,,,,,,,,,,,,,,,,b_d,eligible_record_counterfactual,,,,,,,,,,,,,,,,,,154.0,-0.1323233452593918,-0.1364266547406082
,,,,,,,,,,,,,,,,,,,,,,,b_d,eligible_record_counterfactual,,,,,,,,,,,,,,,,,,155.0,-0.1427101967799642,-0.1275268336314848
,,,,,,,,,,,,,,,,,,,,,,,b_d,eligible_record_counterfactual,,,,,,,,,,,,,,,,,,156.0,-0.1368012075134168,-0.1242061717352415
,,,,,,,,,,,,,,,,,,,,,,,b_d,eligible_record_counterfactual,,,,,,,,,,,,,,,,,,157.0,-0.1290250447227191,-0.1215507602862254
,,,,,,,,,,,,,,,,,,,,,,,b_d,eligible_record_counterfactual,,,,,,,,,,,,,,,,,,158.0,-0.1413293828264758,-0.0940798300536672
,,,,,,,,,,,,,,,,,,,,,,,b_d,eligible_record_counterfactual,,,,,,,,,,,,,,,,,,159.0,-0.1518056797853309,-0.090675313059034
,,,,,,,,,,,,,,,,,,,,,,,b_d,eligible_record_counterfactual,,,,,,,,,,,,,,,,,,160.0,-0.1429394007155635,-0.1208296064400715
,,,,,,,,,,,,,,,,,,,,,,,b_d,eligible_record_counterfactual,,,,,,,,,,,,,,,,,,161.0,-0.1412008050089445,-0.1151330500894454
,,,,,,,,,,,,,,,,,,,,,,,b_d,eligible_record_counterfactual,,,,,,,,,,,,,,,,,,162.0,-0.1536952146690519,-0.0916592128801431
,,,,,,,,,,,,,,,,,,,,,,,b_d,eligible_record_counterfactual,,,,,,,,,,,,,,,,,,163.0,-0.1597271914132379,-0.115608228980322
,,,,,,,,,,,,,,,,,,,,,,,b_d,eligible_record_counterfactual,,,,,,,,,,,,,,,,,,164.0,-0.1439400715563506,-0.1052716905187835
,,,,,,,,,,,,,,,,,,,,,,,b_d,eligible_record_counterfactual,,,,,,,,,,,,,,,,,,165.0,-0.1343470483005367,-0.1227079606440071
,,,,,,,,,,,,,,,,,,,,,,,b_d,eligible_record_counterfactual,,,,,,,,,,,,,,,,,,166.0,-0.1444823345259392,-0.1217352415026833
,,,,,,,,,,,,,,,,,,,,,,,b_d,eligible_record_counterfactual,,,,,,,,,,,,,,,,,,167.0,-0.1537734794275492,-0.1223949016100179
,,,,,,,,,,,,,,,,,,,,,,,b_d,eligible_record_counterfactual,,,,,,,,,,,,,,,,,,168.0,-0.1456004025044723,-0.1009671288014311
,,,,,,,,,,,,,,,,,,,,,,,b_d,eligible_record_counterfactual,,,,,,,,,,,,,,,,,,169.0,-0.154612030411449,-0.0772529069767442
,,,,,,,,,,,,,,,,,,,,,,,b_d,eligible_record_counterfactual,,,,,,,,,,,,,,,,,,170.0,-0.1687723613595707,-0.1101744186046511
,,,,,,,,,,,,,,,,,,,,,,,b_d,eligible_record_counterfactual,,,,,,,,,,,,,,,,,,171.0,-0.1457737030411449,-0.0948121645796064
,,,,,,,,,,,,,,,,,,,,,,,b_d,eligible_record_counterfactual,,,,,,,,,,,,,,,,,,172.0,-0.1433810375670841,-0.1070941413237925
,,,,,,,,,,,,,,,,,,,,,,,b_d,eligible_record_counterfactual,,,,,,,,,,,,,,,,,,173.0,-0.1455892218246869,-0.1190406976744186
,,,,,,,,,,,,,,,,,,,,,,,b_d,eligible_record_counterfactual,,,,,,,,,,,,,,,,,,174.0,-0.1514311270125224,-0.0941916368515205
,,,,,,,,,,,,,,,,,,,,,,,b_d,eligible_record_counterfactual,,,,,,,,,,,,,,,,,,175.0,-0.1544499105545617,-0.115423747763864
,,,,,,,,,,,,,,,,,,,,,,,b_d,eligible_record_counterfactual,,,,,,,,,,,,,,,,,,176.0,-0.1477638640429338,-0.1165697674418605
,,,,,,,,,,,,,,,,,,,,,,,b_d,eligible_record_counterfactual,,,,,,,,,,,,,,,,,,177.0,-0.1369689177101968,-0.1133832737030411
,,,,,,,,,,,,,,,,,,,,,,,b_d,eligible_record_counterfactual,,,,,,,,,,,,,,,,,,178.0,-0.137617397137746,-0.0869297853309481
,,,,,,,,,,,,,,,,,,,,,,,b_d,eligible_record_counterfactual,,,,,,,,,,,,,,,,,,179.0,-0.1450693202146691,-0.120220259391771
,,,,,,,,,,,,,,,,,,,,,,,b_d,eligible_record_counterfactual,,,,,,,,,,,,,,,,,,180.0,-0.1413405635062612,-0.118531976744186
,,,,,,,,,,,,,,,,,,,,,,,b_d,eligible_record_counterfactual,,,,,,,,,,,,,,,,,,181.0,-0.1621645796064401,-0.1271075581395349
,,,,,,,,,,,,,,,,,,,,,,,b_d,eligible_record_counterfactual,,,,,,,,,,,,,,,,,,182.0,-0.143766771019678,-0.1112477638640429
,,,,,,,,,,,,,,,,,,,,,,,b_d,eligible_record_counterfactual,,,,,,,,,,,,,,,,,,183.0,-0.1417542486583184,-0.1448177549194991
,,,,,,,,,,,,,,,,,,,,,,,b_d,eligible_record_counterfactual,,,,,,,,,,,,,,,,,,184.0,-0.1494353756708408,-0.1038908765652951
,,,,,,,,,,,,,,,,,,,,,,,b_d,eligible_record_counterfactual,,,,,,,,,,,,,,,,,,185.0,-0.1340116279069767,-0.1113092576028622
,,,,,,,,,,,,,,,,,,,,,,,b_d,eligible_record_counterfactual,,,,,,,,,,,,,,,,,,186.0,-0.1443649373881932,-0.1228309481216458
,,,,,,,,,,,,,,,,,,,,,,,b_d,eligible_record_counterfactual,,,,,,,,,,,,,,,,,,187.0,-0.1473222271914132,-0.0950245974955277
,,,,,,,,,,,,,,,,,,,,,,,b_d,eligible_record_counterfactual,,,,,,,,,,,,,,,,,,188.0,-0.1274038461538461,-0.0895069320214669
,,,,,,,,,,,,,,,,,,,,,,,b_d,eligible_record_counterfactual,,,,,,,,,,,,,,,,,,189.0,-0.115440518783542,-0.1242844364937388
,,,,,,,,,,,,,,,,,,,,,,,b_d,eligible_record_counterfactual,,,,,,,,,,,,,,,,,,190.0,-0.1415641771019678,-0.1096209749552773
,,,,,,,,,,,,,,,,,,,,,,,b_d,eligible_record_counterfactual,,,,,,,,,,,,,,,,,,191.0,-0.1401554114490161,-0.127990831842576
,,,,,,,,,,,,,,,,,,,,,,,b_d,eligible_record_counterfactual,,,,,,,,,,,,,,,,,,192.0,-0.1425201252236136,-0.1029013864042933
,,,,,,,,,,,,,,,,,,,,,,,b_d,eligible_record_counterfactual,,,,,,,,,,,,,,,,,,193.0,-0.1570326475849731,-0.0864490161001789
,,,,,,,,,,,,,,,,,,,,,,,b_d,eligible_record_counterfactual,,,,,,,,,,,,,,,,,,194.0,-0.1405467352415027,-0.1146466905187835
,,,,,,,,,,,,,,,,,,,,,,,b_d,eligible_record_counterfactual,,,,,,,,,,,,,,,,,,195.0,-0.1316860465116279,-0.1460588103756708
,,,,,,,,,,,,,,,,,,,,,,,b_d,eligible_record_counterfactual,,,,,,,,,,,,,,,,,,196.0,-0.1406697227191413,-0.1050145348837209
,,,,,,,,,,,,,,,,,,,,,,,b_d,eligible_record_counterfactual,,,,,,,,,,,,,,,,,,197.0,-0.151705053667263,-0.093682915921288
,,,,,,,,,,,,,,,,,,,,,,,b_d,eligible_record_counterfactual,,,,,,,,,,,,,,,,,,198.0,-0.1343526386404293,-0.1181741949910554
,,,,,,,,,,,,,,,,,,,,,,,b_d,eligible_record_counterfactual,,,,,,,,,,,,,,,,,,199.0,-0.1498881932021467,-0.1003354203935599
,,,,,,,,,,,,,,,,,,,,,,,b_d,eligible_record_counterfactual,,,,,,,,,,,,,,,,,,200.0,-0.132854427549195,-0.118632602862254
,,,,,,,,,,,,,,,,,,,,,,,b_d,eligible_record_counterfactual,,,,,,,,,,,,,,,,,,201.0,-0.148227862254025,-0.1079103309481216
,,,,,,,,,,,,,,,,,,,,,,,b_d,eligible_record_counterfactual,,,,,,,,,,,,,,,,,,202.0,-0.1502739266547406,-0.0913126118067978
,,,,,,,,,,,,,,,,,,,,,,,b_d,eligible_record_counterfactual,,,,,,,,,,,,,,,,,,203.0,-0.1476688282647585,-0.0938618067978533
,,,,,,,,,,,,,,,,,,,,,,,b_d,eligible_record_counterfactual,,,,,,,,,,,,,,,,,,204.0,-0.1305512075134168,-0.1104148032200358
,,,,,,,,,,,,,,,,,,,,,,,b_d,eligible_record_counterfactual,,,,,,,,,,,,,,,,,,205.0,-0.1428108228980322,-0.1276274597495528
,,,,,,,,,,,,,,,,,,,,,,,b_d,eligible_record_counterfactual,,,,,,,,,,,,,,,,,,206.0,-0.1507323345259392,-0.0906864937388193
,,,,,,,,,,,,,,,,,,,,,,,b_d,eligible_record_counterfactual,,,,,,,,,,,,,,,,,,207.0,-0.1350737924865832,-0.1043492844364937
,,,,,,,,,,,,,,,,,,,,,,,b_d,eligible_record_counterfactual,,,,,,,,,,,,,,,,,,208.0,-0.1402224955277281,-0.1292933810375671
,,,,,,,,,,,,,,,,,,,,,,,b_d,eligible_record_counterfactual,,,,,,,,,,,,,,,,,,209.0,-0.1355769230769231,-0.1357725849731664
,,,,,,,,,,,,,,,,,,,,,,,b_d,eligible_record_counterfactual,,,,,,,,,,,,,,,,,,210.0,-0.1353029964221825,-0.1260174418604651
,,,,,,,,,,,,,,,,,,,,,,,b_d,eligible_record_counterfactual,,,,,,,,,,,,,,,,,,211.0,-0.152856663685152,-0.1265988372093023
,,,,,,,,,,,,,,,,,,,,,,,b_d,eligible_record_counterfactual,,,,,,,,,,,,,,,,,,212.0,-0.1441245527728086,-0.0895013416815742
,,,,,,,,,,,,,,,,,,,,,,,b_d,eligible_record_counterfactual,,,,,,,,,,,,,,,,,,213.0,-0.1322730322003578,-0.1388640429338103
,,,,,,,,,,,,,,,,,,,,,,,b_d,eligible_record_counterfactual,,,,,,,,,,,,,,,,,,214.0,-0.1509671288014311,-0.102906976744186
,,,,,,,,,,,,,,,,,,,,,,,b_d,eligible_record_counterfactual,,,,,,,,,,,,,,,,,,215.0,-0.1410498658318426,-0.113785778175313
,,,,,,,,,,,,,,,,,,,,,,,b_d,eligible_record_counterfactual,,,,,,,,,,,,,,,,,,216.0,-0.1411896243291592,-0.1180679785330948
,,,,,,,,,,,,,,,,,,,,,,,b_d,eligible_record_counterfactual,,,,,,,,,,,,,,,,,,217.0,-0.1503745527728086,-0.1041368515205724
,,,,,,,,,,,,,,,,,,,,,,,b_d,eligible_record_counterfactual,,,,,,,,,,,,,,,,,,218.0,-0.1528398926654741,-0.1032312164579606
,,,,,,,,,,,,,,,,,,,,,,,b_d,eligible_record_counterfactual,,,,,,,,,,,,,,,,,,219.0,-0.129427549194991,-0.1188506261180679
,,,,,,,,,,,,,,,,,,,,,,,b_d,eligible_record_counterfactual,,,,,,,,,,,,,,,,,,220.0,-0.1522081842576028,-0.0902839892665474
,,,,,,,,,,,,,,,,,,,,,,,b_d,eligible_record_counterfactual,,,,,,,,,,,,,,,,,,221.0,-0.1403454830053667,-0.1177940518783542
,,,,,,,,,,,,,,,,,,,,,,,b_d,eligible_record_counterfactual,,,,,,,,,,,,,,,,,,222.0,-0.1539188282647585,-0.1036113595706619
,,,,,,,,,,,,,,,,,,,,,,,b_d,eligible_record_counterfactual,,,,,,,,,,,,,,,,,,223.0,-0.135979427549195,-0.126369633273703
,,,,,,,,,,,,,,,,,,,,,,,b_d,eligible_record_counterfactual,,,,,,,,,,,,,,,,,,224.0,-0.1316357334525939,-0.1469812164579606
,,,,,,,,,,,,,,,,,,,,,,,b_d,eligible_record_counterfactual,,,,,,,,,,,,,,,,,,225.0,-0.143867397137746,-0.1255087209302325
,,,,,,,,,,,,,,,,,,,,,,,b_d,eligible_record_counterfactual,,,,,,,,,,,,,,,,,,226.0,-0.1274485688729875,-0.1337041592128801
,,,,,,,,,,,,,,,,,,,,,,,b_d,eligible_record_counterfactual,,,,,,,,,,,,,,,,,,227.0,-0.1374720483005367,-0.1143392218246869
,,,,,,,,,,,,,,,,,,,,,,,b_d,eligible_record_counterfactual,,,,,,,,,,,,,,,,,,228.0,-0.149865831842576,-0.1293828264758497
,,,,,,,,,,,,,,,,,,,,,,,b_d,eligible_record_counterfactual,,,,,,,,,,,,,,,,,,229.0,-0.1350346601073345,-0.1046735241502683
,,,,,,,,,,,,,,,,,,,,,,,b_d,eligible_record_counterfactual,,,,,,,,,,,,,,,,,,230.0,-0.1551934257602862,-0.1111527280858676
,,,,,,,,,,,,,,,,,,,,,,,b_d,eligible_record_counterfactual,,,,,,,,,,,,,,,,,,231.0,-0.1512745974955277,-0.1154181574239714
,,,,,,,,,,,,,,,,,,,,,,,b_d,eligible_record_counterfactual,,,,,,,,,,,,,,,,,,232.0,-0.1526777728085868,-0.1127739266547406
,,,,,,,,,,,,,,,,,,,,,,,b_d,eligible_record_counterfactual,,,,,,,,,,,,,,,,,,233.0,-0.1301654740608229,-0.1246142665474061
,,,,,,,,,,,,,,,,,,,,,,,b_d,eligible_record_counterfactual,,,,,,,,,,,,,,,,,,234.0,-0.1460364490161002,-0.0872428443649374
,,,,,,,,,,,,,,,,,,,,,,,b_d,eligible_record_counterfactual,,,,,,,,,,,,,,,,,,235.0,-0.1375111806797853,-0.118599060822898
,,,,,,,,,,,,,,,,,,,,,,,b_d,eligible_record_counterfactual,,,,,,,,,,,,,,,,,,236.0,-0.1528957960644007,-0.0971545169946332
,,,,,,,,,,,,,,,,,,,,,,,b_d,eligible_record_counterfactual,,,,,,,,,,,,,,,,,,237.0,-0.1342352415026834,-0.0980489713774597
,,,,,,,,,,,,,,,,,,,,,,,b_d,eligible_record_counterfactual,,,,,,,,,,,,,,,,,,238.0,-0.1367956171735241,-0.1344979874776386
,,,,,,,,,,,,,,,,,,,,,,,b_d,eligible_record_counterfactual,,,,,,,,,,,,,,,,,,239.0,-0.1409771914132379,-0.1070158765652951
,,,,,,,,,,,,,,,,,,,,,,,b_d,eligible_record_counterfactual,,,,,,,,,,,,,,,,,,240.0,-0.1555791592128801,-0.1113204382826476
,,,,,,,,,,,,,,,,,,,,,,,b_d,eligible_record_counterfactual,,,,,,,,,,,,,,,,,,241.0,-0.1345427101967799,-0.115675313059034
,,,,,,,,,,,,,,,,,,,,,,,b_d,eligible_record_counterfactual,,,,,,,,,,,,,,,,,,242.0,-0.1315295169946332,-0.1157871198568873
,,,,,,,,,,,,,,,,,,,,,,,b_d,eligible_record_counterfactual,,,,,,,,,,,,,,,,,,243.0,-0.1470483005366726,-0.1156641323792486
,,,,,,,,,,,,,,,,,,,,,,,b_d,eligible_record_counterfactual,,,,,,,,,,,,,,,,,,244.0,-0.139020572450805,-0.1008273703041145
,,,,,,,,,,,,,,,,,,,,,,,b_d,eligible_record_counterfactual,,,,,,,,,,,,,,,,,,245.0,-0.131317084078712,-0.0936046511627907
,,,,,,,,,,,,,,,,,,,,,,,b_d,eligible_record_counterfactual,,,,,,,,,,,,,,,,,,246.0,-0.1304058586762075,-0.1191804561717352
,,,,,,,,,,,,,,,,,,,,,,,b_d,eligible_record_counterfactual,,,,,,,,,,,,,,,,,,247.0,-0.1540362254025045,-0.1015093917710197
,,,,,,,,,,,,,,,,,,,,,,,b_d,eligible_record_counterfactual,,,,,,,,,,,,,,,,,,248.0,-0.1471433363148479,-0.0854371645796064
,,,,,,,,,,,,,,,,,,,,,,,b_d,eligible_record_counterfactual,,,,,,,,,,,,,,,,,,249.0,-0.1480601520572451,-0.1192699016100179
,,,,,,,,,,,,,,,,,,,,,,,b_d,eligible_record_counterfactual,,,,,,,,,,,,,,,,,,250.0,-0.1336091234347048,-0.11554114490161
,,,,,,,,,,,,,,,,,,,,,,,b_d,eligible_record_counterfactual,,,,,,,,,,,,,,,,,,251.0,-0.1367341234347048,-0.1153454830053667
,,,,,,,,,,,,,,,,,,,,,,,b_d,eligible_record_counterfactual,,,,,,,,,,,,,,,,,,252.0,-0.1444208407871199,-0.1157200357781753
,,,,,,,,,,,,,,,,,,,,,,,b_d,eligible_record_counterfactual,,,,,,,,,,,,,,,,,,253.0,-0.1484347048300537,-0.0980936940966011
,,,,,,,,,,,,,,,,,,,,,,,b_d,eligible_record_counterfactual,,,,,,,,,,,,,,,,,,254.0,-0.1386851520572451,-0.1362254025044723
,,,,,,,,,,,,,,,,,,,,,,,b_d,eligible_record_counterfactual,,,,,,,,,,,,,,,,,,255.0,-0.1464389534883721,-0.1268727638640429
,,,,,,,,,,,,,,,,,,,,,,,b_d,eligible_record_counterfactual,,,,,,,,,,,,,,,,,,256.0,-0.149882602862254,-0.0949798747763864
,,,,,,,,,,,,,,,,,,,,,,,b_d,eligible_record_counterfactual,,,,,,,,,,,,,,,,,,257.0,-0.1448401162790697,-0.1002906976744186
,,,,,,,,,,,,,,,,,,,,,,,b_d,eligible_record_counterfactual,,,,,,,,,,,,,,,,,,258.0,-0.1382435152057245,-0.1021411001788908
,,,,,,,,,,,,,,,,,,,,,,,b_d,eligible_record_counterfactual,,,,,,,,,,,,,,,,,,259.0,-0.1451308139534884,-0.1032256261180679
,,,,,,,,,,,,,,,,,,,,,,,b_d,eligible_record_counterfactual,,,,,,,,,,,,,,,,,,260.0,-0.1455109570661896,-0.1178779069767442
,,,,,,,,,,,,,,,,,,,,,,,b_d,eligible_record_counterfactual,,,,,,,,,,,,,,,,,,261.0,-0.1338606887298748,-0.1272864490161002
,,,,,,,,,,,,,,,,,,,,,,,b_d,eligible_record_counterfactual,,,,,,,,,,,,,,,,,,262.0,-0.1374273255813953,-0.1116167262969588
,,,,,,,,,,,,,,,,,,,,,,,b_d,eligible_record_counterfactual,,,,,,,,,,,,,,,,,,263.0,-0.1382546958855098,-0.0952593917710196
,,,,,,,,,,,,,,,,,,,,,,,b_d,eligible_record_counterfactual,,,,,,,,,,,,,,,,,,264.0,-0.148596824686941,-0.1150771466905188
,,,,,,,,,,,,,,,,,,,,,,,b_d,eligible_record_counterfactual,,,,,,,,,,,,,,,,,,265.0,-0.1397529069767442,-0.1190854203935599
,,,,,,,,,,,,,,,,,,,,,,,b_d,eligible_record_counterfactual,,,,,,,,,,,,,,,,,,266.0,-0.142011404293381,-0.1006261180679785
,,,,,,,,,,,,,,,,,,,,,,,b_d,eligible_record_counterfactual,,,,,,,,,,,,,,,,,,267.0,-0.1442251788908765,-0.1373434704830053
,,,,,,,,,,,,,,,,,,,,,,,b_d,eligible_record_counterfactual,,,,,,,,,,,,,,,,,,268.0,-0.1335196779964222,-0.123060152057245
,,,,,,,,,,,,,,,,,,,,,,,b_d,eligible_record_counterfactual,,,,,,,,,,,,,,,,,,269.0,-0.1381764311270125,-0.1271914132379248
,,,,,,,,,,,,,,,,,,,,,,,b_d,eligible_record_counterfactual,,,,,,,,,,,,,,,,,,270.0,-0.1384056350626118,-0.1134112254025044
,,,,,,,,,,,,,,,,,,,,,,,b_d,eligible_record_counterfactual,,,,,,,,,,,,,,,,,,271.0,-0.1410107334525939,-0.1085196779964221
,,,,,,,,,,,,,,,,,,,,,,,b_d,eligible_record_counterfactual,,,,,,,,,,,,,,,,,,272.0,-0.1477918157423971,-0.1049642218246869
,,,,,,,,,,,,,,,,,,,,,,,b_d,eligible_record_counterfactual,,,,,,,,,,,,,,,,,,273.0,-0.1484402951699463,-0.0952761627906976
,,,,,,,,,,,,,,,,,,,,,,,b_d,eligible_record_counterfactual,,,,,,,,,,,,,,,,,,274.0,-0.1484682468694096,-0.1084302325581395
,,,,,,,,,,,,,,,,,,,,,,,b_d,eligible_record_counterfactual,,,,,,,,,,,,,,,,,,275.0,-0.1450637298747764,-0.0847439624329159
,,,,,,,,,,,,,,,,,,,,,,,b_d,eligible_record_counterfactual,,,,,,,,,,,,,,,,,,276.0,-0.1660275044722719,-0.0838271466905188
,,,,,,,,,,,,,,,,,,,,,,,b_d,eligible_record_counterfactual,,,,,,,,,,,,,,,,,,277.0,-0.1596824686940966,-0.1074463327370304
,,,,,,,,,,,,,,,,,,,,,,,b_d,eligible_record_counterfactual,,,,,,,,,,,,,,,,,,278.0,-0.1286337209302325,-0.1111359570661896
,,,,,,,,,,,,,,,,,,,,,,,b_d,eligible_record_counterfactual,,,,,,,,,,,,,,,,,,279.0,-0.1376621198568873,-0.1132994186046511
,,,,,,,,,,,,,,,,,,,,,,,b_d,eligible_record_counterfactual,,,,,,,,,,,,,,,,,,280.0,-0.1521970035778175,-0.0867341234347048
,,,,,,,,,,,,,,,,,,,,,,,b_d,eligible_record_counterfactual,,,,,,,,,,,,,,,,,,281.0,-0.1513808139534884,-0.1057300983899821
,,,,,,,,,,,,,,,,,,,,,,,b_d,eligible_record_counterfactual,,,,,,,,,,,,,,,,,,282.0,-0.1472439624329159,-0.0965116279069767
,,,,,,,,,,,,,,,,,,,,,,,b_d,eligible_record_counterfactual,,,,,,,,,,,,,,,,,,283.0,-0.1414132379248658,-0.1163293828264758
,,,,,,,,,,,,,,,,,,,,,,,b_d,eligible_record_counterfactual,,,,,,,,,,,,,,,,,,284.0,-0.1347607334525939,-0.1285610465116279
,,,,,,,,,,,,,,,,,,,,,,,b_d,eligible_record_counterfactual,,,,,,,,,,,,,,,,,,285.0,-0.1588327370304114,-0.0994968694096601
,,,,,,,,,,,,,,,,,,,,,,,b_d,eligible_record_counterfactual,,,,,,,,,,,,,,,,,,286.0,-0.1514814400715563,-0.1135118515205724
,,,,,,,,,,,,,,,,,,,,,,,b_d,eligible_record_counterfactual,,,,,,,,,,,,,,,,,,287.0,-0.1492453041144902,-0.106115831842576
,,,,,,,,,,,,,,,,,,,,,,,b_d,eligible_record_counterfactual,,,,,,,,,,,,,,,,,,288.0,-0.1370974955277281,-0.1301207513416816
,,,,,,,,,,,,,,,,,,,,,,,b_d,eligible_record_counterfactual,,,,,,,,,,,,,,,,,,289.0,-0.1366502683363148,-0.1385453935599284
,,,,,,,,,,,,,,,,,,,,,,,b_d,eligible_record_counterfactual,,,,,,,,,,,,,,,,,,290.0,-0.1546343917710197,-0.1148703041144901
,,,,,,,,,,,,,,,,,,,,,,,b_d,eligible_record_counterfactual,,,,,,,,,,,,,,,,,,291.0,-0.1543660554561717,-0.1131484794275492
,,,,,,,,,,,,,,,,,,,,,,,b_d,eligible_record_counterfactual,,,,,,,,,,,,,,,,,,292.0,-0.1564288908765653,-0.1192978533094812
,,,,,,,,,,,,,,,,,,,,,,,b_d,eligible_record_counterfactual,,,,,,,,,,,,,,,,,,293.0,-0.1367956171735241,-0.1150715563506261
,,,,,,,,,,,,,,,,,,,,,,,b_d,eligible_record_counterfactual,,,,,,,,,,,,,,,,,,294.0,-0.1489210644007156,-0.0993571109123434
,,,,,,,,,,,,,,,,,,,,,,,b_d,eligible_record_counterfactual,,,,,,,,,,,,,,,,,,295.0,-0.1451923076923077,-0.087214892665474
,,,,,,,,,,,,,,,,,,,,,,,b_d,eligible_record_counterfactual,,,,,,,,,,,,,,,,,,296.0,-0.1446276833631485,-0.1105769230769231
,,,,,,,,,,,,,,,,,,,,,,,b_d,eligible_record_counterfactual,,,,,,,,,,,,,,,,,,297.0,-0.1501453488372093,-0.1167710196779964
,,,,,,,,,,,,,,,,,,,,,,,b_d,eligible_record_counterfactual,,,,,,,,,,,,,,,,,,298.0,-0.1423356440071556,-0.088785778175313
,,,,,,,,,,,,,,,,,,,,,,,b_d,eligible_record_counterfactual,,,,,,,,,,,,,,,,,,299.0,-0.1411281305903399,-0.1070382379248658
,,,,,,,,,,,,,,,,,,,,,,,b_d,eligible_record_counterfactual,,,,,,,,,,,,,,,,,,300.0,-0.1561046511627907,-0.0975849731663685
,,,,,,,,,,,,,,,,,,,,,,,b_d,eligible_record_counterfactual,,,,,,,,,,,,,,,,,,301.0,-0.1463495080500894,-0.1307021466905188
,,,,,,,,,,,,,,,,,,,,,,,b_d,eligible_record_counterfactual,,,,,,,,,,,,,,,,,,302.0,-0.131048747763864,-0.115608228980322
,,,,,,,,,,,,,,,,,,,,,,,b_d,eligible_record_counterfactual,,,,,,,,,,,,,,,,,,303.0,-0.1442475402504472,-0.1195270572450805
,,,,,,,,,,,,,,,,,,,,,,,b_d,eligible_record_counterfactual,,,,,,,,,,,,,,,,,,304.0,-0.1313729874776386,-0.1256093470483005
,,,,,,,,,,,,,,,,,,,,,,,b_d,eligible_record_counterfactual,,,,,,,,,,,,,,,,,,305.0,-0.1525547853309481,-0.1101017441860465
,,,,,,,,,,,,,,,,,,,,,,,b_d,eligible_record_counterfactual,,,,,,,,,,,,,,,,,,306.0,-0.1541815742397138,-0.0896690518783542
,,,,,,,,,,,,,,,,,,,,,,,b_d,eligible_record_counterfactual,,,,,,,,,,,,,,,,,,307.0,-0.1265652951699463,-0.1108173076923077
,,,,,,,,,,,,,,,,,,,,,,,b_d,eligible_record_counterfactual,,,,,,,,,,,,,,,,,,308.0,-0.1400268336314848,-0.1230713327370304
,,,,,,,,,,,,,,,,,,,,,,,b_d,eligible_record_counterfactual,,,,,,,,,,,,,,,,,,309.0,-0.1401889534883721,-0.1064344812164579
,,,,,,,,,,,,,,,,,,,,,,,b_d,eligible_record_counterfactual,,,,,,,,,,,,,,,,,,310.0,-0.1505813953488372,-0.1011516100178891
,,,,,,,,,,,,,,,,,,,,,,,b_d,eligible_record_counterfactual,,,,,,,,,,,,,,,,,,311.0,-0.1477806350626118,-0.1083296064400715
,,,,,,,,,,,,,,,,,,,,,,,b_d,eligible_record_counterfactual,,,,,,,,,,,,,,,,,,312.0,-0.1464054114490161,-0.1316972271914132
,,,,,,,,,,,,,,,,,,,,,,,b_d,eligible_record_counterfactual,,,,,,,,,,,,,,,,,,313.0,-0.1461650268336315,-0.111029740608229
,,,,,,,,,,,,,,,,,,,,,,,b_d,eligible_record_counterfactual,,,,,,,,,,,,,,,,,,314.0,-0.151319320214669,-0.1098669499105546
,,,,,,,,,,,,,,,,,,,,,,,b_d,eligible_record_counterfactual,,,,,,,,,,,,,,,,,,315.0,-0.1365831842576028,-0.1376453488372093
,,,,,,,,,,,,,,,,,,,,,,,b_d,eligible_record_counterfactual,,,,,,,,,,,,,,,,,,316.0,-0.1341066636851521,-0.1091681574239713
,,,,,,,,,,,,,,,,,,,,,,,b_d,eligible_record_counterfactual,,,,,,,,,,,,,,,,,,317.0,-0.151369633273703,-0.1141491502683363
,,,,,,,,,,,,,,,,,,,,,,,b_d,eligible_record_counterfactual,,,,,,,,,,,,,,,,,,318.0,-0.1392162343470483,-0.1246757602862254
,,,,,,,,,,,,,,,,,,,,,,,b_d,eligible_record_counterfactual,,,,,,,,,,,,,,,,,,319.0,-0.1430064847942755,-0.1365496422182469
,,,,,,,,,,,,,,,,,,,,,,,b_d,eligible_record_counterfactual,,,,,,,,,,,,,,,,,,320.0,-0.1606384168157424,-0.0754025044722719
,,,,,,,,,,,,,,,,,,,,,,,b_d,eligible_record_counterfactual,,,,,,,,,,,,,,,,,,321.0,-0.156434481216458,-0.1083631484794275
,,,,,,,,,,,,,,,,,,,,,,,b_d,eligible_record_counterfactual,,,,,,,,,,,,,,,,,,322.0,-0.1566133720930232,-0.1163349731663685
,,,,,,,,,,,,,,,,,,,,,,,b_d,eligible_record_counterfactual,,,,,,,,,,,,,,,,,,323.0,-0.1380310822898032,-0.1125391323792486
,,,,,,,,,,,,,,,,,,,,,,,b_d,eligible_record_counterfactual,,,,,,,,,,,,,,,,,,324.0,-0.1548971377459749,-0.1177828711985689
,,,,,,,,,,,,,,,,,,,,,,,b_d,eligible_record_counterfactual,,,,,,,,,,,,,,,,,,325.0,-0.1600626118067978,-0.101336091234347
,,,,,,,,,,,,,,,,,,,,,,,b_d,eligible_record_counterfactual,,,,,,,,,,,,,,,,,,326.0,-0.140725626118068,-0.1026554114490161
,,,,,,,,,,,,,,,,,,,,,,,b_d,eligible_record_counterfactual,,,,,,,,,,,,,,,,,,327.0,-0.148244633273703,-0.1120360017889088
,,,,,,,,,,,,,,,,,,,,,,,b_d,eligible_record_counterfactual,,,,,,,,,,,,,,,,,,328.0,-0.1584917262969588,-0.0898032200357782
,,,,,,,,,,,,,,,,,,,,,,,b_d,eligible_record_counterfactual,,,,,,,,,,,,,,,,,,329.0,-0.1377180232558139,-0.1174586314847943
,,,,,,,,,,,,,,,,,,,,,,,b_d,eligible_record_counterfactual,,,,,,,,,,,,,,,,,,330.0,-0.1390093917710197,-0.1276162790697674
,,,,,,,,,,,,,,,,,,,,,,,b_d,eligible_record_counterfactual,,,,,,,,,,,,,,,,,,331.0,-0.1454885957066189,-0.0849955277280858
,,,,,,,,,,,,,,,,,,,,,,,b_d,eligible_record_counterfactual,,,,,,,,,,,,,,,,,,332.0,-0.1353253577817531,-0.1143783542039356
,,,,,,,,,,,,,,,,,,,,,,,b_d,eligible_record_counterfactual,,,,,,,,,,,,,,,,,,333.0,-0.150033542039356,-0.0916424418604651
,,,,,,,,,,,,,,,,,,,,,,,b_d,eligible_record_counterfactual,,,,,,,,,,,,,,,,,,334.0,-0.1449798747763864,-0.1088271466905188
,,,,,,,,,,,,,,,,,,,,,,,b_d,eligible_record_counterfactual,,,,,,,,,,,,,,,,,,335.0,-0.1446332737030411,-0.1187779516994633
,,,,,,,,,,,,,,,,,,,,,,,b_d,eligible_record_counterfactual,,,,,,,,,,,,,,,,,,336.0,-0.1563562164579606,-0.0934704830053667
,,,,,,,,,,,,,,,,,,,,,,,b_d,eligible_record_counterfactual,,,,,,,,,,,,,,,,,,337.0,-0.1419834525939177,-0.1254360465116279
,,,,,,,,,,,,,,,,,,,,,,,b_d,eligible_record_counterfactual,,,,,,,,,,,,,,,,,,338.0,-0.154779740608229,-0.0912455277280858
,,,,,,,,,,,,,,,,,,,,,,,b_d,eligible_record_counterfactual,,,,,,,,,,,,,,,,,,339.0,-0.1526162790697674,-0.0894957513416815
,,,,,,,,,,,,,,,,,,,,,,,b_d,eligible_record_counterfactual,,,,,,,,,,,,,,,,,,340.0,-0.1351017441860465,-0.1226520572450805
,,,,,,,,,,,,,,,,,,,,,,,b_d,eligible_record_counterfactual,,,,,,,,,,,,,,,,,,341.0,-0.1630646243291592,-0.1208687388193202
,,,,,,,,,,,,,,,,,,,,,,,b_d,eligible_record_counterfactual,,,,,,,,,,,,,,,,,,342.0,-0.1456171735241503,-0.0921399821109123
,,,,,,,,,,,,,,,,,,,,,,,b_d,eligible_record_counterfactual,,,,,,,,,,,,,,,,,,343.0,-0.1564400715563506,-0.088970259391771
,,,,,,,,,,,,,,,,,,,,,,,b_d,eligible_record_counterfactual,,,,,,,,,,,,,,,,,,344.0,-0.1285945885509839,-0.1247707960644007
,,,,,,,,,,,,,,,,,,,,,,,b_d,eligible_record_counterfactual,,,,,,,,,,,,,,,,,,345.0,-0.1379807692307692,-0.1270181127012522
,,,,,,,,,,,,,,,,,,,,,,,b_d,eligible_record_counterfactual,,,,,,,,,,,,,,,,,,346.0,-0.1428220035778175,-0.1311046511627907
,,,,,,,,,,,,,,,,,,,,,,,b_d,eligible_record_counterfactual,,,,,,,,,,,,,,,,,,347.0,-0.1486806797853309,-0.129830053667263
,,,,,,,,,,,,,,,,,,,,,,,b_d,eligible_record_counterfactual,,,,,,,,,,,,,,,,,,348.0,-0.1343023255813953,-0.1324742844364937
,,,,,,,,,,,,,,,,,,,,,,,b_d,eligible_record_counterfactual,,,,,,,,,,,,,,,,,,349.0,-0.1263472719141324,-0.1297909212880143
,,,,,,,,,,,,,,,,,,,,,,,b_d,eligible_record_counterfactual,,,,,,,,,,,,,,,,,,350.0,-0.1536113595706619,-0.1220594812164579
,,,,,,,,,,,,,,,,,,,,,,,b_d,eligible_record_counterfactual,,,,,,,,,,,,,,,,,,351.0,-0.1364881484794275,-0.113886404293381
,,,,,,,,,,,,,,,,,,,,,,,b_d,eligible_record_counterfactual,,,,,,,,,,,,,,,,,,352.0,-0.1301375223613596,-0.1088662790697674
,,,,,,,,,,,,,,,,,,,,,,,b_d,eligible_record_counterfactual,,,,,,,,,,,,,,,,,,353.0,-0.1286840339892665,-0.1391882826475849
,,,,,,,,,,,,,,,,,,,,,,,b_d,eligible_record_counterfactual,,,,,,,,,,,,,,,,,,354.0,-0.1738539803220036,-0.0917039355992844
,,,,,,,,,,,,,,,,,,,,,,,b_d,eligible_record_counterfactual,,,,,,,,,,,,,,,,,,355.0,-0.1186270125223613,-0.1300760286225402
,,,,,,,,,,,,,,,,,,,,,,,b_d,eligible_record_counterfactual,,,,,,,,,,,,,,,,,,356.0,-0.1527224955277281,-0.1031529516994633
,,,,,,,,,,,,,,,,,,,,,,,b_d,eligible_record_counterfactual,,,,,,,,,,,,,,,,,,357.0,-0.1598222271914132,-0.0923915474060823
,,,,,,,,,,,,,,,,,,,,,,,b_d,eligible_record_counterfactual,,,,,,,,,,,,,,,,,,358.0,-0.1390932468694097,-0.1223893112701252
,,,,,,,,,,,,,,,,,,,,,,,b_d,eligible_record_counterfactual,,,,,,,,,,,,,,,,,,359.0,-0.1448680679785331,-0.1149150268336315
,,,,,,,,,,,,,,,,,,,,,,,b_d,eligible_record_counterfactual,,,,,,,,,,,,,,,,,,360.0,-0.1285889982110912,-0.1278175313059034
,,,,,,,,,,,,,,,,,,,,,,,b_d,eligible_record_counterfactual,,,,,,,,,,,,,,,,,,361.0,-0.145337656529517,-0.1078823792486583
,,,,,,,,,,,,,,,,,,,,,,,b_d,eligible_record_counterfactual,,,,,,,,,,,,,,,,,,362.0,-0.1448289355992844,-0.1052101967799642
,,,,,,,,,,,,,,,,,,,,,,,b_d,eligible_record_counterfactual,,,,,,,,,,,,,,,,,,363.0,-0.1550368962432916,-0.1336873881932021
,,,,,,,,,,,,,,,,,,,,,,,b_d,eligible_record_counterfactual,,,,,,,,,,,,,,,,,,364.0,-0.1343973613595707,-0.1279349284436494
,,,,,,,,,,,,,,,,,,,,,,,b_d,eligible_record_counterfactual,,,,,,,,,,,,,,,,,,365.0,-0.1529293381037567,-0.1215339892665474
,,,,,,,,,,,,,,,,,,,,,,,b_d,eligible_record_counterfactual,,,,,,,,,,,,,,,,,,366.0,-0.1423691860465116,-0.0990440518783542
,,,,,,,,,,,,,,,,,,,,,,,b_d,eligible_record_counterfactual,,,,,,,,,,,,,,,,,,367.0,-0.131065518783542,-0.1395628354203936
,,,,,,,,,,,,,,,,,,,,,,,b_d,eligible_record_counterfactual,,,,,,,,,,,,,,,,,,368.0,-0.1396355098389982,-0.1162678890876565
,,,,,,,,,,,,,,,,,,,,,,,b_d,eligible_record_counterfactual,,,,,,,,,,,,,,,,,,369.0,-0.1596545169946333,-0.1048468246869409
,,,,,,,,,,,,,,,,,,,,,,,b_d,eligible_record_counterfactual,,,,,,,,,,,,,,,,,,370.0,-0.1415977191413238,-0.1149094364937388
,,,,,,,,,,,,,,,,,,,,,,,b_d,eligible_record_counterfactual,,,,,,,,,,,,,,,,,,371.0,-0.1198065742397137,-0.129477862254025
,,,,,,,,,,,,,,,,,,,,,,,b_d,eligible_record_counterfactual,,,,,,,,,,,,,,,,,,372.0,-0.1398479427549195,-0.1199239713774597
,,,,,,,,,,,,,,,,,,,,,,,b_d,eligible_record_counterfactual,,,,,,,,,,,,,,,,,,373.0,-0.1330724508050089,-0.1312555903398927
,,,,,,,,,,,,,,,,,,,,,,,b_d,eligible_record_counterfactual,,,,,,,,,,,,,,,,,,374.0,-0.1440015652951699,-0.0998099284436493
,,,,,,,,,,,,,,,,,,,,,,,b_d,eligible_record_counterfactual,,,,,,,,,,,,,,,,,,375.0,-0.1458911001788909,-0.1084246422182469
,,,,,,,,,,,,,,,,,,,,,,,b_d,eligible_record_counterfactual,,,,,,,,,,,,,,,,,,376.0,-0.1487309928443649,-0.1035498658318425
,,,,,,,,,,,,,,,,,,,,,,,b_d,eligible_record_counterfactual,,,,,,,,,,,,,,,,,,377.0,-0.1493794722719141,-0.1052716905187835
,,,,,,,,,,,,,,,,,,,,,,,b_d,eligible_record_counterfactual,,,,,,,,,,,,,,,,,,378.0,-0.1349060822898032,-0.109089892665474
,,,,,,,,,,,,,,,,,,,,,,,b_d,eligible_record_counterfactual,,,,,,,,,,,,,,,,,,379.0,-0.1476576475849731,-0.107887969588551
,,,,,,,,,,,,,,,,,,,,,,,b_d,eligible_record_counterfactual,,,,,,,,,,,,,,,,,,380.0,-0.1378242397137746,-0.085929114490161
,,,,,,,,,,,,,,,,,,,,,,,b_d,eligible_record_counterfactual,,,,,,,,,,,,,,,,,,381.0,-0.123261404293381,-0.1314568425760286
,,,,,,,,,,,,,,,,,,,,,,,b_d,eligible_record_counterfactual,,,,,,,,,,,,,,,,,,382.0,-0.1392833184257603,-0.1080780411449016
,,,,,,,,,,,,,,,,,,,,,,,b_d,eligible_record_counterfactual,,,,,,,,,,,,,,,,,,383.0,-0.1454159212880143,-0.1162231663685152
,,,,,,,,,,,,,,,,,,,,,,,b_d,eligible_record_counterfactual,,,,,,,,,,,,,,,,,,384.0,-0.1452929338103757,-0.0988819320214669
,,,,,,,,,,,,,,,,,,,,,,,b_d,eligible_record_counterfactual,,,,,,,,,,,,,,,,,,385.0,-0.1403678443649374,-0.124865831842576
,,,,,,,,,,,,,,,,,,,,,,,b_d,eligible_record_counterfactual,,,,,,,,,,,,,,,,,,386.0,-0.1449183810375671,-0.1319599731663685
,,,,,,,,,,,,,,,,,,,,,,,b_d,eligible_record_counterfactual,,,,,,,,,,,,,,,,,,387.0,-0.1489490161001789,-0.1007155635062612
,,,,,,,,,,,,,,,,,,,,,,,b_d,eligible_record_counterfactual,,,,,,,,,,,,,,,,,,388.0,-0.1526833631484794,-0.1089613148479427
,,,,,,,,,,,,,,,,,,,,,,,b_d,eligible_record_counterfactual,,,,,,,,,,,,,,,,,,389.0,-0.1579103309481216,-0.1216681574239714
,,,,,,,,,,,,,,,,,,,,,,,b_d,eligible_record_counterfactual,,,,,,,,,,,,,,,,,,390.0,-0.1321835867620751,-0.1211817978533095
,,,,,,,,,,,,,,,,,,,,,,,b_d,eligible_record_counterfactual,,,,,,,,,,,,,,,,,,391.0,-0.1429785330948121,-0.1122931574239713
,,,,,,,,,,,,,,,,,,,,,,,b_d,eligible_record_counterfactual,,,,,,,,,,,,,,,,,,392.0,-0.1513752236135957,-0.1187444096601073
,,,,,,,,,,,,,,,,,,,,,,,b_d,eligible_record_counterfactual,,,,,,,,,,,,,,,,,,393.0,-0.1315630590339893,-0.1240887745974955
,,,,,,,,,,,,,,,,,,,,,,,b_d,eligible_record_counterfactual,,,,,,,,,,,,,,,,,,394.0,-0.1370360017889088,-0.1085979427549195
,,,,,,,,,,,,,,,,,,,,,,,b_d,eligible_record_counterfactual,,,,,,,,,,,,,,,,,,395.0,-0.1441413237924866,-0.0905299642218247
,,,,,,,,,,,,,,,,,,,,,,,b_d,eligible_record_counterfactual,,,,,,,,,,,,,,,,,,396.0,-0.1323345259391771,-0.1329103309481216
,,,,,,,,,,,,,,,,,,,,,,,b_d,eligible_record_counterfactual,,,,,,,,,,,,,,,,,,397.0,-0.1577482110912343,-0.0854539355992844
,,,,,,,,,,,,,,,,,,,,,,,b_d,eligible_record_counterfactual,,,,,,,,,,,,,,,,,,398.0,-0.1570270572450805,-0.093884168157424
,,,,,,,,,,,,,,,,,,,,,,,b_d,eligible_record_counterfactual,,,,,,,,,,,,,,,,,,399.0,-0.1456730769230769,-0.0853756708407871
,,,,,,,,,,,,,,,,,,,,,,,b_d,eligible_record_counterfactual,,,,,,,,,,,,,,,,,,400.0,-0.1356551878354204,-0.1173356440071556
,,,,,,,,,,,,,,,,,,,,,,,b_d,eligible_record_counterfactual,,,,,,,,,,,,,,,,,,401.0,-0.1360688729874776,-0.1116558586762075
,,,,,,,,,,,,,,,,,,,,,,,b_d,eligible_record_counterfactual,,,,,,,,,,,,,,,,,,402.0,-0.1550983899821109,-0.0926431127012522
,,,,,,,,,,,,,,,,,,,,,,,b_d,eligible_record_counterfactual,,,,,,,,,,,,,,,,,,403.0,-0.1433530858676207,-0.140507602862254
,,,,,,,,,,,,,,,,,,,,,,,b_d,eligible_record_counterfactual,,,,,,,,,,,,,,,,,,404.0,-0.1460476296958855,-0.0977582737030411
,,,,,,,,,,,,,,,,,,,,,,,b_d,eligible_record_counterfactual,,,,,,,,,,,,,,,,,,405.0,-0.1477135509838998,-0.1026218694096601
,,,,,,,,,,,,,,,,,,,,,,,b_d,eligible_record_counterfactual,,,,,,,,,,,,,,,,,,406.0,-0.1470538908765653,-0.093649373881932
,,,,,,,,,,,,,,,,,,,,,,,b_d,eligible_record_counterfactual,,,,,,,,,,,,,,,,,,407.0,-0.1426710644007155,-0.1101520572450805
,,,,,,,,,,,,,,,,,,,,,,,b_d,eligible_record_counterfactual,,,,,,,,,,,,,,,,,,408.0,-0.1424362701252236,-0.1159324686940966
,,,,,,,,,,,,,,,,,,,,,,,b_d,eligible_record_counterfactual,,,,,,,,,,,,,,,,,,409.0,-0.1474563953488372,-0.0914300089445438
,,,,,,,,,,,,,,,,,,,,,,,b_d,eligible_record_counterfactual,,,,,,,,,,,,,,,,,,410.0,-0.1570605992844365,-0.1193537567084078
,,,,,,,,,,,,,,,,,,,,,,,b_d,eligible_record_counterfactual,,,,,,,,,,,,,,,,,,411.0,-0.1502906976744186,-0.109375
,,,,,,,,,,,,,,,,,,,,,,,b_d,eligible_record_counterfactual,,,,,,,,,,,,,,,,,,412.0,-0.1499440966010733,-0.1060096153846154
,,,,,,,,,,,,,,,,,,,,,,,b_d,eligible_record_counterfactual,,,,,,,,,,,,,,,,,,413.0,-0.1328656082289803,-0.1238539803220035
,,,,,,,,,,,,,,,,,,,,,,,b_d,eligible_record_counterfactual,,,,,,,,,,,,,,,,,,414.0,-0.135878801431127,-0.1130813953488372
,,,,,,,,,,,,,,,,,,,,,,,b_d,eligible_record_counterfactual,,,,,,,,,,,,,,,,,,415.0,-0.1409883720930232,-0.1115720035778175
,,,,,,,,,,,,,,,,,,,,,,,b_d,eligible_record_counterfactual,,,,,,,,,,,,,,,,,,416.0,-0.1508497316636851,-0.0937388193202146
,,,,,,,,,,,,,,,,,,,,,,,b_d,eligible_record_counterfactual,,,,,,,,,,,,,,,,,,417.0,-0.1506932021466905,-0.1174418604651163
,,,,,,,,,,,,,,,,,,,,,,,b_d,eligible_record_counterfactual,,,,,,,,,,,,,,,,,,418.0,-0.1551822450805009,-0.0948568872987477
,,,,,,,,,,,,,,,,,,,,,,,b_d,eligible_record_counterfactual,,,,,,,,,,,,,,,,,,419.0,-0.1494130143112701,-0.1067587209302325
,,,,,,,,,,,,,,,,,,,,,,,b_d,eligible_record_counterfactual,,,,,,,,,,,,,,,,,,420.0,-0.1558307245080501,-0.1010230322003578
,,,,,,,,,,,,,,,,,,,,,,,b_d,eligible_record_counterfactual,,,,,,,,,,,,,,,,,,421.0,-0.1608564400715563,-0.0939959749552773
,,,,,,,,,,,,,,,,,,,,,,,b_d,eligible_record_counterfactual,,,,,,,,,,,,,,,,,,422.0,-0.1554226296958855,-0.0935711091234347
,,,,,,,,,,,,,,,,,,,,,,,b_d,eligible_record_counterfactual,,,,,,,,,,,,,,,,,,423.0,-0.1469141323792487,-0.1017721377459749
,,,,,,,,,,,,,,,,,,,,,,,b_d,eligible_record_counterfactual,,,,,,,,,,,,,,,,,,424.0,-0.1431238819320215,-0.1399206171735242
,,,,,,,,,,,,,,,,,,,,,,,b_d,eligible_record_counterfactual,,,,,,,,,,,,,,,,,,425.0,-0.1472048300536672,-0.1241670393559928
,,,,,,,,,,,,,,,,,,,,,,,b_d,eligible_record_counterfactual,,,,,,,,,,,,,,,,,,426.0,-0.1466681574239714,-0.106115831842576
,,,,,,,,,,,,,,,,,,,,,,,b_d,eligible_record_counterfactual,,,,,,,,,,,,,,,,,,427.0,-0.1348949016100179,-0.1033653846153846
,,,,,,,,,,,,,,,,,,,,,,,b_d,eligible_record_counterfactual,,,,,,,,,,,,,,,,,,428.0,-0.142313282647585,-0.0900771466905188
,,,,,,,,,,,,,,,,,,,,,,,b_d,eligible_record_counterfactual,,,,,,,,,,,,,,,,,,429.0,-0.1487813059033989,-0.0945046958855098
,,,,,,,,,,,,,,,,,,,,,,,b_d,eligible_record_counterfactual,,,,,,,,,,,,,,,,,,430.0,-0.1503410107334526,-0.0973613595706619
,,,,,,,,,,,,,,,,,,,,,,,b_d,eligible_record_counterfactual,,,,,,,,,,,,,,,,,,431.0,-0.1428555456171735,-0.1276721824686941
,,,,,,,,,,,,,,,,,,,,,,,b_d,eligible_record_counterfactual,,,,,,,,,,,,,,,,,,432.0,-0.1485688729874776,-0.1009783094812164
,,,,,,,,,,,,,,,,,,,,,,,b_d,eligible_record_counterfactual,,,,,,,,,,,,,,,,,,433.0,-0.1512634168157424,-0.0939959749552773
,,,,,,,,,,,,,,,,,,,,,,,b_d,eligible_record_counterfactual,,,,,,,,,,,,,,,,,,434.0,-0.1384447674418605,-0.0944264311270125
,,,,,,,,,,,,,,,,,,,,,,,b_d,eligible_record_counterfactual,,,,,,,,,,,,,,,,,,435.0,-0.1486415474060823,-0.1144007155635062
,,,,,,,,,,,,,,,,,,,,,,,b_d,eligible_record_counterfactual,,,,,,,,,,,,,,,,,,436.0,-0.1421567531305903,-0.1164188282647585
,,,,,,,,,,,,,,,,,,,,,,,b_d,eligible_record_counterfactual,,,,,,,,,,,,,,,,,,437.0,-0.1362309928443649,-0.1181462432915921
,,,,,,,,,,,,,,,,,,,,,,,b_d,eligible_record_counterfactual,,,,,,,,,,,,,,,,,,438.0,-0.1388640429338103,-0.1004807692307692
,,,,,,,,,,,,,,,,,,,,,,,b_d,eligible_record_counterfactual,,,,,,,,,,,,,,,,,,439.0,-0.1468861806797853,-0.1178443649373882
,,,,,,,,,,,,,,,,,,,,,,,b_d,eligible_record_counterfactual,,,,,,,,,,,,,,,,,,440.0,-0.1496198568872987,-0.0962041592128801
,,,,,,,,,,,,,,,,,,,,,,,b_d,eligible_record_counterfactual,,,,,,,,,,,,,,,,,,441.0,-0.140490831842576,-0.0948345259391771
,,,,,,,,,,,,,,,,,,,,,,,b_d,eligible_record_counterfactual,,,,,,,,,,,,,,,,,,442.0,-0.1661504919499105,-0.1015149821109123
,,,,,,,,,,,,,,,,,,,,,,,b_d,eligible_record_counterfactual,,,,,,,,,,,,,,,,,,443.0,-0.1426710644007155,-0.1191469141323792
,,,,,,,,,,,,,,,,,,,,,,,b_d,eligible_record_counterfactual,,,,,,,,,,,,,,,,,,444.0,-0.1383329606440071,-0.1049418604651163
,,,,,,,,,,,,,,,,,,,,,,,b_d,eligible_record_counterfactual,,,,,,,,,,,,,,,,,,445.0,-0.1514814400715563,-0.1311605545617173
,,,,,,,,,,,,,,,,,,,,,,,b_d,eligible_record_counterfactual,,,,,,,,,,,,,,,,,,446.0,-0.1356831395348837,-0.0961594364937388
,,,,,,,,,,,,,,,,,,,,,,,b_d,eligible_record_counterfactual,,,,,,,,,,,,,,,,,,447.0,-0.1444991055456172,-0.1168492844364937
,,,,,,,,,,,,,,,,,,,,,,,b_d,eligible_record_counterfactual,,,,,,,,,,,,,,,,,,448.0,-0.1629192754919499,-0.1304841234347048
,,,,,,,,,,,,,,,,,,,,,,,b_d,eligible_record_counterfactual,,,,,,,,,,,,,,,,,,449.0,-0.1720594812164579,-0.1034995527728086
,,,,,,,,,,,,,,,,,,,,,,,b_d,eligible_record_counterfactual,,,,,,,,,,,,,,,,,,450.0,-0.1382435152057245,-0.1009335867620751
,,,,,,,,,,,,,,,,,,,,,,,b_d,eligible_record_counterfactual,,,,,,,,,,,,,,,,,,451.0,-0.1380422629695885,-0.1286616726296959
,,,,,,,,,,,,,,,,,,,,,,,b_d,eligible_record_counterfactual,,,,,,,,,,,,,,,,,,452.0,-0.1240105098389982,-0.1103644901610018
,,,,,,,,,,,,,,,,,,,,,,,b_d,eligible_record_counterfactual,,,,,,,,,,,,,,,,,,453.0,-0.1457010286225402,-0.0845147584973166
,,,,,,,,,,,,,,,,,,,,,,,b_d,eligible_record_counterfactual,,,,,,,,,,,,,,,,,,454.0,-0.1397640876565295,-0.104779740608229
,,,,,,,,,,,,,,,,,,,,,,,b_d,eligible_record_counterfactual,,,,,,,,,,,,,,,,,,455.0,-0.1337880143112701,-0.1168101520572451
,,,,,,,,,,,,,,,,,,,,,,,b_d,eligible_record_counterfactual,,,,,,,,,,,,,,,,,,456.0,-0.154461091234347,-0.1002403846153846
,,,,,,,,,,,,,,,,,,,,,,,b_d,eligible_record_counterfactual,,,,,,,,,,,,,,,,,,457.0,-0.1444040697674418,-0.1138808139534884
,,,,,,,,,,,,,,,,,,,,,,,b_d,eligible_record_counterfactual,,,,,,,,,,,,,,,,,,458.0,-0.1408038908765653,-0.0990775939177102
,,,,,,,,,,,,,,,,,,,,,,,b_d,eligible_record_counterfactual,,,,,,,,,,,,,,,,,,459.0,-0.1292822003577817,-0.1244074239713774
,,,,,,,,,,,,,,,,,,,,,,,b_d,eligible_record_counterfactual,,,,,,,,,,,,,,,,,,460.0,-0.1475122987477639,-0.1201475849731663
,,,,,,,,,,,,,,,,,,,,,,,b_d,eligible_record_counterfactual,,,,,,,,,,,,,,,,,,461.0,-0.1427381484794276,-0.101470259391771
,,,,,,,,,,,,,,,,,,,,,,,b_d,eligible_record_counterfactual,,,,,,,,,,,,,,,,,,462.0,-0.1463103756708408,-0.1036001788908765
,,,,,,,,,,,,,,,,,,,,,,,b_d,eligible_record_counterfactual,,,,,,,,,,,,,,,,,,463.0,-0.1490887745974955,-0.118481663685152
,,,,,,,,,,,,,,,,,,,,,,,b_d,eligible_record_counterfactual,,,,,,,,,,,,,,,,,,464.0,-0.1386795617173524,-0.1400156529516995
,,,,,,,,,,,,,,,,,,,,,,,b_d,eligible_record_counterfactual,,,,,,,,,,,,,,,,,,465.0,-0.1540082737030411,-0.0878969141323792
,,,,,,,,,,,,,,,,,,,,,,,b_d,eligible_record_counterfactual,,,,,,,,,,,,,,,,,,466.0,-0.1501229874776386,-0.0996310375670841
,,,,,,,,,,,,,,,,,,,,,,,b_d,eligible_record_counterfactual,,,,,,,,,,,,,,,,,,467.0,-0.1415138640429338,-0.1322115384615384
,,,,,,,,,,,,,,,,,,,,,,,b_d,eligible_record_counterfactual,,,,,,,,,,,,,,,,,,468.0,-0.1396075581395349,-0.1133385509838998
,,,,,,,,,,,,,,,,,,,,,,,b_d,eligible_record_counterfactual,,,,,,,,,,,,,,,,,,469.0,-0.1302828711985689,-0.1314065295169946
,,,,,,,,,,,,,,,,,,,,,,,b_d,eligible_record_counterfactual,,,,,,,,,,,,,,,,,,470.0,-0.1513472719141324,-0.0934593023255814
,,,,,,,,,,,,,,,,,,,,,,,b_d,eligible_record_counterfactual,,,,,,,,,,,,,,,,,,471.0,-0.1382826475849732,-0.1329326923076923
,,,,,,,,,,,,,,,,,,,,,,,b_d,eligible_record_counterfactual,,,,,,,,,,,,,,,,,,472.0,-0.170371198568873,-0.0863707513416815
,,,,,,,,,,,,,,,,,,,,,,,b_d,eligible_record_counterfactual,,,,,,,,,,,,,,,,,,473.0,-0.1571332737030411,-0.0980377906976744
,,,,,,,,,,,,,,,,,,,,,,,b_d,eligible_record_counterfactual,,,,,,,,,,,,,,,,,,474.0,-0.1383497316636851,-0.1039411896243291
,,,,,,,,,,,,,,,,,,,,,,,b_d,eligible_record_counterfactual,,,,,,,,,,,,,,,,,,475.0,-0.1419331395348837,-0.1236024150268336
,,,,,,,,,,,,,,,,,,,,,,,b_d,eligible_record_counterfactual,,,,,,,,,,,,,,,,,,476.0,-0.1483899821109123,-0.0884615384615384
,,,,,,,,,,,,,,,,,,,,,,,b_d,eligible_record_counterfactual,,,,,,,,,,,,,,,,,,477.0,-0.1269454382826476,-0.1175089445438282
,,,,,,,,,,,,,,,,,,,,,,,b_d,eligible_record_counterfactual,,,,,,,,,,,,,,,,,,478.0,-0.1305623881932021,-0.1299921735241503
,,,,,,,,,,,,,,,,,,,,,,,b_d,eligible_record_counterfactual,,,,,,,,,,,,,,,,,,479.0,-0.148647137745975,-0.1175536672629696
,,,,,,,,,,,,,,,,,,,,,,,b_d,eligible_record_counterfactual,,,,,,,,,,,,,,,,,,480.0,-0.1431909660107334,-0.1003130590339893
,,,,,,,,,,,,,,,,,,,,,,,b_d,eligible_record_counterfactual,,,,,,,,,,,,,,,,,,481.0,-0.1341010733452594,-0.1183027728085867
,,,,,,,,,,,,,,,,,,,,,,,b_d,eligible_record_counterfactual,,,,,,,,,,,,,,,,,,482.0,-0.1494130143112701,-0.1209470035778175
,,,,,,,,,,,,,,,,,,,,,,,b_d,eligible_record_counterfactual,,,,,,,,,,,,,,,,,,483.0,-0.1335420393559928,-0.1170896690518783
,,,,,,,,,,,,,,,,,,,,,,,b_d,eligible_record_counterfactual,,,,,,,,,,,,,,,,,,484.0,-0.1550368962432916,-0.1158262522361359
,,,,,,,,,,,,,,,,,,,,,,,b_d,eligible_record_counterfactual,,,,,,,,,,,,,,,,,,485.0,-0.1536952146690519,-0.0910498658318425
,,,,,,,,,,,,,,,,,,,,,,,b_d,eligible_record_counterfactual,,,,,,,,,,,,,,,,,,486.0,-0.148563282647585,-0.1293436940966011
,,,,,,,,,,,,,,,,,,,,,,,b_d,eligible_record_counterfactual,,,,,,,,,,,,,,,,,,487.0,-0.1398591234347048,-0.1131428890876565
,,,,,,,,,,,,,,,,,,,,,,,b_d,eligible_record_counterfactual,,,,,,,,,,,,,,,,,,488.0,-0.1448680679785331,-0.110878801431127
,,,,,,,,,,,,,,,,,,,,,,,b_d,eligible_record_counterfactual,,,,,,,,,,,,,,,,,,489.0,-0.1342631932021467,-0.1072394901610018
,,,,,,,,,,,,,,,,,,,,,,,b_d,eligible_record_counterfactual,,,,,,,,,,,,,,,,,,490.0,-0.1403957960644007,-0.1259838998211091
,,,,,,,,,,,,,,,,,,,,,,,b_d,eligible_record_counterfactual,,,,,,,,,,,,,,,,,,491.0,-0.1335811717352415,-0.1451308139534884
,,,,,,,,,,,,,,,,,,,,,,,b_d,eligible_record_counterfactual,,,,,,,,,,,,,,,,,,492.0,-0.1305679785330948,-0.1241223166368515
,,,,,,,,,,,,,,,,,,,,,,,b_d,eligible_record_counterfactual,,,,,,,,,,,,,,,,,,493.0,-0.1509950805008944,-0.0944767441860465
,,,,,,,,,,,,,,,,,,,,,,,b_d,eligible_record_counterfactual,,,,,,,,,,,,,,,,,,494.0,-0.1352247316636851,-0.132770572450805
,,,,,,,,,,,,,,,,,,,,,,,b_d,eligible_record_counterfactual,,,,,,,,,,,,,,,,,,495.0,-0.1489210644007156,-0.1031976744186046
,,,,,,,,,,,,,,,,,,,,,,,b_d,eligible_record_counterfactual,,,,,,,,,,,,,,,,,,496.0,-0.1371757602862254,-0.1190015652951699
,,,,,,,,,,,,,,,,,,,,,,,b_d,eligible_record_counterfactual,,,,,,,,,,,,,,,,,,497.0,-0.1353868515205724,-0.1165306350626118
,,,,,,,,,,,,,,,,,,,,,,,b_d,eligible_record_counterfactual,,,,,,,,,,,,,,,,,,498.0,-0.1581283542039356,-0.0815239266547406
,,,,,,,,,,,,,,,,,,,,,,,b_d,eligible_record_counterfactual,,,,,,,,,,,,,,,,,,499.0,-0.1463774597495528,-0.1239601967799642
,,,,,,,,,,,,,,,,,,,,,,,b_d,eligible_record_counterfactual,,,,,,,,,,,,,,,,,,500.0,-0.1329494633273703,-0.1116838103756708
,,,,,,,,,,,,,,,,,,,,,,,b_d,eligible_record_counterfactual,,,,,,,,,,,,,,,,,,501.0,-0.1413629248658318,-0.1017944991055456
,,,,,,,,,,,,,,,,,,,,,,,b_d,eligible_record_counterfactual,,,,,,,,,,,,,,,,,,502.0,-0.1351408765652952,-0.1318928890876565
,,,,,,,,,,,,,,,,,,,,,,,b_d,eligible_record_counterfactual,,,,,,,,,,,,,,,,,,503.0,-0.138852862254025,-0.1084525939177102
,,,,,,,,,,,,,,,,,,,,,,,b_d,eligible_record_counterfactual,,,,,,,,,,,,,,,,,,504.0,-0.1353924418604651,-0.0982725849731663
,,,,,,,,,,,,,,,,,,,,,,,b_d,eligible_record_counterfactual,,,,,,,,,,,,,,,,,,505.0,-0.1522920393559928,-0.1108899821109123
,,,,,,,,,,,,,,,,,,,,,,,b_d,eligible_record_counterfactual,,,,,,,,,,,,,,,,,,506.0,-0.137298747763864,-0.1035275044722719
,,,,,,,,,,,,,,,,,,,,,,,b_d,eligible_record_counterfactual,,,,,,,,,,,,,,,,,,507.0,-0.1357893559928444,-0.1163349731663685
,,,,,,,,,,,,,,,,,,,,,,,b_d,eligible_record_counterfactual,,,,,,,,,,,,,,,,,,508.0,-0.1392218246869409,-0.1112868962432916
,,,,,,,,,,,,,,,,,,,,,,,b_d,eligible_record_counterfactual,,,,,,,,,,,,,,,,,,509.0,-0.1426598837209302,-0.0880758050089445
,,,,,,,,,,,,,,,,,,,,,,,b_d,eligible_record_counterfactual,,,,,,,,,,,,,,,,,,510.0,-0.1482725849731664,-0.0972998658318426
,,,,,,,,,,,,,,,,,,,,,,,b_d,eligible_record_counterfactual,,,,,,,,,,,,,,,,,,511.0,-0.1308195438282647,-0.1208855098389982
,,,,,,,,,,,,,,,,,,,,,,,b_d,eligible_record_counterfactual,,,,,,,,,,,,,,,,,,512.0,-0.1503689624329159,-0.0955500894454383
,,,,,,,,,,,,,,,,,,,,,,,b_d,eligible_record_counterfactual,,,,,,,,,,,,,,,,,,513.0,-0.1290026833631485,-0.1228868515205724
,,,,,,,,,,,,,,,,,,,,,,,b_d,eligible_record_counterfactual,,,,,,,,,,,,,,,,,,514.0,-0.1549418604651163,-0.112432915921288
,,,,,,,,,,,,,,,,,,,,,,,b_d,eligible_record_counterfactual,,,,,,,,,,,,,,,,,,515.0,-0.1591849284436494,-0.1010174418604651
,,,,,,,,,,,,,,,,,,,,,,,b_d,eligible_record_counterfactual,,,,,,,,,,,,,,,,,,516.0,-0.1473278175313059,-0.1187555903398926
,,,,,,,,,,,,,,,,,,,,,,,b_d,eligible_record_counterfactual,,,,,,,,,,,,,,,,,,517.0,-0.1457904740608229,-0.1103533094812165
,,,,,,,,,,,,,,,,,,,,,,,b_d,eligible_record_counterfactual,,,,,,,,,,,,,,,,,,518.0,-0.1588942307692308,-0.1253521914132379
,,,,,,,,,,,,,,,,,,,,,,,b_d,eligible_record_counterfactual,,,,,,,,,,,,,,,,,,519.0,-0.1401721824686941,-0.0866279069767442
,,,,,,,,,,,,,,,,,,,,,,,b_d,eligible_record_counterfactual,,,,,,,,,,,,,,,,,,520.0,-0.1490943649373882,-0.1039467799642218
,,,,,,,,,,,,,,,,,,,,,,,b_d,eligible_record_counterfactual,,,,,,,,,,,,,,,,,,521.0,-0.1439233005366726,-0.1006205277280858
,,,,,,,,,,,,,,,,,,,,,,,b_d,eligible_record_counterfactual,,,,,,,,,,,,,,,,,,522.0,-0.1406361806797853,-0.1167822003577817
,,,,,,,,,,,,,,,,,,,,,,,b_d,eligible_record_counterfactual,,,,,,,,,,,,,,,,,,523.0,-0.1527504472271914,-0.0806965563506261
,,,,,,,,,,,,,,,,,,,,,,,b_d,eligible_record_counterfactual,,,,,,,,,,,,,,,,,,524.0,-0.148529740608229,-0.1380534436493738
,,,,,,,,,,,,,,,,,,,,,,,b_d,eligible_record_counterfactual,,,,,,,,,,,,,,,,,,525.0,-0.1372763864042934,-0.1004416368515205
,,,,,,,,,,,,,,,,,,,,,,,b_d,eligible_record_counterfactual,,,,,,,,,,,,,,,,,,526.0,-0.1414300089445438,-0.1032983005366726
,,,,,,,,,,,,,,,,,,,,,,,b_d,eligible_record_counterfactual,,,,,,,,,,,,,,,,,,527.0,-0.1294331395348837,-0.1135789355992844
,,,,,,,,,,,,,,,,,,,,,,,b_d,eligible_record_counterfactual,,,,,,,,,,,,,,,,,,528.0,-0.1277560375670841,-0.1377292039355993
,,,,,,,,,,,,,,,,,,,,,,,b_d,eligible_record_counterfactual,,,,,,,,,,,,,,,,,,529.0,-0.1371478085867621,-0.1278063506261181
,,,,,,,,,,,,,,,,,,,,,,,b_d,eligible_record_counterfactual,,,,,,,,,,,,,,,,,,530.0,-0.1572059481216458,-0.1187611806797853
,,,,,,,,,,,,,,,,,,,,,,,b_d,eligible_record_counterfactual,,,,,,,,,,,,,,,,,,531.0,-0.1537567084078712,-0.0972942754919499
,,,,,,,,,,,,,,,,,,,,,,,b_d,eligible_record_counterfactual,,,,,,,,,,,,,,,,,,532.0,-0.1429114490161002,-0.1228085867620751
,,,,,,,,,,,,,,,,,,,,,,,b_d,eligible_record_counterfactual,,,,,,,,,,,,,,,,,,533.0,-0.1295673076923077,-0.1252124329159213
,,,,,,,,,,,,,,,,,,,,,,,b_d,eligible_record_counterfactual,,,,,,,,,,,,,,,,,,534.0,-0.1224004919499105,-0.1238819320214669
,,,,,,,,,,,,,,,,,,,,,,,b_d,eligible_record_counterfactual,,,,,,,,,,,,,,,,,,535.0,-0.1356663685152057,-0.1116502683363148
,,,,,,,,,,,,,,,,,,,,,,,b_d,eligible_record_counterfactual,,,,,,,,,,,,,,,,,,536.0,-0.1533653846153846,-0.1198009838998211
,,,,,,,,,,,,,,,,,,,,,,,b_d,eligible_record_counterfactual,,,,,,,,,,,,,,,,,,537.0,-0.1495863148479428,-0.0780131932021467
,,,,,,,,,,,,,,,,,,,,,,,b_d,eligible_record_counterfactual,,,,,,,,,,,,,,,,,,538.0,-0.1341513864042934,-0.10591457960644
,,,,,,,,,,,,,,,,,,,,,,,b_d,eligible_record_counterfactual,,,,,,,,,,,,,,,,,,539.0,-0.135644007155635,-0.1039355992844365
,,,,,,,,,,,,,,,,,,,,,,,b_d,eligible_record_counterfactual,,,,,,,,,,,,,,,,,,540.0,-0.1383832737030411,-0.0991279069767442
,,,,,,,,,,,,,,,,,,,,,,,b_d,eligible_record_counterfactual,,,,,,,,,,,,,,,,,,541.0,-0.1383776833631484,-0.1354986583184257
,,,,,,,,,,,,,,,,,,,,,,,b_d,eligible_record_counterfactual,,,,,,,,,,,,,,,,,,542.0,-0.1603477191413238,-0.1171399821109123
,,,,,,,,,,,,,,,,,,,,,,,b_d,eligible_record_counterfactual,,,,,,,,,,,,,,,,,,543.0,-0.1463495080500894,-0.1263305008944544
,,,,,,,,,,,,,,,,,,,,,,,b_d,eligible_record_counterfactual,,,,,,,,,,,,,,,,,,544.0,-0.1518280411449016,-0.11241614490161
,,,,,,,,,,,,,,,,,,,,,,,b_d,eligible_record_counterfactual,,,,,,,,,,,,,,,,,,545.0,-0.1505925760286225,-0.1034548300536672
,,,,,,,,,,,,,,,,,,,,,,,b_d,eligible_record_counterfactual,,,,,,,,,,,,,,,,,,546.0,-0.1492341234347048,-0.0936214221824687
,,,,,,,,,,,,,,,,,,,,,,,b_d,eligible_record_counterfactual,,,,,,,,,,,,,,,,,,547.0,-0.1238931127012522,-0.129477862254025
,,,,,,,,,,,,,,,,,,,,,,,b_d,eligible_record_counterfactual,,,,,,,,,,,,,,,,,,548.0,-0.1494689177101968,-0.1146578711985688
,,,,,,,,,,,,,,,,,,,,,,,b_d,eligible_record_counterfactual,,,,,,,,,,,,,,,,,,549.0,-0.1342687835420394,-0.1149206171735241
,,,,,,,,,,,,,,,,,,,,,,,b_d,eligible_record_counterfactual,,,,,,,,,,,,,,,,,,550.0,-0.1253466010733452,-0.1316636851520572
,,,,,,,,,,,,,,,,,,,,,,,b_d,eligible_record_counterfactual,,,,,,,,,,,,,,,,,,551.0,-0.1526442307692308,-0.1153343023255814
,,,,,,,,,,,,,,,,,,,,,,,b_d,eligible_record_counterfactual,,,,,,,,,,,,,,,,,,552.0,-0.1474340339892665,-0.0984402951699463
,,,,,,,,,,,,,,,,,,,,,,,b_d,eligible_record_counterfactual,,,,,,,,,,,,,,,,,,553.0,-0.1459917262969589,-0.1207289803220036
,,,,,,,,,,,,,,,,,,,,,,,b_d,eligible_record_counterfactual,,,,,,,,,,,,,,,,,,554.0,-0.1575916815742397,-0.0788461538461538
,,,,,,,,,,,,,,,,,,,,,,,b_d,eligible_record_counterfactual,,,,,,,,,,,,,,,,,,555.0,-0.1374944096601073,-0.1296567531305903
,,,,,,,,,,,,,,,,,,,,,,,b_d,eligible_record_counterfactual,,,,,,,,,,,,,,,,,,556.0,-0.1445326475849732,-0.1228141771019678
,,,,,,,,,,,,,,,,,,,,,,,b_d,eligible_record_counterfactual,,,,,,,,,,,,,,,,,,557.0,-0.1463383273703041,-0.1255702146690519
,,,,,,,,,,,,,,,,,,,,,,,b_d,eligible_record_counterfactual,,,,,,,,,,,,,,,,,,558.0,-0.1392944991055456,-0.1078767889087656
,,,,,,,,,,,,,,,,,,,,,,,b_d,eligible_record_counterfactual,,,,,,,,,,,,,,,,,,559.0,-0.1363092576028622,-0.1351073345259392
,,,,,,,,,,,,,,,,,,,,,,,b_d,eligible_record_counterfactual,,,,,,,,,,,,,,,,,,560.0,-0.1525380143112701,-0.1153957960644007
,,,,,,,,,,,,,,,,,,,,,,,b_d,eligible_record_counterfactual,,,,,,,,,,,,,,,,,,561.0,-0.1443649373881932,-0.1076643559928443
,,,,,,,,,,,,,,,,,,,,,,,b_d,eligible_record_counterfactual,,,,,,,,,,,,,,,,,,562.0,-0.1336314847942755,-0.1316972271914132
,,,,,,,,,,,,,,,,,,,,,,,b_d,eligible_record_counterfactual,,,,,,,,,,,,,,,,,,563.0,-0.1491558586762075,-0.0914970930232558
,,,,,,,,,,,,,,,,,,,,,,,b_d,eligible_record_counterfactual,,,,,,,,,,,,,,,,,,564.0,-0.1536784436493739,-0.1040865384615384
,,,,,,,,,,,,,,,,,,,,,,,b_d,eligible_record_counterfactual,,,,,,,,,,,,,,,,,,565.0,-0.1486303667262969,-0.0981160554561717
,,,,,,,,,,,,,,,,,,,,,,,b_d,eligible_record_counterfactual,,,,,,,,,,,,,,,,,,566.0,-0.1394845706618962,-0.1209637745974955
,,,,,,,,,,,,,,,,,,,,,,,b_d,eligible_record_counterfactual,,,,,,,,,,,,,,,,,,567.0,-0.1335588103756708,-0.1054058586762075
,,,,,,,,,,,,,,,,,,,,,,,b_d,eligible_record_counterfactual,,,,,,,,,,,,,,,,,,568.0,-0.1472048300536672,-0.104528175313059
,,,,,,,,,,,,,,,,,,,,,,,b_d,eligible_record_counterfactual,,,,,,,,,,,,,,,,,,569.0,-0.1513416815742397,-0.1149988819320214
,,,,,,,,,,,,,,,,,,,,,,,b_d,eligible_record_counterfactual,,,,,,,,,,,,,,,,,,570.0,-0.1359179338103757,-0.1136516100178891
,,,,,,,,,,,,,,,,,,,,,,,b_d,eligible_record_counterfactual,,,,,,,,,,,,,,,,,,571.0,-0.1111639087656529,-0.1677772808586762
,,,,,,,,,,,,,,,,,,,,,,,b_d,eligible_record_counterfactual,,,,,,,,,,,,,,,,,,572.0,-0.1453767889087656,-0.0969141323792486
,,,,,,,,,,,,,,,,,,,,,,,b_d,eligible_record_counterfactual,,,,,,,,,,,,,,,,,,573.0,-0.1433139534883721,-0.1024765205724508
,,,,,,,,,,,,,,,,,,,,,,,b_d,eligible_record_counterfactual,,,,,,,,,,,,,,,,,,574.0,-0.1457457513416815,-0.1121701699463327
,,,,,,,,,,,,,,,,,,,,,,,b_d,eligible_record_counterfactual,,,,,,,,,,,,,,,,,,575.0,-0.1281194096601073,-0.1393783542039356
,,,,,,,,,,,,,,,,,,,,,,,b_d,eligible_record_counterfactual,,,,,,,,,,,,,,,,,,576.0,-0.1438953488372093,-0.0978365384615384
,,,,,,,,,,,,,,,,,,,,,,,b_d,eligible_record_counterfactual,,,,,,,,,,,,,,,,,,577.0,-0.1533038908765653,-0.1120527728085867
,,,,,,,,,,,,,,,,,,,,,,,b_d,eligible_record_counterfactual,,,,,,,,,,,,,,,,,,578.0,-0.148429114490161,-0.0944543828264758
,,,,,,,,,,,,,,,,,,,,,,,b_d,eligible_record_counterfactual,,,,,,,,,,,,,,,,,,579.0,-0.1427884615384615,-0.0975011180679785
,,,,,,,,,,,,,,,,,,,,,,,b_d,eligible_record_counterfactual,,,,,,,,,,,,,,,,,,580.0,-0.1417262969588551,-0.0973166368515205
,,,,,,,,,,,,,,,,,,,,,,,b_d,eligible_record_counterfactual,,,,,,,,,,,,,,,,,,581.0,-0.1522025939177102,-0.1120248211091234
,,,,,,,,,,,,,,,,,,,,,,,b_d,eligible_record_counterfactual,,,,,,,,,,,,,,,,,,582.0,-0.1544722719141324,-0.1160666368515206
,,,,,,,,,,,,,,,,,,,,,,,b_d,eligible_record_counterfactual,,,,,,,,,,,,,,,,,,583.0,-0.1435711091234347,-0.096891771019678
,,,,,,,,,,,,,,,,,,,,,,,b_d,eligible_record_counterfactual,,,,,,,,,,,,,,,,,,584.0,-0.1427828711985689,-0.1317084078711985
,,,,,,,,,,,,,,,,,,,,,,,b_d,eligible_record_counterfactual,,,,,,,,,,,,,,,,,,585.0,-0.1392833184257603,-0.1124888193202146
,,,,,,,,,,,,,,,,,,,,,,,b_d,eligible_record_counterfactual,,,,,,,,,,,,,,,,,,586.0,-0.1468023255813953,-0.1250726744186046
,,,,,,,,,,,,,,,,,,,,,,,b_d,eligible_record_counterfactual,,,,,,,,,,,,,,,,,,587.0,-0.1474116726296959,-0.0996589892665474
,,,,,,,,,,,,,,,,,,,,,,,b_d,eligible_record_counterfactual,,,,,,,,,,,,,,,,,,588.0,-0.1386348389982111,-0.1143280411449016
,,,,,,,,,,,,,,,,,,,,,,,b_d,eligible_record_counterfactual,,,,,,,,,,,,,,,,,,589.0,-0.1414691413237925,-0.1245807245080501
,,,,,,,,,,,,,,,,,,,,,,,b_d,eligible_record_counterfactual,,,,,,,,,,,,,,,,,,590.0,-0.1387690071556351,-0.1123043381037567
,,,,,,,,,,,,,,,,,,,,,,,b_d,eligible_record_counterfactual,,,,,,,,,,,,,,,,,,591.0,-0.1382043828264758,-0.1373602415026834
,,,,,,,,,,,,,,,,,,,,,,,b_d,eligible_record_counterfactual,,,,,,,,,,,,,,,,,,592.0,-0.1663908765652952,-0.0972439624329159
,,,,,,,,,,,,,,,,,,,,,,,b_d,eligible_record_counterfactual,,,,,,,,,,,,,,,,,,593.0,-0.1549027280858676,-0.1105322003577817
,,,,,,,,,,,,,,,,,,,,,,,b_d,eligible_record_counterfactual,,,,,,,,,,,,,,,,,,594.0,-0.1446668157423971,-0.1125950357781753
,,,,,,,,,,,,,,,,,,,,,,,b_d,eligible_record_counterfactual,,,,,,,,,,,,,,,,,,595.0,-0.1268336314847943,-0.1111694991055456
,,,,,,,,,,,,,,,,,,,,,,,b_d,eligible_record_counterfactual,,,,,,,,,,,,,,,,,,596.0,-0.15016771019678,-0.1106495974955277
,,,,,,,,,,,,,,,,,,,,,,,b_d,eligible_record_counterfactual,,,,,,,,,,,,,,,,,,597.0,-0.149714892665474,-0.1013249105545617
,,,,,,,,,,,,,,,,,,,,,,,b_d,eligible_record_counterfactual,,,,,,,,,,,,,,,,,,598.0,-0.1406697227191413,-0.0749217352415027
,,,,,,,,,,,,,,,,,,,,,,,b_d,eligible_record_counterfactual,,,,,,,,,,,,,,,,,,599.0,-0.126369633273703,-0.1130031305903399
,,,,,,,,,,,,,,,,,,,,,,,b_d,eligible_record_counterfactual,,,,,,,,,,,,,,,,,,600.0,-0.1423915474060823,-0.1262634168157424
,,,,,,,,,,,,,,,,,,,,,,,b_d,eligible_record_counterfactual,,,,,,,,,,,,,,,,,,601.0,-0.1383665026833631,-0.106065518783542
,,,,,,,,,,,,,,,,,,,,,,,b_d,eligible_record_counterfactual,,,,,,,,,,,,,,,,,,602.0,-0.1456339445438283,-0.1304282200357782
,,,,,,,,,,,,,,,,,,,,,,,b_d,eligible_record_counterfactual,,,,,,,,,,,,,,,,,,603.0,-0.1291536225402504,-0.1320102862254025
,,,,,,,,,,,,,,,,,,,,,,,b_d,eligible_record_counterfactual,,,,,,,,,,,,,,,,,,604.0,-0.1591346153846154,-0.0957010286225402
,,,,,,,,,,,,,,,,,,,,,,,b_d,eligible_record_counterfactual,,,,,,,,,,,,,,,,,,605.0,-0.1347775044722719,-0.1316580948121646
,,,,,,,,,,,,,,,,,,,,,,,b_d,eligible_record_counterfactual,,,,,,,,,,,,,,,,,,606.0,-0.1471768783542039,-0.1259168157423971
,,,,,,,,,,,,,,,,,,,,,,,b_d,eligible_record_counterfactual,,,,,,,,,,,,,,,,,,607.0,-0.1578935599284436,-0.0858173076923077
,,,,,,,,,,,,,,,,,,,,,,,b_d,eligible_record_counterfactual,,,,,,,,,,,,,,,,,,608.0,-0.1577314400715563,-0.1085588103756708
,,,,,,,,,,,,,,,,,,,,,,,b_d,eligible_record_counterfactual,,,,,,,,,,,,,,,,,,609.0,-0.1236694991055456,-0.1222327817531306
,,,,,,,,,,,,,,,,,,,,,,,b_d,eligible_record_counterfactual,,,,,,,,,,,,,,,,,,610.0,-0.1595371198568873,-0.0933195438282647
,,,,,,,,,,,,,,,,,,,,,,,b_d,eligible_record_counterfactual,,,,,,,,,,,,,,,,,,611.0,-0.1561270125223613,-0.120220259391771
,,,,,,,,,,,,,,,,,,,,,,,b_d,eligible_record_counterfactual,,,,,,,,,,,,,,,,,,612.0,-0.1471601073345259,-0.0783821556350626
,,,,,,,,,,,,,,,,,,,,,,,b_d,eligible_record_counterfactual,,,,,,,,,,,,,,,,,,613.0,-0.1722216010733452,-0.1103644901610018
,,,,,,,,,,,,,,,,,,,,,,,b_d,eligible_record_counterfactual,,,,,,,,,,,,,,,,,,614.0,-0.1416200805008944,-0.126688282647585
,,,,,,,,,,,,,,,,,,,,,,,b_d,eligible_record_counterfactual,,,,,,,,,,,,,,,,,,615.0,-0.1270907871198569,-0.1030020125223613
,,,,,,,,,,,,,,,,,,,,,,,b_d,eligible_record_counterfactual,,,,,,,,,,,,,,,,,,616.0,-0.1438618067978533,-0.093682915921288
,,,,,,,,,,,,,,,,,,,,,,,b_d,eligible_record_counterfactual,,,,,,,,,,,,,,,,,,617.0,-0.1551990161001789,-0.0891435599284436
,,,,,,,,,,,,,,,,,,,,,,,b_d,eligible_record_counterfactual,,,,,,,,,,,,,,,,,,618.0,-0.1503186493738819,-0.117011404293381
,,,,,,,,,,,,,,,,,,,,,,,b_d,eligible_record_counterfactual,,,,,,,,,,,,,,,,,,619.0,-0.1226017441860465,-0.1227023703041145
,,,,,,,,,,,,,,,,,,,,,,,b_d,eligible_record_counterfactual,,,,,,,,,,,,,,,,,,620.0,-0.1515093917710197,-0.112214892665474
,,,,,,,,,,,,,,,,,,,,,,,b_d,eligible_record_counterfactual,,,,,,,,,,,,,,,,,,621.0,-0.1371310375670841,-0.0853756708407871
,,,,,,,,,,,,,,,,,,,,,,,b_d,eligible_record_counterfactual,,,,,,,,,,,,,,,,,,622.0,-0.1486359570661896,-0.1226967799642218
,,,,,,,,,,,,,,,,,,,,,,,b_d,eligible_record_counterfactual,,,,,,,,,,,,,,,,,,623.0,-0.1506820214669052,-0.1137186940966011
,,,,,,,,,,,,,,,,,,,,,,,b_d,eligible_record_counterfactual,,,,,,,,,,,,,,,,,,624.0,-0.1531473613595707,-0.1166648032200357
,,,,,,,,,,,,,,,,,,,,,,,b_d,eligible_record_counterfactual,,,,,,,,,,,,,,,,,,625.0,-0.1503857334525939,-0.1103700805008944
,,,,,,,,,,,,,,,,,,,,,,,b_d,eligible_record_counterfactual,,,,,,,,,,,,,,,,,,626.0,-0.1380199016100179,-0.1360465116279069
,,,,,,,,,,,,,,,,,,,,,,,b_d,eligible_record_counterfactual,,,,,,,,,,,,,,,,,,627.0,-0.137181350626118,-0.1002292039355993
,,,,,,,,,,,,,,,,,,,,,,,b_d,eligible_record_counterfactual,,,,,,,,,,,,,,,,,,628.0,-0.1522025939177102,-0.1096656976744186
,,,,,,,,,,,,,,,,,,,,,,,b_d,eligible_record_counterfactual,,,,,,,,,,,,,,,,,,629.0,-0.1636516100178891,-0.1077761627906977
,,,,,,,,,,,,,,,,,,,,,,,b_d,eligible_record_counterfactual,,,,,,,,,,,,,,,,,,630.0,-0.1334693649373882,-0.0986694991055456
,,,,,,,,,,,,,,,,,,,,,,,b_d,eligible_record_counterfactual,,,,,,,,,,,,,,,,,,631.0,-0.1456786672629696,-0.1131540697674418
,,,,,,,,,,,,,,,,,,,,,,,b_d,eligible_record_counterfactual,,,,,,,,,,,,,,,,,,632.0,-0.1327314400715563,-0.1273199910554562
,,,,,,,,,,,,,,,,,,,,,,,b_d,eligible_record_counterfactual,,,,,,,,,,,,,,,,,,633.0,-0.154679114490161,-0.1079941860465116
,,,,,,,,,,,,,,,,,,,,,,,b_d,eligible_record_counterfactual,,,,,,,,,,,,,,,,,,634.0,-0.14079271019678,-0.0984179338103756
,,,,,,,,,,,,,,,,,,,,,,,b_d,eligible_record_counterfactual,,,,,,,,,,,,,,,,,,635.0,-0.1434089892665474,-0.1088606887298747
,,,,,,,,,,,,,,,,,,,,,,,b_d,eligible_record_counterfactual,,,,,,,,,,,,,,,,,,636.0,-0.1400715563506261,-0.1161616726296959
,,,,,,,,,,,,,,,,,,,,,,,b_d,eligible_record_counterfactual,,,,,,,,,,,,,,,,,,637.0,-0.1556853756708408,-0.115742397137746
,,,,,,,,,,,,,,,,,,,,,,,b_d,eligible_record_counterfactual,,,,,,,,,,,,,,,,,,638.0,-0.1531641323792487,-0.1018559928443649
,,,,,,,,,,,,,,,,,,,,,,,b_d,eligible_record_counterfactual,,,,,,,,,,,,,,,,,,639.0,-0.1522193649373882,-0.1293716457960644
,,,,,,,,,,,,,,,,,,,,,,,b_d,eligible_record_counterfactual,,,,,,,,,,,,,,,,,,640.0,-0.1555735688729875,-0.1221153846153846
,,,,,,,,,,,,,,,,,,,,,,,b_d,eligible_record_counterfactual,,,,,,,,,,,,,,,,,,641.0,-0.1394118962432916,-0.0960252683363148
,,,,,,,,,,,,,,,,,,,,,,,b_d,eligible_record_counterfactual,,,,,,,,,,,,,,,,,,642.0,-0.1414188282647585,-0.1096768783542039
,,,,,,,,,,,,,,,,,,,,,,,b_d,eligible_record_counterfactual,,,,,,,,,,,,,,,,,,643.0,-0.1461314847942755,-0.1165362254025044
,,,,,,,,,,,,,,,,,,,,,,,b_d,eligible_record_counterfactual,,,,,,,,,,,,,,,,,,644.0,-0.1553331842576029,-0.0923803667262969
,,,,,,,,,,,,,,,,,,,,,,,b_d,eligible_record_counterfactual,,,,,,,,,,,,,,,,,,645.0,-0.157686717352415,-0.0952817531305903
,,,,,,,,,,,,,,,,,,,,,,,b_d,eligible_record_counterfactual,,,,,,,,,,,,,,,,,,646.0,-0.1462991949910554,-0.1085923524150268
,,,,,,,,,,,,,,,,,,,,,,,b_d,eligible_record_counterfactual,,,,,,,,,,,,,,,,,,647.0,-0.1503521914132379,-0.0899765205724508
,,,,,,,,,,,,,,,,,,,,,,,b_d,eligible_record_counterfactual,,,,,,,,,,,,,,,,,,648.0,-0.1396858228980322,-0.1148032200357782
,,,,,,,,,,,,,,,,,,,,,,,b_d,eligible_record_counterfactual,,,,,,,,,,,,,,,,,,649.0,-0.1409045169946333,-0.1259559481216458
,,,,,,,,,,,,,,,,,,,,,,,b_d,eligible_record_counterfactual,,,,,,,,,,,,,,,,,,650.0,-0.1358228980322003,-0.1187220483005367
,,,,,,,,,,,,,,,,,,,,,,,b_d,eligible_record_counterfactual,,,,,,,,,,,,,,,,,,651.0,-0.1379863595706619,-0.1322283094812165
,,,,,,,,,,,,,,,,,,,,,,,b_d,eligible_record_counterfactual,,,,,,,,,,,,,,,,,,652.0,-0.1336817978533095,-0.1247260733452594
,,,,,,,,,,,,,,,,,,,,,,,b_d,eligible_record_counterfactual,,,,,,,,,,,,,,,,,,653.0,-0.120253801431127,-0.1315295169946332
,,,,,,,,,,,,,,,,,,,,,,,b_d,eligible_record_counterfactual,,,,,,,,,,,,,,,,,,654.0,-0.1352526833631485,-0.1089836762075134
,,,,,,,,,,,,,,,,,,,,,,,b_d,eligible_record_counterfactual,,,,,,,,,,,,,,,,,,655.0,-0.1612086314847943,-0.1141771019677996
,,,,,,,,,,,,,,,,,,,,,,,b_d,eligible_record_counterfactual,,,,,,,,,,,,,,,,,,656.0,-0.1415474060822898,-0.1061437835420393
,,,,,,,,,,,,,,,,,,,,,,,b_d,eligible_record_counterfactual,,,,,,,,,,,,,,,,,,657.0,-0.1401050983899821,-0.1240552325581395
,,,,,,,,,,,,,,,,,,,,,,,b_d,eligible_record_counterfactual,,,,,,,,,,,,,,,,,,658.0,-0.1428108228980322,-0.1042095259391771
,,,,,,,,,,,,,,,,,,,,,,,b_d,eligible_record_counterfactual,,,,,,,,,,,,,,,,,,659.0,-0.1358340787119857,-0.1247260733452594
,,,,,,,,,,,,,,,,,,,,,,,b_d,eligible_record_counterfactual,,,,,,,,,,,,,,,,,,660.0,-0.1698457066189624,-0.0647640876565295
,,,,,,,,,,,,,,,,,,,,,,,b_d,eligible_record_counterfactual,,,,,,,,,,,,,,,,,,661.0,-0.1463774597495528,-0.1146355098389982
,,,,,,,,,,,,,,,,,,,,,,,b_d,eligible_record_counterfactual,,,,,,,,,,,,,,,,,,662.0,-0.1503130590339892,-0.1096656976744186
,,,,,,,,,,,,,,,,,,,,,,,b_d,eligible_record_counterfactual,,,,,,,,,,,,,,,,,,663.0,-0.1353029964221825,-0.1171008497316637
,,,,,,,,,,,,,,,,,,,,,,,b_d,eligible_record_counterfactual,,,,,,,,,,,,,,,,,,664.0,-0.1525883273703041,-0.1173188729874776
,,,,,,,,,,,,,,,,,,,,,,,b_d,eligible_record_counterfactual,,,,,,,,,,,,,,,,,,665.0,-0.1443481663685152,-0.1193593470483005
,,,,,,,,,,,,,,,,,,,,,,,b_d,eligible_record_counterfactual,,,,,,,,,,,,,,,,,,666.0,-0.1315518783542039,-0.1111024150268336
,,,,,,,,,,,,,,,,,,,,,,,b_d,eligible_record_counterfactual,,,,,,,,,,,,,,,,,,667.0,-0.1597439624329159,-0.0880925760286225
,,,,,,,,,,,,,,,,,,,,,,,b_d,eligible_record_counterfactual,,,,,,,,,,,,,,,,,,668.0,-0.1411001788908766,-0.1005310822898032
,,,,,,,,,,,,,,,,,,,,,,,b_d,eligible_record_counterfactual,,,,,,,,,,,,,,,,,,669.0,-0.1504584078711986,-0.087147808586762
,,,,,,,,,,,,,,,,,,,,,,,b_d,eligible_record_counterfactual,,,,,,,,,,,,,,,,,,670.0,-0.1501733005366726,-0.0909716010733452
,,,,,,,,,,,,,,,,,,,,,,,b_d,eligible_record_counterfactual,,,,,,,,,,,,,,,,,,671.0,-0.1451643559928443,-0.0967799642218247
,,,,,,,,,,,,,,,,,,,,,,,b_d,eligible_record_counterfactual,,,,,,,,,,,,,,,,,,672.0,-0.1427772808586762,-0.0966625670840787
,,,,,,,,,,,,,,,,,,,,,,,b_d,eligible_record_counterfactual,,,,,,,,,,,,,,,,,,673.0,-0.1325972719141324,-0.151537343470483
,,,,,,,,,,,,,,,,,,,,,,,b_d,eligible_record_counterfactual,,,,,,,,,,,,,,,,,,674.0,-0.1622875670840787,-0.0838718694096601
,,,,,,,,,,,,,,,,,,,,,,,b_d,eligible_record_counterfactual,,,,,,,,,,,,,,,,,,675.0,-0.1443537567084079,-0.1379975402504472
,,,,,,,,,,,,,,,,,,,,,,,b_d,eligible_record_counterfactual,,,,,,,,,,,,,,,,,,676.0,-0.1246310375670841,-0.1322227191413238
,,,,,,,,,,,,,,,,,,,,,,,b_d,eligible_record_counterfactual,,,,,,,,,,,,,,,,,,677.0,-0.1451084525939177,-0.1212321109123435
,,,,,,,,,,,,,,,,,,,,,,,b_d,eligible_record_counterfactual,,,,,,,,,,,,,,,,,,678.0,-0.1383385509838998,-0.1202426207513417
,,,,,,,,,,,,,,,,,,,,,,,b_d,eligible_record_counterfactual,,,,,,,,,,,,,,,,,,679.0,-0.1396578711985689,-0.1158877459749553
,,,,,,,,,,,,,,,,,,,,,,,b_d,eligible_record_counterfactual,,,,,,,,,,,,,,,,,,680.0,-0.1392274150268336,-0.1151610017889087
,,,,,,,,,,,,,,,,,,,,,,,b_d,eligible_record_counterfactual,,,,,,,,,,,,,,,,,,681.0,-0.1300704382826476,-0.1068984794275492
,,,,,,,,,,,,,,,,,,,,,,,b_d,eligible_record_counterfactual,,,,,,,,,,,,,,,,,,682.0,-0.156317084078712,-0.095019007155635
,,,,,,,,,,,,,,,,,,,,,,,b_d,eligible_record_counterfactual,,,,,,,,,,,,,,,,,,683.0,-0.1487254025044722,-0.0928723166368515
,,,,,,,,,,,,,,,,,,,,,,,b_d,eligible_record_counterfactual,,,,,,,,,,,,,,,,,,684.0,-0.1275100626118068,-0.1442699016100179
,,,,,,,,,,,,,,,,,,,,,,,b_d,eligible_record_counterfactual,,,,,,,,,,,,,,,,,,685.0,-0.1554114490161002,-0.1103421288014311
,,,,,,,,,,,,,,,,,,,,,,,b_d,eligible_record_counterfactual,,,,,,,,,,,,,,,,,,686.0,-0.157703488372093,-0.0710867620751341
,,,,,,,,,,,,,,,,,,,,,,,b_d,eligible_record_counterfactual,,,,,,,,,,,,,,,,,,687.0,-0.1416368515205724,-0.1168157423971377
,,,,,,,,,,,,,,,,,,,,,,,b_d,eligible_record_counterfactual,,,,,,,,,,,,,,,,,,688.0,-0.1235465116279069,-0.1250223613595706
,,,,,,,,,,,,,,,,,,,,,,,b_d,eligible_record_counterfactual,,,,,,,,,,,,,,,,,,689.0,-0.1367788461538461,-0.1207625223613595
,,,,,,,,,,,,,,,,,,,,,,,b_d,eligible_record_counterfactual,,,,,,,,,,,,,,,,,,690.0,-0.1520348837209302,-0.1104483452593917
,,,,,,,,,,,,,,,,,,,,,,,b_d,eligible_record_counterfactual,,,,,,,,,,,,,,,,,,691.0,-0.1562611806797853,-0.096757602862254
,,,,,,,,,,,,,,,,,,,,,,,b_d,eligible_record_counterfactual,,,,,,,,,,,,,,,,,,692.0,-0.1342631932021467,-0.1383050089445438
,,,,,,,,,,,,,,,,,,,,,,,b_d,eligible_record_counterfactual,,,,,,,,,,,,,,,,,,693.0,-0.1497093023255814,-0.1074575134168157
,,,,,,,,,,,,,,,,,,,,,,,b_d,eligible_record_counterfactual,,,,,,,,,,,,,,,,,,694.0,-0.157686717352415,-0.1117173524150268
,,,,,,,,,,,,,,,,,,,,,,,b_d,eligible_record_counterfactual,,,,,,,,,,,,,,,,,,695.0,-0.1302101967799642,-0.1272081842576028
,,,,,,,,,,,,,,,,,,,,,,,b_d,eligible_record_counterfactual,,,,,,,,,,,,,,,,,,696.0,-0.1585979427549195,-0.0890429338103756
,,,,,,,,,,,,,,,,,,,,,,,b_d,eligible_record_counterfactual,,,,,,,,,,,,,,,,,,697.0,-0.1647808586762075,-0.1159268783542039
,,,,,,,,,,,,,,,,,,,,,,,b_d,eligible_record_counterfactual,,,,,,,,,,,,,,,,,,698.0,-0.1524373881932021,-0.0862757155635062
,,,,,,,,,,,,,,,,,,,,,,,b_d,eligible_record_counterfactual,,,,,,,,,,,,,,,,,,699.0,-0.1291144901610018,-0.1263640429338104
,,,,,,,,,,,,,,,,,,,,,,,b_d,eligible_record_counterfactual,,,,,,,,,,,,,,,,,,700.0,-0.1324966457960644,-0.1112980769230769
,,,,,,,,,,,,,,,,,,,,,,,b_d,eligible_record_counterfactual,,,,,,,,,,,,,,,,,,701.0,-0.1556015205724508,-0.1101185152057245
,,,,,,,,,,,,,,,,,,,,,,,b_d,eligible_record_counterfactual,,,,,,,,,,,,,,,,,,702.0,-0.1395069320214669,-0.0909268783542039
,,,,,,,,,,,,,,,,,,,,,,,b_d,eligible_record_counterfactual,,,,,,,,,,,,,,,,,,703.0,-0.1363260286225402,-0.1023199910554562
,,,,,,,,,,,,,,,,,,,,,,,b_d,eligible_record_counterfactual,,,,,,,,,,,,,,,,,,704.0,-0.1462936046511628,-0.1036952146690518
,,,,,,,,,,,,,,,,,,,,,,,b_d,eligible_record_counterfactual,,,,,,,,,,,,,,,,,,705.0,-0.1273982558139535,-0.134341457960644
,,,,,,,,,,,,,,,,,,,,,,,b_d,eligible_record_counterfactual,,,,,,,,,,,,,,,,,,706.0,-0.1416815742397138,-0.0978700805008944
,,,,,,,,,,,,,,,,,,,,,,,b_d,eligible_record_counterfactual,,,,,,,,,,,,,,,,,,707.0,-0.1645740161001789,-0.096891771019678
,,,,,,,,,,,,,,,,,,,,,,,b_d,eligible_record_counterfactual,,,,,,,,,,,,,,,,,,708.0,-0.1525547853309481,-0.1172909212880143
,,,,,,,,,,,,,,,,,,,,,,,b_d,eligible_record_counterfactual,,,,,,,,,,,,,,,,,,709.0,-0.1484514758497317,-0.112399373881932
,,,,,,,,,,,,,,,,,,,,,,,b_d,eligible_record_counterfactual,,,,,,,,,,,,,,,,,,710.0,-0.156065518783542,-0.1032312164579606
,,,,,,,,,,,,,,,,,,,,,,,b_d,eligible_record_counterfactual,,,,,,,,,,,,,,,,,,711.0,-0.164020572450805,-0.1084134615384615
,,,,,,,,,,,,,,,,,,,,,,,b_d,eligible_record_counterfactual,,,,,,,,,,,,,,,,,,712.0,-0.1494409660107334,-0.1182748211091234
,,,,,,,,,,,,,,,,,,,,,,,b_d,eligible_record_counterfactual,,,,,,,,,,,,,,,,,,713.0,-0.1464780858676208,-0.0979651162790697
,,,,,,,,,,,,,,,,,,,,,,,b_d,eligible_record_counterfactual,,,,,,,,,,,,,,,,,,714.0,-0.1510006708407871,-0.082787343470483
,,,,,,,,,,,,,,,,,,,,,,,b_d,eligible_record_counterfactual,,,,,,,,,,,,,,,,,,715.0,-0.1439177101967799,-0.1195438282647585
,,,,,,,,,,,,,,,,,,,,,,,b_d,eligible_record_counterfactual,,,,,,,,,,,,,,,,,,716.0,-0.1471601073345259,-0.1113651610017889
,,,,,,,,,,,,,,,,,,,,,,,b_d,eligible_record_counterfactual,,,,,,,,,,,,,,,,,,717.0,-0.1248714221824687,-0.1116838103756708
,,,,,,,,,,,,,,,,,,,,,,,b_d,eligible_record_counterfactual,,,,,,,,,,,,,,,,,,718.0,-0.1508553220035778,-0.1069543828264758
,,,,,,,,,,,,,,,,,,,,,,,b_d,eligible_record_counterfactual,,,,,,,,,,,,,,,,,,719.0,-0.1476464669051878,-0.117112030411449
,,,,,,,,,,,,,,,,,,,,,,,b_d,eligible_record_counterfactual,,,,,,,,,,,,,,,,,,720.0,-0.1454271019677996,-0.0955277280858676
,,,,,,,,,,,,,,,,,,,,,,,b_d,eligible_record_counterfactual,,,,,,,,,,,,,,,,,,721.0,-0.1419834525939177,-0.1173412343470483
,,,,,,,,,,,,,,,,,,,,,,,b_d,eligible_record_counterfactual,,,,,,,,,,,,,,,,,,722.0,-0.1477023703041145,-0.0957345706618962
,,,,,,,,,,,,,,,,,,,,,,,b_d,eligible_record_counterfactual,,,,,,,,,,,,,,,,,,723.0,-0.1332066189624329,-0.118884168157424
,,,,,,,,,,,,,,,,,,,,,,,b_d,eligible_record_counterfactual,,,,,,,,,,,,,,,,,,724.0,-0.1532479874776386,-0.0882882379248658
,,,,,,,,,,,,,,,,,,,,,,,b_d,eligible_record_counterfactual,,,,,,,,,,,,,,,,,,725.0,-0.1430008944543828,-0.0987309928443649
,,,,,,,,,,,,,,,,,,,,,,,b_d,eligible_record_counterfactual,,,,,,,,,,,,,,,,,,726.0,-0.1472830948121646,-0.1223557692307692
,,,,,,,,,,,,,,,,,,,,,,,b_d,eligible_record_counterfactual,,,,,,,,,,,,,,,,,,727.0,-0.1445326475849732,-0.1239713774597495
,,,,,,,,,,,,,,,,,,,,,,,b_d,eligible_record_counterfactual,,,,,,,,,,,,,,,,,,728.0,-0.1318425760286225,-0.1309201699463327
,,,,,,,,,,,,,,,,,,,,,,,b_d,eligible_record_counterfactual,,,,,,,,,,,,,,,,,,729.0,-0.1473501788908766,-0.1060207960644007
,,,,,,,,,,,,,,,,,,,,,,,b_d,eligible_record_counterfactual,,,,,,,,,,,,,,,,,,730.0,-0.1472495527728086,-0.1065854203935599
,,,,,,,,,,,,,,,,,,,,,,,b_d,eligible_record_counterfactual,,,,,,,,,,,,,,,,,,731.0,-0.1481887298747764,-0.0890820661896243
,,,,,,,,,,,,,,,,,,,,,,,b_d,eligible_record_counterfactual,,,,,,,,,,,,,,,,,,732.0,-0.1471433363148479,-0.107804114490161
,,,,,,,,,,,,,,,,,,,,,,,b_d,eligible_record_counterfactual,,,,,,,,,,,,,,,,,,733.0,-0.1345315295169946,-0.1167039355992844
,,,,,,,,,,,,,,,,,,,,,,,b_d,eligible_record_counterfactual,,,,,,,,,,,,,,,,,,734.0,-0.1445438282647585,-0.1145404740608229
,,,,,,,,,,,,,,,,,,,,,,,b_d,eligible_record_counterfactual,,,,,,,,,,,,,,,,,,735.0,-0.1476967799642218,-0.0818761180679785
,,,,,,,,,,,,,,,,,,,,,,,b_d,eligible_record_counterfactual,,,,,,,,,,,,,,,,,,736.0,-0.1312891323792487,-0.1283542039355993
,,,,,,,,,,,,,,,,,,,,,,,b_d,eligible_record_counterfactual,,,,,,,,,,,,,,,,,,737.0,-0.1411113595706619,-0.1091961091234347
,,,,,,,,,,,,,,,,,,,,,,,b_d,eligible_record_counterfactual,,,,,,,,,,,,,,,,,,738.0,-0.1491838103756708,-0.1127515652951699
,,,,,,,,,,,,,,,,,,,,,,,b_d,eligible_record_counterfactual,,,,,,,,,,,,,,,,,,739.0,-0.1341122540250447,-0.1164244186046511
,,,,,,,,,,,,,,,,,,,,,,,b_d,eligible_record_counterfactual,,,,,,,,,,,,,,,,,,740.0,-0.1432692307692308,-0.0932468694096601
,,,,,,,,,,,,,,,,,,,,,,,b_d,eligible_record_counterfactual,,,,,,,,,,,,,,,,,,741.0,-0.1396858228980322,-0.1440574686940966
,,,,,,,,,,,,,,,,,,,,,,,b_d,eligible_record_counterfactual,,,,,,,,,,,,,,,,,,742.0,-0.1263752236135957,-0.1242788461538461
,,,,,,,,,,,,,,,,,,,,,,,b_d,eligible_record_counterfactual,,,,,,,,,,,,,,,,,,743.0,-0.1470538908765653,-0.1218638193202146
,,,,,,,,,,,,,,,,,,,,,,,b_d,eligible_record_counterfactual,,,,,,,,,,,,,,,,,,744.0,-0.1353085867620751,-0.1308698568872987
,,,,,,,,,,,,,,,,,,,,,,,b_d,eligible_record_counterfactual,,,,,,,,,,,,,,,,,,745.0,-0.1430567978533095,-0.120119633273703
,,,,,,,,,,,,,,,,,,,,,,,b_d,eligible_record_counterfactual,,,,,,,,,,,,,,,,,,746.0,-0.1451252236135957,-0.1182860017889087
,,,,,,,,,,,,,,,,,,,,,,,b_d,eligible_record_counterfactual,,,,,,,,,,,,,,,,,,747.0,-0.1474284436493739,-0.132804114490161
,,,,,,,,,,,,,,,,,,,,,,,b_d,eligible_record_counterfactual,,,,,,,,,,,,,,,,,,748.0,-0.143867397137746,-0.1025436046511628
,,,,,,,,,,,,,,,,,,,,,,,b_d,eligible_record_counterfactual,,,,,,,,,,,,,,,,,,749.0,-0.1480713327370304,-0.1189177101967799
,,,,,,,,,,,,,,,,,,,,,,,b_d,eligible_record_counterfactual,,,,,,,,,,,,,,,,,,750.0,-0.1237589445438282,-0.1211594364937388
,,,,,,,,,,,,,,,,,,,,,,,b_d,eligible_record_counterfactual,,,,,,,,,,,,,,,,,,751.0,-0.1487589445438283,-0.0910666368515206
,,,,,,,,,,,,,,,,,,,,,,,b_d,eligible_record_counterfactual,,,,,,,,,,,,,,,,,,752.0,-0.1435431574239714,-0.1332681127012522
,,,,,,,,,,,,,,,,,,,,,,,b_d,eligible_record_counterfactual,,,,,,,,,,,,,,,,,,753.0,-0.1568090339892665,-0.0815910107334526
,,,,,,,,,,,,,,,,,,,,,,,b_d,eligible_record_counterfactual,,,,,,,,,,,,,,,,,,754.0,-0.1481216457960644,-0.1125894454382826
,,,,,,,,,,,,,,,,,,,,,,,b_d,eligible_record_counterfactual,,,,,,,,,,,,,,,,,,755.0,-0.1303834973166368,-0.1135286225402504
,,,,,,,,,,,,,,,,,,,,,,,b_d,eligible_record_counterfactual,,,,,,,,,,,,,,,,,,756.0,-0.1361471377459749,-0.1384335867620751
,,,,,,,,,,,,,,,,,,,,,,,b_d,eligible_record_counterfactual,,,,,,,,,,,,,,,,,,757.0,-0.1397920393559928,-0.129544946332737
,,,,,,,,,,,,,,,,,,,,,,,b_d,eligible_record_counterfactual,,,,,,,,,,,,,,,,,,758.0,-0.1397417262969588,-0.1082960644007155
,,,,,,,,,,,,,,,,,,,,,,,b_d,eligible_record_counterfactual,,,,,,,,,,,,,,,,,,759.0,-0.1297014758497316,-0.1272081842576028
,,,,,,,,,,,,,,,,,,,,,,,b_d,eligible_record_counterfactual,,,,,,,,,,,,,,,,,,760.0,-0.1429114490161002,-0.1133944543828265
,,,,,,,,,,,,,,,,,,,,,,,b_d,eligible_record_counterfactual,,,,,,,,,,,,,,,,,,761.0,-0.1380478533094812,-0.1426934257602862
,,,,,,,,,,,,,,,,,,,,,,,b_d,eligible_record_counterfactual,,,,,,,,,,,,,,,,,,762.0,-0.1536113595706619,-0.1319767441860465
,,,,,,,,,,,,,,,,,,,,,,,b_d,eligible_record_counterfactual,,,,,,,,,,,,,,,,,,763.0,-0.1392274150268336,-0.1286169499105545
,,,,,,,,,,,,,,,,,,,,,,,b_d,eligible_record_counterfactual,,,,,,,,,,,,,,,,,,764.0,-0.1463830500894454,-0.1082848837209302
,,,,,,,,,,,,,,,,,,,,,,,b_d,eligible_record_counterfactual,,,,,,,,,,,,,,,,,,765.0,-0.1604986583184258,-0.092078488372093
,,,,,,,,,,,,,,,,,,,,,,,b_d,eligible_record_counterfactual,,,,,,,,,,,,,,,,,,766.0,-0.132703488372093,-0.0976073345259392
,,,,,,,,,,,,,,,,,,,,,,,b_d,eligible_record_counterfactual,,,,,,,,,,,,,,,,,,767.0,-0.1397361359570662,-0.1010677549194991
,,,,,,,,,,,,,,,,,,,,,,,b_d,eligible_record_counterfactual,,,,,,,,,,,,,,,,,,768.0,-0.1418045617173524,-0.1199631037567084
,,,,,,,,,,,,,,,,,,,,,,,b_d,eligible_record_counterfactual,,,,,,,,,,,,,,,,,,769.0,-0.1375055903398926,-0.1132714669051878
,,,,,,,,,,,,,,,,,,,,,,,b_d,eligible_record_counterfactual,,,,,,,,,,,,,,,,,,770.0,-0.141894007155635,-0.1082960644007155
,,,,,,,,,,,,,,,,,,,,,,,b_d,eligible_record_counterfactual,,,,,,,,,,,,,,,,,,771.0,-0.1336370751341681,-0.1242508944543828
,,,,,,,,,,,,,,,,,,,,,,,b_d,eligible_record_counterfactual,,,,,,,,,,,,,,,,,,772.0,-0.1474004919499106,-0.1133329606440071
,,,,,,,,,,,,,,,,,,,,,,,b_d,eligible_record_counterfactual,,,,,,,,,,,,,,,,,,773.0,-0.1355936940966011,-0.1005366726296959
,,,,,,,,,,,,,,,,,,,,,,,b_d,eligible_record_counterfactual,,,,,,,,,,,,,,,,,,774.0,-0.1554841234347048,-0.0944655635062611
,,,,,,,,,,,,,,,,,,,,,,,b_d,eligible_record_counterfactual,,,,,,,,,,,,,,,,,,775.0,-0.1226352862254025,-0.13108228980322
,,,,,,,,,,,,,,,,,,,,,,,b_d,eligible_record_counterfactual,,,,,,,,,,,,,,,,,,776.0,-0.1524821109123435,-0.0977415026833631
,,,,,,,,,,,,,,,,,,,,,,,b_d,eligible_record_counterfactual,,,,,,,,,,,,,,,,,,777.0,-0.1254360465116279,-0.1561214221824687
,,,,,,,,,,,,,,,,,,,,,,,b_d,eligible_record_counterfactual,,,,,,,,,,,,,,,,,,778.0,-0.1383105992844365,-0.1141323792486583
,,,,,,,,,,,,,,,,,,,,,,,b_d,eligible_record_counterfactual,,,,,,,,,,,,,,,,,,779.0,-0.1425145348837209,-0.1347886851520572
,,,,,,,,,,,,,,,,,,,,,,,b_d,eligible_record_counterfactual,,,,,,,,,,,,,,,,,,780.0,-0.1384615384615385,-0.1108843917710197
,,,,,,,,,,,,,,,,,,,,,,,b_d,eligible_record_counterfactual,,,,,,,,,,,,,,,,,,781.0,-0.1493738819320214,-0.1037008050089445
,,,,,,,,,,,,,,,,,,,,,,,b_d,eligible_record_counterfactual,,,,,,,,,,,,,,,,,,782.0,-0.1548076923076923,-0.115306350626118
,,,,,,,,,,,,,,,,,,,,,,,b_d,eligible_record_counterfactual,,,,,,,,,,,,,,,,,,783.0,-0.1452258497316637,-0.1008329606440071
,,,,,,,,,,,,,,,,,,,,,,,b_d,eligible_record_counterfactual,,,,,,,,,,,,,,,,,,784.0,-0.1659212880143113,-0.104578488372093
,,,,,,,,,,,,,,,,,,,,,,,b_d,eligible_record_counterfactual,,,,,,,,,,,,,,,,,,785.0,-0.1543716457960644,-0.0931350626118068
,,,,,,,,,,,,,,,,,,,,,,,b_d,eligible_record_counterfactual,,,,,,,,,,,,,,,,,,786.0,-0.161063282647585,-0.1044387298747764
,,,,,,,,,,,,,,,,,,,,,,,b_d,eligible_record_counterfactual,,,,,,,,,,,,,,,,,,787.0,-0.1480825134168157,-0.1195270572450805
,,,,,,,,,,,,,,,,,,,,,,,b_d,eligible_record_counterfactual,,,,,,,,,,,,,,,,,,788.0,-0.138701923076923,-0.1195214669051878
,,,,,,,,,,,,,,,,,,,,,,,b_d,eligible_record_counterfactual,,,,,,,,,,,,,,,,,,789.0,-0.1327426207513417,-0.1307077370304114
,,,,,,,,,,,,,,,,,,,,,,,b_d,eligible_record_counterfactual,,,,,,,,,,,,,,,,,,790.0,-0.1245639534883721,-0.0889646690518783
,,,,,,,,,,,,,,,,,,,,,,,b_d,eligible_record_counterfactual,,,,,,,,,,,,,,,,,,791.0,-0.1329997763864043,-0.1400268336314848
,,,,,,,,,,,,,,,,,,,,,,,b_d,eligible_record_counterfactual,,,,,,,,,,,,,,,,,,792.0,-0.1322618515205725,-0.1280635062611806
,,,,,,,,,,,,,,,,,,,,,,,b_d,eligible_record_counterfactual,,,,,,,,,,,,,,,,,,793.0,-0.1281641323792486,-0.1227359123434704
,,,,,,,,,,,,,,,,,,,,,,,b_d,eligible_record_counterfactual,,,,,,,,,,,,,,,,,,794.0,-0.1368794722719141,-0.0999105545617173
,,,,,,,,,,,,,,,,,,,,,,,b_d,eligible_record_counterfactual,,,,,,,,,,,,,,,,,,795.0,-0.142044946332737,-0.1256484794275492
,,,,,,,,,,,,,,,,,,,,,,,b_d,eligible_record_counterfactual,,,,,,,,,,,,,,,,,,796.0,-0.1386963327370304,-0.1283653846153846
,,,,,,,,,,,,,,,,,,,,,,,b_d,eligible_record_counterfactual,,,,,,,,,,,,,,,,,,797.0,-0.1479203935599284,-0.1140820661896243
,,,,,,,,,,,,,,,,,,,,,,,b_d,eligible_record_counterfactual,,,,,,,,,,,,,,,,,,798.0,-0.1410889982110912,-0.1097327817531306
,,,,,,,,,,,,,,,,,,,,,,,b_d,eligible_record_counterfactual,,,,,,,,,,,,,,,,,,799.0,-0.1474563953488372,-0.1083519677996422
,,,,,,,,,,,,,,,,,,,,,,,b_d,eligible_record_counterfactual,,,,,,,,,,,,,,,,,,800.0,-0.1424474508050089,-0.117128801431127
,,,,,,,,,,,,,,,,,,,,,,,b_d,eligible_record_counterfactual,,,,,,,,,,,,,,,,,,801.0,-0.1564233005366726,-0.0946891771019678
,,,,,,,,,,,,,,,,,,,,,,,b_d,eligible_record_counterfactual,,,,,,,,,,,,,,,,,,802.0,-0.1329941860465116,-0.12162343470483
,,,,,,,,,,,,,,,,,,,,,,,b_d,eligible_record_counterfactual,,,,,,,,,,,,,,,,,,803.0,-0.1489210644007156,-0.1061940966010733
,,,,,,,,,,,,,,,,,,,,,,,b_d,eligible_record_counterfactual,,,,,,,,,,,,,,,,,,804.0,-0.1481272361359571,-0.1081730769230769
,,,,,,,,,,,,,,,,,,,,,,,b_d,eligible_record_counterfactual,,,,,,,,,,,,,,,,,,805.0,-0.1502403846153846,-0.1047517889087656
,,,,,,,,,,,,,,,,,,,,,,,b_d,eligible_record_counterfactual,,,,,,,,,,,,,,,,,,806.0,-0.1434537119856887,-0.1104148032200358
,,,,,,,,,,,,,,,,,,,,,,,b_d,eligible_record_counterfactual,,,,,,,,,,,,,,,,,,807.0,-0.143565518783542,-0.1192195885509839
,,,,,,,,,,,,,,,,,,,,,,,b_d,eligible_record_counterfactual,,,,,,,,,,,,,,,,,,808.0,-0.1460308586762075,-0.0843302772808586
,,,,,,,,,,,,,,,,,,,,,,,b_d,eligible_record_counterfactual,,,,,,,,,,,,,,,,,,809.0,-0.1434257602862254,-0.1148367620751341
,,,,,,,,,,,,,,,,,,,,,,,b_d,eligible_record_counterfactual,,,,,,,,,,,,,,,,,,810.0,-0.1449742844364937,-0.1085029069767442
,,,,,,,,,,,,,,,,,,,,,,,b_d,eligible_record_counterfactual,,,,,,,,,,,,,,,,,,811.0,-0.135794946332737,-0.1320270572450805
,,,,,,,,,,,,,,,,,,,,,,,b_d,eligible_record_counterfactual,,,,,,,,,,,,,,,,,,812.0,-0.148445885509839,-0.107569320214669
,,,,,,,,,,,,,,,,,,,,,,,b_d,eligible_record_counterfactual,,,,,,,,,,,,,,,,,,813.0,-0.1597551431127012,-0.1035778175313059
,,,,,,,,,,,,,,,,,,,,,,,b_d,eligible_record_counterfactual,,,,,,,,,,,,,,,,,,814.0,-0.1360912343470483,-0.118884168157424
,,,,,,,,,,,,,,,,,,,,,,,b_d,eligible_record_counterfactual,,,,,,,,,,,,,,,,,,815.0,-0.1425760286225403,-0.1099060822898032
,,,,,,,,,,,,,,,,,,,,,,,b_d,eligible_record_counterfactual,,,,,,,,,,,,,,,,,,816.0,-0.1511627906976744,-0.11537343470483
,,,,,,,,,,,,,,,,,,,,,,,b_d,eligible_record_counterfactual,,,,,,,,,,,,,,,,,,817.0,-0.1546902951699463,-0.0966849284436493
,,,,,,,,,,,,,,,,,,,,,,,b_d,eligible_record_counterfactual,,,,,,,,,,,,,,,,,,818.0,-0.1497428443649374,-0.1269286672629696
,,,,,,,,,,,,,,,,,,,,,,,b_d,eligible_record_counterfactual,,,,,,,,,,,,,,,,,,819.0,-0.1416200805008944,-0.117028175313059
,,,,,,,,,,,,,,,,,,,,,,,b_d,eligible_record_counterfactual,,,,,,,,,,,,,,,,,,820.0,-0.1486359570661896,-0.1046176207513417
,,,,,,,,,,,,,,,,,,,,,,,b_d,eligible_record_counterfactual,,,,,,,,,,,,,,,,,,821.0,-0.149714892665474,-0.1080612701252236
,,,,,,,,,,,,,,,,,,,,,,,b_d,eligible_record_counterfactual,,,,,,,,,,,,,,,,,,822.0,-0.1410219141323792,-0.151587656529517
,,,,,,,,,,,,,,,,,,,,,,,b_d,eligible_record_counterfactual,,,,,,,,,,,,,,,,,,823.0,-0.1597271914132379,-0.0785051431127012
,,,,,,,,,,,,,,,,,,,,,,,b_d,eligible_record_counterfactual,,,,,,,,,,,,,,,,,,824.0,-0.1503745527728086,-0.1150380143112701
,,,,,,,,,,,,,,,,,,,,,,,b_d,eligible_record_counterfactual,,,,,,,,,,,,,,,,,,825.0,-0.1370919051878354,-0.1119689177101968
,,,,,,,,,,,,,,,,,,,,,,,b_d,eligible_record_counterfactual,,,,,,,,,,,,,,,,,,826.0,-0.1429002683363149,-0.1133161896243291
,,,,,,,,,,,,,,,,,,,,,,,b_d,eligible_record_counterfactual,,,,,,,,,,,,,,,,,,827.0,-0.120270572450805,-0.1251677101967799
,,,,,,,,,,,,,,,,,,,,,,,b_d,eligible_record_counterfactual,,,,,,,,,,,,,,,,,,828.0,-0.1581954382826476,-0.1088662790697674
,,,,,,,,,,,,,,,,,,,,,,,b_d,eligible_record_counterfactual,,,,,,,,,,,,,,,,,,829.0,-0.1455277280858676,-0.1242229427549195
,,,,,,,,,,,,,,,,,,,,,,,b_d,eligible_record_counterfactual,,,,,,,,,,,,,,,,,,830.0,-0.1531864937388193,-0.0931686046511628
,,,,,,,,,,,,,,,,,,,,,,,b_d,eligible_record_counterfactual,,,,,,,,,,,,,,,,,,831.0,-0.13133385509839,-0.1070046958855098
,,,,,,,,,,,,,,,,,,,,,,,b_d,eligible_record_counterfactual,,,,,,,,,,,,,,,,,,832.0,-0.1382323345259392,-0.1156641323792486
,,,,,,,,,,,,,,,,,,,,,,,b_d,eligible_record_counterfactual,,,,,,,,,,,,,,,,,,833.0,-0.1537008050089445,-0.0985576923076923
,,,,,,,,,,,,,,,,,,,,,,,b_d,eligible_record_counterfactual,,,,,,,,,,,,,,,,,,834.0,-0.148311717352415,-0.1093190966010733
,,,,,,,,,,,,,,,,,,,,,,,b_d,eligible_record_counterfactual,,,,,,,,,,,,,,,,,,835.0,-0.1344868067978533,-0.0974899373881932
,,,,,,,,,,,,,,,,,,,,,,,b_d,eligible_record_counterfactual,,,,,,,,,,,,,,,,,,836.0,-0.1394118962432916,-0.1107893559928443
,,,,,,,,,,,,,,,,,,,,,,,b_d,eligible_record_counterfactual,,,,,,,,,,,,,,,,,,837.0,-0.131317084078712,-0.1396914132379249
,,,,,,,,,,,,,,,,,,,,,,,b_d,eligible_record_counterfactual,,,,,,,,,,,,,,,,,,838.0,-0.1351744186046511,-0.1296735241502683
,,,,,,,,,,,,,,,,,,,,,,,b_d,eligible_record_counterfactual,,,,,,,,,,,,,,,,,,839.0,-0.1481663685152057,-0.1192475402504472
,,,,,,,,,,,,,,,,,,,,,,,b_d,eligible_record_counterfactual,,,,,,,,,,,,,,,,,,840.0,-0.1487477638640429,-0.0873211091234347
,,,,,,,,,,,,,,,,,,,,,,,b_d,eligible_record_counterfactual,,,,,,,,,,,,,,,,,,841.0,-0.1547014758497316,-0.0952314400715563
,,,,,,,,,,,,,,,,,,,,,,,b_d,eligible_record_counterfactual,,,,,,,,,,,,,,,,,,842.0,-0.1372707960644007,-0.1193928890876565
,,,,,,,,,,,,,,,,,,,,,,,b_d,eligible_record_counterfactual,,,,,,,,,,,,,,,,,,843.0,-0.1360241502683363,-0.1149485688729875
,,,,,,,,,,,,,,,,,,,,,,,b_d,eligible_record_counterfactual,,,,,,,,,,,,,,,,,,844.0,-0.1413741055456172,-0.1252851073345259
,,,,,,,,,,,,,,,,,,,,,,,b_d,eligible_record_counterfactual,,,,,,,,,,,,,,,,,,845.0,-0.1398647137745975,-0.1057748211091234
,,,,,,,,,,,,,,,,,,,,,,,b_d,eligible_record_counterfactual,,,,,,,,,,,,,,,,,,846.0,-0.1338047853309481,-0.1230992844364937
,,,,,,,,,,,,,,,,,,,,,,,b_d,eligible_record_counterfactual,,,,,,,,,,,,,,,,,,847.0,-0.1328264758497316,-0.1330668604651163
,,,,,,,,,,,,,,,,,,,,,,,b_d,eligible_record_counterfactual,,,,,,,,,,,,,,,,,,848.0,-0.1656473613595707,-0.1215675313059034
,,,,,,,,,,,,,,,,,,,,,,,b_d,eligible_record_counterfactual,,,,,,,,,,,,,,,,,,849.0,-0.1469476744186046,-0.1036225402504472
,,,,,,,,,,,,,,,,,,,,,,,b_d,eligible_record_counterfactual,,,,,,,,,,,,,,,,,,850.0,-0.1445326475849732,-0.0996310375670841
,,,,,,,,,,,,,,,,,,,,,,,b_d,eligible_record_counterfactual,,,,,,,,,,,,,,,,,,851.0,-0.1487477638640429,-0.0871757602862254
,,,,,,,,,,,,,,,,,,,,,,,b_d,eligible_record_counterfactual,,,,,,,,,,,,,,,,,,852.0,-0.1336314847942755,-0.0925760286225402
,,,,,,,,,,,,,,,,,,,,,,,b_d,eligible_record_counterfactual,,,,,,,,,,,,,,,,,,853.0,-0.1497372540250447,-0.1095371198568873
,,,,,,,,,,,,,,,,,,,,,,,b_d,eligible_record_counterfactual,,,,,,,,,,,,,,,,,,854.0,-0.148328488372093,-0.1104483452593917
,,,,,,,,,,,,,,,,,,,,,,,b_d,eligible_record_counterfactual,,,,,,,,,,,,,,,,,,855.0,-0.1358228980322003,-0.1229259838998211
,,,,,,,,,,,,,,,,,,,,,,,b_d,eligible_record_counterfactual,,,,,,,,,,,,,,,,,,856.0,-0.1582848837209302,-0.0847104203935599
,,,,,,,,,,,,,,,,,,,,,,,b_d,eligible_record_counterfactual,,,,,,,,,,,,,,,,,,857.0,-0.1536057692307692,-0.1154852415026833
,,,,,,,,,,,,,,,,,,,,,,,b_d,eligible_record_counterfactual,,,,,,,,,,,,,,,,,,858.0,-0.1531697227191413,-0.0930679785330948
,,,,,,,,,,,,,,,,,,,,,,,b_d,eligible_record_counterfactual,,,,,,,,,,,,,,,,,,859.0,-0.143766771019678,-0.0970986135957066
,,,,,,,,,,,,,,,,,,,,,,,b_d,eligible_record_counterfactual,,,,,,,,,,,,,,,,,,860.0,-0.1282256261180679,-0.1202258497316637
,,,,,,,,,,,,,,,,,,,,,,,b_d,eligible_record_counterfactual,,,,,,,,,,,,,,,,,,861.0,-0.1446220930232558,-0.0962544722719141
,,,,,,,,,,,,,,,,,,,,,,,b_d,eligible_record_counterfactual,,,,,,,,,,,,,,,,,,862.0,-0.1508832737030412,-0.1153175313059034
,,,,,,,,,,,,,,,,,,,,,,,b_d,eligible_record_counterfactual,,,,,,,,,,,,,,,,,,863.0,-0.153259168157424,-0.0991223166368515
,,,,,,,,,,,,,,,,,,,,,,,b_d,eligible_record_counterfactual,,,,,,,,,,,,,,,,,,864.0,-0.1522081842576028,-0.0903846153846154
,,,,,,,,,,,,,,,,,,,,,,,b_d,eligible_record_counterfactual,,,,,,,,,,,,,,,,,,865.0,-0.138886404293381,-0.1237254025044723
,,,,,,,,,,,,,,,,,,,,,,,b_d,eligible_record_counterfactual,,,,,,,,,,,,,,,,,,866.0,-0.1269957513416816,-0.1036337209302325
,,,,,,,,,,,,,,,,,,,,,,,b_d,eligible_record_counterfactual,,,,,,,,,,,,,,,,,,867.0,-0.1393392218246869,-0.112600626118068
,,,,,,,,,,,,,,,,,,,,,,,b_d,eligible_record_counterfactual,,,,,,,,,,,,,,,,,,868.0,-0.1447338998211091,-0.0989546064400715
,,,,,,,,,,,,,,,,,,,,,,,b_d,eligible_record_counterfactual,,,,,,,,,,,,,,,,,,869.0,-0.1384224060822898,-0.1048132826475849
,,,,,,,,,,,,,,,,,,,,,,,b_d,eligible_record_counterfactual,,,,,,,,,,,,,,,,,,870.0,-0.1243403398926654,-0.1206730769230769
,,,,,,,,,,,,,,,,,,,,,,,b_d,eligible_record_counterfactual,,,,,,,,,,,,,,,,,,871.0,-0.1429841234347048,-0.1269230769230769
,,,,,,,,,,,,,,,,,,,,,,,b_d,eligible_record_counterfactual,,,,,,,,,,,,,,,,,,872.0,-0.1282144454382826,-0.1151498211091234
,,,,,,,,,,,,,,,,,,,,,,,b_d,eligible_record_counterfactual,,,,,,,,,,,,,,,,,,873.0,-0.1455444991055456,-0.1229092128801431
,,,,,,,,,,,,,,,,,,,,,,,b_d,eligible_record_counterfactual,,,,,,,,,,,,,,,,,,874.0,-0.1474004919499106,-0.118733228980322
,,,,,,,,,,,,,,,,,,,,,,,b_d,eligible_record_counterfactual,,,,,,,,,,,,,,,,,,875.0,-0.1552884615384615,-0.1201755366726297
,,,,,,,,,,,,,,,,,,,,,,,b_d,eligible_record_counterfactual,,,,,,,,,,,,,,,,,,876.0,-0.1392944991055456,-0.1340787119856887
,,,,,,,,,,,,,,,,,,,,,,,b_d,eligible_record_counterfactual,,,,,,,,,,,,,,,,,,877.0,-0.1470203488372093,-0.1093526386404293
,,,,,,,,,,,,,,,,,,,,,,,b_d,eligible_record_counterfactual,,,,,,,,,,,,,,,,,,878.0,-0.1526274597495528,-0.0849675760286225
,,,,,,,,,,,,,,,,,,,,,,,b_d,eligible_record_counterfactual,,,,,,,,,,,,,,,,,,879.0,-0.1524932915921288,-0.1116223166368515
,,,,,,,,,,,,,,,,,,,,,,,b_d,eligible_record_counterfactual,,,,,,,,,,,,,,,,,,880.0,-0.1282312164579606,-0.1297909212880143
,,,,,,,,,,,,,,,,,,,,,,,b_d,eligible_record_counterfactual,,,,,,,,,,,,,,,,,,881.0,-0.1479539355992844,-0.1120527728085867
,,,,,,,,,,,,,,,,,,,,,,,b_d,eligible_record_counterfactual,,,,,,,,,,,,,,,,,,882.0,-0.1590116279069767,-0.0868459302325581
,,,,,,,,,,,,,,,,,,,,,,,b_d,eligible_record_counterfactual,,,,,,,,,,,,,,,,,,883.0,-0.1390317531305903,-0.1183195438282647
,,,,,,,,,,,,,,,,,,,,,,,b_d,eligible_record_counterfactual,,,,,,,,,,,,,,,,,,884.0,-0.1400547853309481,-0.1423021019677996
,,,,,,,,,,,,,,,,,,,,,,,b_d,eligible_record_counterfactual,,,,,,,,,,,,,,,,,,885.0,-0.1642497763864043,-0.1000391323792486
,,,,,,,,,,,,,,,,,,,,,,,b_d,eligible_record_counterfactual,,,,,,,,,,,,,,,,,,886.0,-0.1407815295169946,-0.1366726296958855
,,,,,,,,,,,,,,,,,,,,,,,b_d,eligible_record_counterfactual,,,,,,,,,,,,,,,,,,887.0,-0.1481328264758497,-0.1064456618962433
,,,,,,,,,,,,,,,,,,,,,,,b_d,eligible_record_counterfactual,,,,,,,,,,,,,,,,,,888.0,-0.1451252236135957,-0.1186046511627907
,,,,,,,,,,,,,,,,,,,,,,,b_d,eligible_record_counterfactual,,,,,,,,,,,,,,,,,,889.0,-0.1444543828264758,-0.1148479427549195
,,,,,,,,,,,,,,,,,,,,,,,b_d,eligible_record_counterfactual,,,,,,,,,,,,,,,,,,890.0,-0.1425480769230769,-0.1216178443649374
,,,,,,,,,,,,,,,,,,,,,,,b_d,eligible_record_counterfactual,,,,,,,,,,,,,,,,,,891.0,-0.1415529964221824,-0.1171343917710197
,,,,,,,,,,,,,,,,,,,,,,,b_d,eligible_record_counterfactual,,,,,,,,,,,,,,,,,,892.0,-0.1451084525939177,-0.1176319320214669
,,,,,,,,,,,,,,,,,,,,,,,b_d,eligible_record_counterfactual,,,,,,,,,,,,,,,,,,893.0,-0.1391882826475849,-0.1239322450805009
,,,,,,,,,,,,,,,,,,,,,,,b_d,eligible_record_counterfactual,,,,,,,,,,,,,,,,,,894.0,-0.1399653398926655,-0.1036896243291592
,,,,,,,,,,,,,,,,,,,,,,,b_d,eligible_record_counterfactual,,,,,,,,,,,,,,,,,,895.0,-0.1512186940966011,-0.1158486135957066
,,,,,,,,,,,,,,,,,,,,,,,b_d,eligible_record_counterfactual,,,,,,,,,,,,,,,,,,896.0,-0.1385174418604651,-0.1047406082289803
,,,,,,,,,,,,,,,,,,,,,,,b_d,eligible_record_counterfactual,,,,,,,,,,,,,,,,,,897.0,-0.1468135062611807,-0.0999888193202147
,,,,,,,,,,,,,,,,,,,,,,,b_d,eligible_record_counterfactual,,,,,,,,,,,,,,,,,,898.0,-0.1481328264758497,-0.1203152951699463
,,,,,,,,,,,,,,,,,,,,,,,b_d,eligible_record_counterfactual,,,,,,,,,,,,,,,,,,899.0,-0.1478644901610018,-0.1037231663685152
,,,,,,,,,,,,,,,,,,,,,,,b_d,eligible_record_counterfactual,,,,,,,,,,,,,,,,,,900.0,-0.1377012522361359,-0.1262019230769231
,,,,,,,,,,,,,,,,,,,,,,,b_d,eligible_record_counterfactual,,,,,,,,,,,,,,,,,,901.0,-0.1526777728085868,-0.0885789355992844
,,,,,,,,,,,,,,,,,,,,,,,b_d,eligible_record_counterfactual,,,,,,,,,,,,,,,,,,902.0,-0.1269622093023256,-0.1473389982110912
,,,,,,,,,,,,,,,,,,,,,,,b_d,eligible_record_counterfactual,,,,,,,,,,,,,,,,,,903.0,-0.1453320661896243,-0.1101911896243292
,,,,,,,,,,,,,,,,,,,,,,,b_d,eligible_record_counterfactual,,,,,,,,,,,,,,,,,,904.0,-0.1410330948121646,-0.1135621645796064
,,,,,,,,,,,,,,,,,,,,,,,b_d,eligible_record_counterfactual,,,,,,,,,,,,,,,,,,905.0,-0.16224843470483,-0.0961817978533095
,,,,,,,,,,,,,,,,,,,,,,,b_d,eligible_record_counterfactual,,,,,,,,,,,,,,,,,,906.0,-0.1357725849731664,-0.1064959749552773
,,,,,,,,,,,,,,,,,,,,,,,b_d,eligible_record_counterfactual,,,,,,,,,,,,,,,,,,907.0,-0.1448457066189624,-0.1339389534883721
,,,,,,,,,,,,,,,,,,,,,,,b_d,eligible_record_counterfactual,,,,,,,,,,,,,,,,,,908.0,-0.146875,-0.1036784436493739
,,,,,,,,,,,,,,,,,,,,,,,b_d,eligible_record_counterfactual,,,,,,,,,,,,,,,,,,909.0,-0.1428555456171735,-0.1014814400715563
,,,,,,,,,,,,,,,,,,,,,,,b_d,eligible_record_counterfactual,,,,,,,,,,,,,,,,,,910.0,-0.1457960644007156,-0.0897584973166368
,,,,,,,,,,,,,,,,,,,,,,,b_d,eligible_record_counterfactual,,,,,,,,,,,,,,,,,,911.0,-0.1661449016100179,-0.1177213774597495
,,,,,,,,,,,,,,,,,,,,,,,b_d,eligible_record_counterfactual,,,,,,,,,,,,,,,,,,912.0,-0.1625447227191413,-0.081266771019678
,,,,,,,,,,,,,,,,,,,,,,,b_d,eligible_record_counterfactual,,,,,,,,,,,,,,,,,,913.0,-0.1418492844364937,-0.1062444096601073
,,,,,,,,,,,,,,,,,,,,,,,b_d,eligible_record_counterfactual,,,,,,,,,,,,,,,,,,914.0,-0.1431127012522361,-0.1101017441860465
,,,,,,,,,,,,,,,,,,,,,,,b_d,eligible_record_counterfactual,,,,,,,,,,,,,,,,,,915.0,-0.145337656529517,-0.1128186493738819
,,,,,,,,,,,,,,,,,,,,,,,b_d,eligible_record_counterfactual,,,,,,,,,,,,,,,,,,916.0,-0.1406026386404293,-0.1171679338103756
,,,,,,,,,,,,,,,,,,,,,,,b_d,eligible_record_counterfactual,,,,,,,,,,,,,,,,,,917.0,-0.1476017441860465,-0.0920896690518783
,,,,,,,,,,,,,,,,,,,,,,,b_d,eligible_record_counterfactual,,,,,,,,,,,,,,,,,,918.0,-0.1382714669051878,-0.1089221824686941
,,,,,,,,,,,,,,,,,,,,,,,b_d,eligible_record_counterfactual,,,,,,,,,,,,,,,,,,919.0,-0.1221209749552773,-0.1174698121645796
,,,,,,,,,,,,,,,,,,,,,,,b_d,eligible_record_counterfactual,,,,,,,,,,,,,,,,,,920.0,-0.1352023703041145,-0.1207625223613595
,,,,,,,,,,,,,,,,,,,,,,,b_d,eligible_record_counterfactual,,,,,,,,,,,,,,,,,,921.0,-0.1455389087656529,-0.1020069320214669
,,,,,,,,,,,,,,,,,,,,,,,b_d,eligible_record_counterfactual,,,,,,,,,,,,,,,,,,922.0,-0.1462768336314848,-0.1198009838998211
,,,,,,,,,,,,,,,,,,,,,,,b_d,eligible_record_counterfactual,,,,,,,,,,,,,,,,,,923.0,-0.142262969588551,-0.1121869409660107
,,,,,,,,,,,,,,,,,,,,,,,b_d,eligible_record_counterfactual,,,,,,,,,,,,,,,,,,924.0,-0.1487589445438283,-0.0972216010733452
,,,,,,,,,,,,,,,,,,,,,,,b_d,eligible_record_counterfactual,,,,,,,,,,,,,,,,,,925.0,-0.128309481216458,-0.1089277728085867
,,,,,,,,,,,,,,,,,,,,,,,b_d,eligible_record_counterfactual,,,,,,,,,,,,,,,,,,926.0,-0.1418157423971377,-0.0997037119856887
,,,,,,,,,,,,,,,,,,,,,,,b_d,eligible_record_counterfactual,,,,,,,,,,,,,,,,,,927.0,-0.1239154740608229,-0.1360856440071556
,,,,,,,,,,,,,,,,,,,,,,,b_d,eligible_record_counterfactual,,,,,,,,,,,,,,,,,,928.0,-0.1511739713774597,-0.10954271019678
,,,,,,,,,,,,,,,,,,,,,,,b_d,eligible_record_counterfactual,,,,,,,,,,,,,,,,,,929.0,-0.1359682468694096,-0.1283206618962433
,,,,,,,,,,,,,,,,,,,,,,,b_d,eligible_record_counterfactual,,,,,,,,,,,,,,,,,,930.0,-0.1323065742397138,-0.1016603309481216
,,,,,,,,,,,,,,,,,,,,,,,b_d,eligible_record_counterfactual,,,,,,,,,,,,,,,,,,931.0,-0.142061717352415,-0.115524373881932
,,,,,,,,,,,,,,,,,,,,,,,b_d,eligible_record_counterfactual,,,,,,,,,,,,,,,,,,932.0,-0.1273255813953488,-0.1025659660107334
,,,,,,,,,,,,,,,,,,,,,,,b_d,eligible_record_counterfactual,,,,,,,,,,,,,,,,,,933.0,-0.1416592128801431,-0.1065798300536672
,,,,,,,,,,,,,,,,,,,,,,,b_d,eligible_record_counterfactual,,,,,,,,,,,,,,,,,,934.0,-0.1353980322003578,-0.1293213327370304
,,,,,,,,,,,,,,,,,,,,,,,b_d,eligible_record_counterfactual,,,,,,,,,,,,,,,,,,935.0,-0.1548971377459749,-0.098227862254025
,,,,,,,,,,,,,,,,,,,,,,,b_d,eligible_record_counterfactual,,,,,,,,,,,,,,,,,,936.0,-0.1504304561717352,-0.1119800983899821
,,,,,,,,,,,,,,,,,,,,,,,b_d,eligible_record_counterfactual,,,,,,,,,,,,,,,,,,937.0,-0.1261963327370304,-0.111063282647585
,,,,,,,,,,,,,,,,,,,,,,,b_d,eligible_record_counterfactual,,,,,,,,,,,,,,,,,,938.0,-0.1406138193202147,-0.1098501788908765
,,,,,,,,,,,,,,,,,,,,,,,b_d,eligible_record_counterfactual,,,,,,,,,,,,,,,,,,939.0,-0.1423524150268336,-0.1412119856887299
,,,,,,,,,,,,,,,,,,,,,,,b_d,eligible_record_counterfactual,,,,,,,,,,,,,,,,,,940.0,-0.146740831842576,-0.1026162790697674
,,,,,,,,,,,,,,,,,,,,,,,b_d,eligible_record_counterfactual,,,,,,,,,,,,,,,,,,941.0,-0.1581395348837209,-0.1036449016100179
,,,,,,,,,,,,,,,,,,,,,,,b_d,eligible_record_counterfactual,,,,,,,,,,,,,,,,,,942.0,-0.1387186940966011,-0.1168101520572451
,,,,,,,,,,,,,,,,,,,,,,,b_d,eligible_record_counterfactual,,,,,,,,,,,,,,,,,,943.0,-0.12820885509839,-0.1337265205724508
,,,,,,,,,,,,,,,,,,,,,,,b_d,eligible_record_counterfactual,,,,,,,,,,,,,,,,,,944.0,-0.124899373881932,-0.1207737030411449
,,,,,,,,,,,,,,,,,,,,,,,b_d,eligible_record_counterfactual,,,,,,,,,,,,,,,,,,945.0,-0.1464780858676208,-0.0983843917710197
,,,,,,,,,,,,,,,,,,,,,,,b_d,eligible_record_counterfactual,,,,,,,,,,,,,,,,,,946.0,-0.1334637745974955,-0.1197338998211091
,,,,,,,,,,,,,,,,,,,,,,,b_d,eligible_record_counterfactual,,,,,,,,,,,,,,,,,,947.0,-0.130948121645796,-0.117363595706619
,,,,,,,,,,,,,,,,,,,,,,,b_d,eligible_record_counterfactual,,,,,,,,,,,,,,,,,,948.0,-0.1401777728085868,-0.070253801431127
,,,,,,,,,,,,,,,,,,,,,,,b_d,eligible_record_counterfactual,,,,,,,,,,,,,,,,,,949.0,-0.1365943649373882,-0.1103309481216458
,,,,,,,,,,,,,,,,,,,,,,,b_d,eligible_record_counterfactual,,,,,,,,,,,,,,,,,,950.0,-0.1416592128801431,-0.1053779069767442
,,,,,,,,,,,,,,,,,,,,,,,b_d,eligible_record_counterfactual,,,,,,,,,,,,,,,,,,951.0,-0.1444543828264758,-0.1566916368515206
,,,,,,,,,,,,,,,,,,,,,,,b_d,eligible_record_counterfactual,,,,,,,,,,,,,,,,,,952.0,-0.1497931574239714,-0.0923468246869409
,,,,,,,,,,,,,,,,,,,,,,,b_d,eligible_record_counterfactual,,,,,,,,,,,,,,,,,,953.0,-0.1446388640429338,-0.0916088998211091
,,,,,,,,,,,,,,,,,,,,,,,b_d,eligible_record_counterfactual,,,,,,,,,,,,,,,,,,954.0,-0.1331227638640429,-0.126453488372093
,,,,,,,,,,,,,,,,,,,,,,,b_d,eligible_record_counterfactual,,,,,,,,,,,,,,,,,,955.0,-0.1483173076923077,-0.1128466010733452
,,,,,,,,,,,,,,,,,,,,,,,b_d,eligible_record_counterfactual,,,,,,,,,,,,,,,,,,956.0,-0.1419051878354204,-0.1262522361359571
,,,,,,,,,,,,,,,,,,,,,,,b_d,eligible_record_counterfactual,,,,,,,,,,,,,,,,,,957.0,-0.1413349731663685,-0.1269286672629696
,,,,,,,,,,,,,,,,,,,,,,,b_d,eligible_record_counterfactual,,,,,,,,,,,,,,,,,,958.0,-0.1474396243291592,-0.1159045169946333
,,,,,,,,,,,,,,,,,,,,,,,b_d,eligible_record_counterfactual,,,,,,,,,,,,,,,,,,959.0,-0.14991614490161,-0.1249888193202146
,,,,,,,,,,,,,,,,,,,,,,,b_d,eligible_record_counterfactual,,,,,,,,,,,,,,,,,,960.0,-0.1512466457960644,-0.1083743291592128
,,,,,,,,,,,,,,,,,,,,,,,b_d,eligible_record_counterfactual,,,,,,,,,,,,,,,,,,961.0,-0.1466122540250447,-0.1127627459749553
,,,,,,,,,,,,,,,,,,,,,,,b_d,eligible_record_counterfactual,,,,,,,,,,,,,,,,,,962.0,-0.1406697227191413,-0.1223949016100179
,,,,,,,,,,,,,,,,,,,,,,,b_d,eligible_record_counterfactual,,,,,,,,,,,,,,,,,,963.0,-0.1329438729874776,-0.1237645348837209
,,,,,,,,,,,,,,,,,,,,,,,b_d,eligible_record_counterfactual,,,,,,,,,,,,,,,,,,964.0,-0.1424083184257603,-0.0905467352415027
,,,,,,,,,,,,,,,,,,,,,,,b_d,eligible_record_counterfactual,,,,,,,,,,,,,,,,,,965.0,-0.1503242397137746,-0.1214780858676207
,,,,,,,,,,,,,,,,,,,,,,,b_d,eligible_record_counterfactual,,,,,,,,,,,,,,,,,,966.0,-0.1535442754919499,-0.1011124776386404
,,,,,,,,,,,,,,,,,,,,,,,b_d,eligible_record_counterfactual,,,,,,,,,,,,,,,,,,967.0,-0.1537511180679785,-0.1014143559928443
,,,,,,,,,,,,,,,,,,,,,,,b_d,eligible_record_counterfactual,,,,,,,,,,,,,,,,,,968.0,-0.1447115384615384,-0.1392665474060823
,,,,,,,,,,,,,,,,,,,,,,,b_d,eligible_record_counterfactual,,,,,,,,,,,,,,,,,,969.0,-0.1292766100178891,-0.116944320214669
,,,,,,,,,,,,,,,,,,,,,,,b_d,eligible_record_counterfactual,,,,,,,,,,,,,,,,,,970.0,-0.1282256261180679,-0.1156529516994633
,,,,,,,,,,,,,,,,,,,,,,,b_d,eligible_record_counterfactual,,,,,,,,,,,,,,,,,,971.0,-0.1479707066189624,-0.1054282200357782
,,,,,,,,,,,,,,,,,,,,,,,b_d,eligible_record_counterfactual,,,,,,,,,,,,,,,,,,972.0,-0.1518224508050089,-0.082569320214669
,,,,,,,,,,,,,,,,,,,,,,,b_d,eligible_record_counterfactual,,,,,,,,,,,,,,,,,,973.0,-0.1209693649373882,-0.1156864937388193
,,,,,,,,,,,,,,,,,,,,,,,b_d,eligible_record_counterfactual,,,,,,,,,,,,,,,,,,974.0,-0.145203488372093,-0.1077929338103756
,,,,,,,,,,,,,,,,,,,,,,,b_d,eligible_record_counterfactual,,,,,,,,,,,,,,,,,,975.0,-0.142061717352415,-0.120086091234347
,,,,,,,,,,,,,,,,,,,,,,,b_d,eligible_record_counterfactual,,,,,,,,,,,,,,,,,,976.0,-0.1627347942754919,-0.0800648479427549
,,,,,,,,,,,,,,,,,,,,,,,b_d,eligible_record_counterfactual,,,,,,,,,,,,,,,,,,977.0,-0.1379807692307692,-0.1099508050089445
,,,,,,,,,,,,,,,,,,,,,,,b_d,eligible_record_counterfactual,,,,,,,,,,,,,,,,,,978.0,-0.1386068872987478,-0.0993627012522361
,,,,,,,,,,,,,,,,,,,,,,,b_d,eligible_record_counterfactual,,,,,,,,,,,,,,,,,,979.0,-0.1391994633273703,-0.1011516100178891
,,,,,,,,,,,,,,,,,,,,,,,b_d,eligible_record_counterfactual,,,,,,,,,,,,,,,,,,980.0,-0.1518224508050089,-0.10287343470483
,,,,,,,,,,,,,,,,,,,,,,,b_d,eligible_record_counterfactual,,,,,,,,,,,,,,,,,,981.0,-0.1105936940966011,-0.1432300983899821
,,,,,,,,,,,,,,,,,,,,,,,b_d,eligible_record_counterfactual,,,,,,,,,,,,,,,,,,982.0,-0.1426822450805009,-0.0878689624329159
,,,,,,,,,,,,,,,,,,,,,,,b_d,eligible_record_counterfactual,,,,,,,,,,,,,,,,,,983.0,-0.1549474508050089,-0.091910778175313
,,,,,,,,,,,,,,,,,,,,,,,b_d,eligible_record_counterfactual,,,,,,,,,,,,,,,,,,984.0,-0.1562220483005366,-0.1102023703041145
,,,,,,,,,,,,,,,,,,,,,,,b_d,eligible_record_counterfactual,,,,,,,,,,,,,,,,,,985.0,-0.1377906976744186,-0.1430400268336315
,,,,,,,,,,,,,,,,,,,,,,,b_d,eligible_record_counterfactual,,,,,,,,,,,,,,,,,,986.0,-0.1426934257602862,-0.0951084525939177
,,,,,,,,,,,,,,,,,,,,,,,b_d,eligible_record_counterfactual,,,,,,,,,,,,,,,,,,987.0,-0.1470203488372093,-0.0920673076923077
,,,,,,,,,,,,,,,,,,,,,,,b_d,eligible_record_counterfactual,,,,,,,,,,,,,,,,,,988.0,-0.1415809481216458,-0.120153175313059
,,,,,,,,,,,,,,,,,,,,,,,b_d,eligible_record_counterfactual,,,,,,,,,,,,,,,,,,989.0,-0.1516771019677996,-0.1070046958855098
,,,,,,,,,,,,,,,,,,,,,,,b_d,eligible_record_counterfactual,,,,,,,,,,,,,,,,,,990.0,-0.1462153398926655,-0.1067922629695885
,,,,,,,,,,,,,,,,,,,,,,,b_d,eligible_record_counterfactual,,,,,,,,,,,,,,,,,,991.0,-0.1447842128801431,-0.1191469141323792
,,,,,,,,,,,,,,,,,,,,,,,b_d,eligible_record_counterfactual,,,,,,,,,,,,,,,,,,992.0,-0.1370248211091234,-0.1276945438282647
,,,,,,,,,,,,,,,,,,,,,,,b_d,eligible_record_counterfactual,,,,,,,,,,,,,,,,,,993.0,-0.152990831842576,-0.1123211091234347
,,,,,,,,,,,,,,,,,,,,,,,b_d,eligible_record_counterfactual,,,,,,,,,,,,,,,,,,994.0,-0.1490887745974955,-0.1053443649373882
,,,,,,,,,,,,,,,,,,,,,,,b_d,eligible_record_counterfactual,,,,,,,,,,,,,,,,,,995.0,-0.1438729874776387,-0.1262466457960644
,,,,,,,,,,,,,,,,,,,,,,,b_d,eligible_record_counterfactual,,,,,,,,,,,,,,,,,,996.0,-0.1417654293381038,-0.0978868515205724
,,,,,,,,,,,,,,,,,,,,,,,b_d,eligible_record_counterfactual,,,,,,,,,,,,,,,,,,997.0,-0.1512634168157424,-0.1165753577817531
,,,,,,,,,,,,,,,,,,,,,,,b_d,eligible_record_counterfactual,,,,,,,,,,,,,,,,,,998.0,-0.1217631932021467,-0.1390317531305903
,,,,,,,,,,,,,,,,,,,,,,,b_d,observed_boundary,,,,,,,,,,,,,,,,,,,-0.1718805903398927,-0.0653007602862254
