figure,panel,system,metric,x_value,fraction_events_ge,event_scale_rows
Supplementary Figure 1,a,"Wandering albatross, 100 m",n_runs,3,1.0,11592
Supplementary Figure 1,a,"Wandering albatross, 100 m",n_runs,4,0.7968426501035196,11592
Supplementary Figure 1,a,"Wandering albatross, 100 m",n_runs,5,0.6611456176673568,11592
Supplementary Figure 1,a,"Wandering albatross, 100 m",n_runs,6,0.5718599033816425,11592
Supplementary Figure 1,a,"Wandering albatross, 100 m",n_runs,7,0.5077639751552795,11592
Supplementary Figure 1,a,"Wandering albatross, 100 m",n_runs,8,0.45678053830227744,11592
Supplementary Figure 1,a,"Wandering albatross, 100 m",n_runs,9,0.4116632160110421,11592
Supplementary Figure 1,a,"Wandering albatross, 100 m",n_runs,10,0.3750862663906142,11592
Supplementary Figure 1,a,"Wandering albatross, 100 m",n_runs,11,0.3480848861283644,11592
Supplementary Figure 1,a,"Wandering albatross, 100 m",n_runs,12,0.32263630089717044,11592
Supplementary Figure 1,a,"Wandering albatross, 100 m",n_runs,13,0.30081090407177363,11592
Supplementary Figure 1,a,"Wandering albatross, 100 m",n_runs,14,0.2824361628709455,11592
Supplementary Figure 1,a,"Wandering albatross, 100 m",n_runs,15,0.2640614216701173,11592
Supplementary Figure 1,a,"Wandering albatross, 100 m",n_runs,16,0.24723947550034506,11592
Supplementary Figure 1,a,"Wandering albatross, 100 m",n_runs,17,0.23378191856452726,11592
Supplementary Figure 1,a,"Wandering albatross, 100 m",n_runs,18,0.2205831608005521,11592
Supplementary Figure 1,a,"Wandering albatross, 100 m",n_runs,19,0.2080745341614907,11592
Supplementary Figure 1,a,"Wandering albatross, 100 m",n_runs,20,0.19798136645962733,11592
Supplementary Figure 1,a,"Wandering albatross, 100 m",n_runs,21,0.18840579710144928,11592
Supplementary Figure 1,a,"Wandering albatross, 100 m",n_runs,22,0.17960662525879917,11592
Supplementary Figure 1,a,"Wandering albatross, 100 m",n_runs,23,0.17167011732229123,11592
Supplementary Figure 1,a,"Wandering albatross, 100 m",n_runs,24,0.16304347826086957,11592
Supplementary Figure 1,a,"Wandering albatross, 100 m",n_runs,25,0.15502070393374742,11592
Supplementary Figure 1,a,"Wandering albatross, 100 m",n_runs,26,0.14794685990338163,11592
Supplementary Figure 1,a,"Wandering albatross, 100 m",n_runs,27,0.14182194616977226,11592
Supplementary Figure 1,a,"Wandering albatross, 100 m",n_runs,28,0.1348343685300207,11592
Supplementary Figure 1,a,"Wandering albatross, 100 m",n_runs,29,0.1290545203588682,11592
Supplementary Figure 1,a,"Wandering albatross, 100 m",n_runs,30,0.12370600414078675,11592
Supplementary Figure 1,a,"Wandering albatross, 100 m",n_runs,31,0.11956521739130435,11592
Supplementary Figure 1,a,"Wandering albatross, 100 m",n_runs,32,0.11611456176673568,11592
Supplementary Figure 1,a,"Wandering albatross, 100 m",n_runs,33,0.11206004140786749,11592
Supplementary Figure 1,a,"Wandering albatross, 100 m",n_runs,34,0.10757418909592822,11592
Supplementary Figure 1,a,"Wandering albatross, 100 m",n_runs,35,0.10498619737750173,11592
Supplementary Figure 1,a,"Wandering albatross, 100 m",n_runs,36,0.10101794340924776,11592
Supplementary Figure 1,a,"Wandering albatross, 100 m",n_runs,37,0.09782608695652174,11592
Supplementary Figure 1,a,"Wandering albatross, 100 m",n_runs,38,0.0950655624568668,11592
Supplementary Figure 1,a,"Wandering albatross, 100 m",n_runs,39,0.09178743961352658,11592
Supplementary Figure 1,a,"Wandering albatross, 100 m",n_runs,40,0.08850931677018634,11592
Supplementary Figure 1,a,"Wandering albatross, 100 m",n_runs,41,0.08609385783298827,11592
Supplementary Figure 1,a,"Wandering albatross, 100 m",n_runs,42,0.08333333333333333,11592
Supplementary Figure 1,a,"Wandering albatross, 100 m",n_runs,43,0.08091787439613526,11592
Supplementary Figure 1,a,"Wandering albatross, 100 m",n_runs,44,0.0785024154589372,11592
Supplementary Figure 1,a,"Wandering albatross, 100 m",n_runs,45,0.07505175983436853,11592
Supplementary Figure 1,a,"Wandering albatross, 100 m",n_runs,46,0.07298136645962733,11592
Supplementary Figure 1,a,"Wandering albatross, 100 m",n_runs,47,0.07039337474120083,11592
Supplementary Figure 1,a,"Wandering albatross, 100 m",n_runs,48,0.06771911663216011,11592
Supplementary Figure 1,a,"Wandering albatross, 100 m",n_runs,49,0.06521739130434782,11592
Supplementary Figure 1,a,"Wandering albatross, 100 m",n_runs,50,0.06323326432022085,11592
Supplementary Figure 1,a,"Wandering albatross, 100 m",n_runs,51,0.06193926846100759,11592
Supplementary Figure 1,a,"Wandering albatross, 100 m",n_runs,52,0.06030020703933747,11592
Supplementary Figure 1,a,"Wandering albatross, 100 m",n_runs,53,0.05805728088336784,11592
Supplementary Figure 1,a,"Wandering albatross, 100 m",n_runs,54,0.05702208419599724,11592
Supplementary Figure 1,a,"Wandering albatross, 100 m",n_runs,55,0.05598688750862664,11592
Supplementary Figure 1,a,"Wandering albatross, 100 m",n_runs,56,0.05434782608695652,11592
Supplementary Figure 1,a,"Wandering albatross, 100 m",n_runs,57,0.05227743271221532,11592
Supplementary Figure 1,a,"Wandering albatross, 100 m",n_runs,58,0.050724637681159424,11592
Supplementary Figure 1,a,"Wandering albatross, 100 m",n_runs,59,0.049516908212560384,11592
Supplementary Figure 1,a,"Wandering albatross, 100 m",n_runs,60,0.04830917874396135,11592
Supplementary Figure 1,a,"Wandering albatross, 100 m",n_runs,61,0.047015182884748104,11592
Supplementary Figure 1,a,"Wandering albatross, 100 m",n_runs,62,0.04563492063492063,11592
Supplementary Figure 1,a,"Wandering albatross, 100 m",n_runs,63,0.045117322291235336,11592
Supplementary Figure 1,a,"Wandering albatross, 100 m",n_runs,64,0.043909592822636304,11592
Supplementary Figure 1,a,"Wandering albatross, 100 m",n_runs,65,0.042874396135265704,11592
Supplementary Figure 1,a,"Wandering albatross, 100 m",n_runs,66,0.041839199447895103,11592
Supplementary Figure 1,a,"Wandering albatross, 100 m",n_runs,67,0.04089026915113872,11592
Supplementary Figure 1,a,"Wandering albatross, 100 m",n_runs,68,0.039941338854382336,11592
Supplementary Figure 1,a,"Wandering albatross, 100 m",n_runs,69,0.03881987577639751,11592
Supplementary Figure 1,a,"Wandering albatross, 100 m",n_runs,70,0.03743961352657005,11592
Supplementary Figure 1,a,"Wandering albatross, 100 m",n_runs,71,0.03631815044858523,11592
Supplementary Figure 1,a,"Wandering albatross, 100 m",n_runs,72,0.035024154589371984,11592
Supplementary Figure 1,a,"Wandering albatross, 100 m",n_runs,73,0.03424775707384403,11592
Supplementary Figure 1,a,"Wandering albatross, 100 m",n_runs,74,0.03373015873015873,11592
Supplementary Figure 1,a,"Wandering albatross, 100 m",n_runs,75,0.03243616287094548,11592
Supplementary Figure 1,a,"Wandering albatross, 100 m",n_runs,76,0.03165976535541753,11592
Supplementary Figure 1,a,"Wandering albatross, 100 m",n_runs,77,0.031055900621118012,11592
Supplementary Figure 1,a,"Wandering albatross, 100 m",n_runs,78,0.030279503105590064,11592
Supplementary Figure 1,a,"Wandering albatross, 100 m",n_runs,79,0.029158040027605244,11592
Supplementary Figure 1,a,"Wandering albatross, 100 m",n_runs,80,0.028554175293305728,11592
Supplementary Figure 1,a,"Wandering albatross, 100 m",n_runs,81,0.027605244996549344,11592
Supplementary Figure 1,a,"Wandering albatross, 100 m",n_runs,82,0.026915113871635612,11592
Supplementary Figure 1,a,"Wandering albatross, 100 m",n_runs,83,0.02665631469979296,11592
Supplementary Figure 1,a,"Wandering albatross, 100 m",n_runs,84,0.025879917184265012,11592
Supplementary Figure 1,a,"Wandering albatross, 100 m",n_runs,85,0.02562111801242236,11592
Supplementary Figure 1,a,"Wandering albatross, 100 m",n_runs,86,0.025017253278122844,11592
Supplementary Figure 1,a,"Wandering albatross, 100 m",n_runs,87,0.02458592132505176,11592
Supplementary Figure 1,a,"Wandering albatross, 100 m",n_runs,88,0.024240855762594892,11592
Supplementary Figure 1,a,"Wandering albatross, 100 m",n_runs,89,0.023809523809523808,11592
Supplementary Figure 1,a,"Wandering albatross, 100 m",n_runs,90,0.023205659075224292,11592
Supplementary Figure 1,a,"Wandering albatross, 100 m",n_runs,91,0.022946859903381644,11592
Supplementary Figure 1,a,"Wandering albatross, 100 m",n_runs,92,0.022601794340924776,11592
Supplementary Figure 1,a,"Wandering albatross, 100 m",n_runs,93,0.022256728778467908,11592
Supplementary Figure 1,a,"Wandering albatross, 100 m",n_runs,94,0.02199792960662526,11592
Supplementary Figure 1,a,"Wandering albatross, 100 m",n_runs,95,0.021566597653554176,11592
Supplementary Figure 1,a,"Wandering albatross, 100 m",n_runs,96,0.021048999309868876,11592
Supplementary Figure 1,a,"Wandering albatross, 100 m",n_runs,97,0.020703933747412008,11592
Supplementary Figure 1,a,"Wandering albatross, 100 m",n_runs,98,0.01984126984126984,11592
Supplementary Figure 1,a,"Wandering albatross, 100 m",n_runs,99,0.019755003450655624,11592
Supplementary Figure 1,a,"Wandering albatross, 100 m",n_runs,100,0.019582470669427192,11592
Supplementary Figure 1,a,"Wandering albatross, 100 m",n_runs,101,0.01932367149758454,11592
Supplementary Figure 1,a,"Wandering albatross, 100 m",n_runs,102,0.018719806763285024,11592
Supplementary Figure 1,a,"Wandering albatross, 100 m",n_runs,103,0.018547273982056592,11592
Supplementary Figure 1,a,"Wandering albatross, 100 m",n_runs,104,0.01777087646652864,11592
Supplementary Figure 1,a,"Wandering albatross, 100 m",n_runs,105,0.01725327812284334,11592
Supplementary Figure 1,a,"Wandering albatross, 100 m",n_runs,106,0.017167011732229124,11592
Supplementary Figure 1,a,"Wandering albatross, 100 m",n_runs,107,0.016821946169772256,11592
Supplementary Figure 1,a,"Wandering albatross, 100 m",n_runs,108,0.016649413388543824,11592
Supplementary Figure 1,a,"Wandering albatross, 100 m",n_runs,109,0.016563146997929608,11592
Supplementary Figure 1,a,"Wandering albatross, 100 m",n_runs,110,0.016390614216701172,11592
Supplementary Figure 1,a,"Wandering albatross, 100 m",n_runs,111,0.01570048309178744,11592
Supplementary Figure 1,a,"Wandering albatross, 100 m",n_runs,112,0.015355417529330572,11592
Supplementary Figure 1,a,"Wandering albatross, 100 m",n_runs,113,0.014837819185645272,11592
Supplementary Figure 1,a,"Wandering albatross, 100 m",n_runs,114,0.014579020013802622,11592
Supplementary Figure 1,a,"Wandering albatross, 100 m",n_runs,115,0.01440648723257419,11592
Supplementary Figure 1,a,"Wandering albatross, 100 m",n_runs,116,0.014147688060731538,11592
Supplementary Figure 1,a,"Wandering albatross, 100 m",n_runs,117,0.013630089717046238,11592
Supplementary Figure 1,a,"Wandering albatross, 100 m",n_runs,118,0.013630089717046238,11592
Supplementary Figure 1,a,"Wandering albatross, 100 m",n_runs,119,0.013371290545203588,11592
Supplementary Figure 1,a,"Wandering albatross, 100 m",n_runs,120,0.013026224982746722,11592
Supplementary Figure 1,a,"Wandering albatross, 100 m",n_runs,121,0.012853692201518288,11592
Supplementary Figure 1,a,"Wandering albatross, 100 m",n_runs,122,0.012767425810904072,11592
Supplementary Figure 1,a,"Wandering albatross, 100 m",n_runs,123,0.012249827467218772,11592
Supplementary Figure 1,a,"Wandering albatross, 100 m",n_runs,124,0.011991028295376122,11592
Supplementary Figure 1,a,"Wandering albatross, 100 m",n_runs,125,0.011818495514147688,11592
Supplementary Figure 1,a,"Wandering albatross, 100 m",n_runs,126,0.011473429951690822,11592
Supplementary Figure 1,a,"Wandering albatross, 100 m",n_runs,127,0.011214630779848172,11592
Supplementary Figure 1,a,"Wandering albatross, 100 m",n_runs,128,0.010783298826777088,11592
Supplementary Figure 1,a,"Wandering albatross, 100 m",n_runs,129,0.010351966873706004,11592
Supplementary Figure 1,a,"Wandering albatross, 100 m",n_runs,130,0.010265700483091788,11592
Supplementary Figure 1,a,"Wandering albatross, 100 m",n_runs,131,0.010006901311249138,11592
Supplementary Figure 1,a,"Wandering albatross, 100 m",n_runs,132,0.00992063492063492,11592
Supplementary Figure 1,a,"Wandering albatross, 100 m",n_runs,133,0.009748102139406488,11592
Supplementary Figure 1,a,"Wandering albatross, 100 m",n_runs,134,0.00966183574879227,11592
Supplementary Figure 1,a,"Wandering albatross, 100 m",n_runs,135,0.00940303657694962,11592
Supplementary Figure 1,a,"Wandering albatross, 100 m",n_runs,136,0.009316770186335404,11592
Supplementary Figure 1,a,"Wandering albatross, 100 m",n_runs,137,0.009230503795721188,11592
Supplementary Figure 1,a,"Wandering albatross, 100 m",n_runs,138,0.009057971014492754,11592
Supplementary Figure 1,a,"Wandering albatross, 100 m",n_runs,139,0.008799171842650104,11592
Supplementary Figure 1,a,"Wandering albatross, 100 m",n_runs,140,0.00862663906142167,11592
Supplementary Figure 1,a,"Wandering albatross, 100 m",n_runs,141,0.008540372670807454,11592
Supplementary Figure 1,a,"Wandering albatross, 100 m",n_runs,142,0.008454106280193236,11592
Supplementary Figure 1,a,"Wandering albatross, 100 m",n_runs,143,0.008454106280193236,11592
Supplementary Figure 1,a,"Wandering albatross, 100 m",n_runs,144,0.008454106280193236,11592
Supplementary Figure 1,a,"Wandering albatross, 100 m",n_runs,145,0.00836783988957902,11592
Supplementary Figure 1,a,"Wandering albatross, 100 m",n_runs,146,0.00836783988957902,11592
Supplementary Figure 1,a,"Wandering albatross, 100 m",n_runs,147,0.008195307108350586,11592
Supplementary Figure 1,a,"Wandering albatross, 100 m",n_runs,148,0.008022774327122154,11592
Supplementary Figure 1,a,"Wandering albatross, 100 m",n_runs,149,0.00785024154589372,11592
Supplementary Figure 1,a,"Wandering albatross, 100 m",n_runs,150,0.007763975155279503,11592
Supplementary Figure 1,a,"Wandering albatross, 100 m",n_runs,151,0.007677708764665286,11592
Supplementary Figure 1,a,"Wandering albatross, 100 m",n_runs,152,0.00759144237405107,11592
Supplementary Figure 1,a,"Wandering albatross, 100 m",n_runs,153,0.007246376811594203,11592
Supplementary Figure 1,a,"Wandering albatross, 100 m",n_runs,154,0.007073844030365769,11592
Supplementary Figure 1,a,"Wandering albatross, 100 m",n_runs,155,0.006987577639751553,11592
Supplementary Figure 1,a,"Wandering albatross, 100 m",n_runs,156,0.006901311249137336,11592
Supplementary Figure 1,a,"Wandering albatross, 100 m",n_runs,157,0.006901311249137336,11592
Supplementary Figure 1,a,"Wandering albatross, 100 m",n_runs,158,0.006815044858523119,11592
Supplementary Figure 1,a,"Wandering albatross, 100 m",n_runs,159,0.006642512077294686,11592
Supplementary Figure 1,a,"Wandering albatross, 100 m",n_runs,160,0.006556245686680469,11592
Supplementary Figure 1,a,"Wandering albatross, 100 m",n_runs,161,0.006469979296066253,11592
Supplementary Figure 1,a,"Wandering albatross, 100 m",n_runs,162,0.006469979296066253,11592
Supplementary Figure 1,a,"Wandering albatross, 100 m",n_runs,163,0.006383712905452036,11592
Supplementary Figure 1,a,"Wandering albatross, 100 m",n_runs,164,0.006211180124223602,11592
Supplementary Figure 1,a,"Wandering albatross, 100 m",n_runs,165,0.006038647342995169,11592
Supplementary Figure 1,a,"Wandering albatross, 100 m",n_runs,166,0.005952380952380952,11592
Supplementary Figure 1,a,"Wandering albatross, 100 m",n_runs,167,0.005866114561766736,11592
Supplementary Figure 1,a,"Wandering albatross, 100 m",n_runs,168,0.005866114561766736,11592
Supplementary Figure 1,a,"Wandering albatross, 100 m",n_runs,169,0.005693581780538302,11592
Supplementary Figure 1,a,"Wandering albatross, 100 m",n_runs,170,0.005607315389924086,11592
Supplementary Figure 1,a,"Wandering albatross, 100 m",n_runs,171,0.005607315389924086,11592
Supplementary Figure 1,a,"Wandering albatross, 100 m",n_runs,172,0.005521048999309869,11592
Supplementary Figure 1,a,"Wandering albatross, 100 m",n_runs,173,0.005521048999309869,11592
Supplementary Figure 1,a,"Wandering albatross, 100 m",n_runs,174,0.005521048999309869,11592
Supplementary Figure 1,a,"Wandering albatross, 100 m",n_runs,175,0.005434782608695652,11592
Supplementary Figure 1,a,"Wandering albatross, 100 m",n_runs,176,0.005434782608695652,11592
Supplementary Figure 1,a,"Wandering albatross, 100 m",n_runs,177,0.005348516218081435,11592
Supplementary Figure 1,a,"Wandering albatross, 100 m",n_runs,178,0.005348516218081435,11592
Supplementary Figure 1,a,"Wandering albatross, 100 m",n_runs,179,0.005262249827467219,11592
Supplementary Figure 1,a,"Wandering albatross, 100 m",n_runs,180,0.005175983436853002,11592
Supplementary Figure 1,a,"Wandering albatross, 100 m",n_runs,181,0.005175983436853002,11592
Supplementary Figure 1,a,"Wandering albatross, 100 m",n_runs,182,0.005089717046238785,11592
Supplementary Figure 1,a,"Wandering albatross, 100 m",n_runs,183,0.004917184265010352,11592
Supplementary Figure 1,a,"Wandering albatross, 100 m",n_runs,184,0.004830917874396135,11592
Supplementary Figure 1,a,"Wandering albatross, 100 m",n_runs,185,0.004830917874396135,11592
Supplementary Figure 1,a,"Wandering albatross, 100 m",n_runs,186,0.004830917874396135,11592
Supplementary Figure 1,a,"Wandering albatross, 100 m",n_runs,187,0.004658385093167702,11592
Supplementary Figure 1,a,"Wandering albatross, 100 m",n_runs,188,0.004658385093167702,11592
Supplementary Figure 1,a,"Wandering albatross, 100 m",n_runs,189,0.004658385093167702,11592
Supplementary Figure 1,a,"Wandering albatross, 100 m",n_runs,190,0.004658385093167702,11592
Supplementary Figure 1,a,"Wandering albatross, 100 m",n_runs,191,0.004658385093167702,11592
Supplementary Figure 1,a,"Wandering albatross, 100 m",n_runs,192,0.004572118702553485,11592
Supplementary Figure 1,a,"Wandering albatross, 100 m",n_runs,193,0.004572118702553485,11592
Supplementary Figure 1,a,"Wandering albatross, 100 m",n_runs,194,0.004485852311939268,11592
Supplementary Figure 1,a,"Wandering albatross, 100 m",n_runs,195,0.004485852311939268,11592
Supplementary Figure 1,a,"Wandering albatross, 100 m",n_runs,196,0.004485852311939268,11592
Supplementary Figure 1,a,"Wandering albatross, 100 m",n_runs,197,0.004485852311939268,11592
Supplementary Figure 1,a,"Wandering albatross, 100 m",n_runs,198,0.004313319530710835,11592
Supplementary Figure 1,a,"Wandering albatross, 100 m",n_runs,199,0.004313319530710835,11592
Supplementary Figure 1,a,"Wandering albatross, 100 m",n_runs,200,0.004227053140096618,11592
Supplementary Figure 1,a,"Wandering albatross, 100 m",n_runs,201,0.004054520358868185,11592
Supplementary Figure 1,a,"Wandering albatross, 100 m",n_runs,202,0.004054520358868185,11592
Supplementary Figure 1,a,"Wandering albatross, 100 m",n_runs,203,0.003968253968253968,11592
Supplementary Figure 1,a,"Wandering albatross, 100 m",n_runs,204,0.003968253968253968,11592
Supplementary Figure 1,a,"Wandering albatross, 100 m",n_runs,205,0.003968253968253968,11592
Supplementary Figure 1,a,"Wandering albatross, 100 m",n_runs,206,0.0038819875776397515,11592
Supplementary Figure 1,a,"Wandering albatross, 100 m",n_runs,207,0.003795721187025535,11592
Supplementary Figure 1,a,"Wandering albatross, 100 m",n_runs,208,0.003795721187025535,11592
Supplementary Figure 1,a,"Wandering albatross, 100 m",n_runs,209,0.003709454796411318,11592
Supplementary Figure 1,a,"Wandering albatross, 100 m",n_runs,210,0.003709454796411318,11592
Supplementary Figure 1,a,"Wandering albatross, 100 m",n_runs,211,0.003709454796411318,11592
Supplementary Figure 1,a,"Wandering albatross, 100 m",n_runs,212,0.0036231884057971015,11592
Supplementary Figure 1,a,"Wandering albatross, 100 m",n_runs,213,0.0036231884057971015,11592
Supplementary Figure 1,a,"Wandering albatross, 100 m",n_runs,214,0.0036231884057971015,11592
Supplementary Figure 1,a,"Wandering albatross, 100 m",n_runs,215,0.0036231884057971015,11592
Supplementary Figure 1,a,"Wandering albatross, 100 m",n_runs,216,0.0035369220151828845,11592
Supplementary Figure 1,a,"Wandering albatross, 100 m",n_runs,217,0.0035369220151828845,11592
Supplementary Figure 1,a,"Wandering albatross, 100 m",n_runs,218,0.0035369220151828845,11592
Supplementary Figure 1,a,"Wandering albatross, 100 m",n_runs,219,0.003450655624568668,11592
Supplementary Figure 1,a,"Wandering albatross, 100 m",n_runs,220,0.003450655624568668,11592
Supplementary Figure 1,a,"Wandering albatross, 100 m",n_runs,221,0.003450655624568668,11592
Supplementary Figure 1,a,"Wandering albatross, 100 m",n_runs,222,0.003450655624568668,11592
Supplementary Figure 1,a,"Wandering albatross, 100 m",n_runs,223,0.0033643892339544515,11592
Supplementary Figure 1,a,"Wandering albatross, 100 m",n_runs,224,0.0033643892339544515,11592
Supplementary Figure 1,a,"Wandering albatross, 100 m",n_runs,225,0.0033643892339544515,11592
Supplementary Figure 1,a,"Wandering albatross, 100 m",n_runs,226,0.0032781228433402345,11592
Supplementary Figure 1,a,"Wandering albatross, 100 m",n_runs,227,0.003105590062111801,11592
Supplementary Figure 1,a,"Wandering albatross, 100 m",n_runs,228,0.003105590062111801,11592
Supplementary Figure 1,a,"Wandering albatross, 100 m",n_runs,229,0.003105590062111801,11592
Supplementary Figure 1,a,"Wandering albatross, 100 m",n_runs,230,0.0030193236714975845,11592
Supplementary Figure 1,a,"Wandering albatross, 100 m",n_runs,231,0.002933057280883368,11592
Supplementary Figure 1,a,"Wandering albatross, 100 m",n_runs,232,0.002933057280883368,11592
Supplementary Figure 1,a,"Wandering albatross, 100 m",n_runs,233,0.002933057280883368,11592
Supplementary Figure 1,a,"Wandering albatross, 100 m",n_runs,234,0.002933057280883368,11592
Supplementary Figure 1,a,"Wandering albatross, 100 m",n_runs,235,0.002846790890269151,11592
Supplementary Figure 1,a,"Wandering albatross, 100 m",n_runs,236,0.0027605244996549345,11592
Supplementary Figure 1,a,"Wandering albatross, 100 m",n_runs,237,0.0027605244996549345,11592
Supplementary Figure 1,a,"Wandering albatross, 100 m",n_runs,238,0.0026742581090407175,11592
Supplementary Figure 1,a,"Wandering albatross, 100 m",n_runs,239,0.002587991718426501,11592
Supplementary Figure 1,a,"Wandering albatross, 100 m",n_runs,240,0.002587991718426501,11592
Supplementary Figure 1,a,"Wandering albatross, 100 m",n_runs,241,0.002587991718426501,11592
Supplementary Figure 1,a,"Wandering albatross, 100 m",n_runs,242,0.002587991718426501,11592
Supplementary Figure 1,a,"Wandering albatross, 100 m",n_runs,243,0.0025017253278122845,11592
Supplementary Figure 1,a,"Wandering albatross, 100 m",n_runs,244,0.0025017253278122845,11592
Supplementary Figure 1,a,"Wandering albatross, 100 m",n_runs,245,0.0025017253278122845,11592
Supplementary Figure 1,a,"Wandering albatross, 100 m",n_runs,246,0.0025017253278122845,11592
Supplementary Figure 1,a,"Wandering albatross, 100 m",n_runs,247,0.0025017253278122845,11592
Supplementary Figure 1,a,"Wandering albatross, 100 m",n_runs,248,0.0025017253278122845,11592
Supplementary Figure 1,a,"Wandering albatross, 100 m",n_runs,249,0.0024154589371980675,11592
Supplementary Figure 1,a,"Wandering albatross, 100 m",n_runs,250,0.0024154589371980675,11592
Supplementary Figure 1,a,"Wandering albatross, 100 m",n_runs,251,0.0024154589371980675,11592
Supplementary Figure 1,a,"Wandering albatross, 100 m",n_runs,252,0.0024154589371980675,11592
Supplementary Figure 1,a,"Wandering albatross, 100 m",n_runs,253,0.0024154589371980675,11592
Supplementary Figure 1,a,"Wandering albatross, 100 m",n_runs,254,0.0024154589371980675,11592
Supplementary Figure 1,a,"Wandering albatross, 100 m",n_runs,255,0.0024154589371980675,11592
Supplementary Figure 1,a,"Wandering albatross, 100 m",n_runs,256,0.002329192546583851,11592
Supplementary Figure 1,a,"Wandering albatross, 100 m",n_runs,257,0.002329192546583851,11592
Supplementary Figure 1,a,"Wandering albatross, 100 m",n_runs,258,0.002329192546583851,11592
Supplementary Figure 1,a,"Wandering albatross, 100 m",n_runs,259,0.002329192546583851,11592
Supplementary Figure 1,a,"Wandering albatross, 100 m",n_runs,260,0.002329192546583851,11592
Supplementary Figure 1,a,"Wandering albatross, 100 m",n_runs,261,0.002242926155969634,11592
Supplementary Figure 1,a,"Wandering albatross, 100 m",n_runs,262,0.002242926155969634,11592
Supplementary Figure 1,a,"Wandering albatross, 100 m",n_runs,263,0.0021566597653554175,11592
Supplementary Figure 1,a,"Wandering albatross, 100 m",n_runs,264,0.002070393374741201,11592
Supplementary Figure 1,a,"Wandering albatross, 100 m",n_runs,265,0.001984126984126984,11592
Supplementary Figure 1,a,"Wandering albatross, 100 m",n_runs,266,0.0018978605935127675,11592
Supplementary Figure 1,a,"Wandering albatross, 100 m",n_runs,267,0.0018978605935127675,11592
Supplementary Figure 1,a,"Wandering albatross, 100 m",n_runs,268,0.0018978605935127675,11592
Supplementary Figure 1,a,"Wandering albatross, 100 m",n_runs,269,0.0018978605935127675,11592
Supplementary Figure 1,a,"Wandering albatross, 100 m",n_runs,270,0.0018978605935127675,11592
Supplementary Figure 1,a,"Wandering albatross, 100 m",n_runs,271,0.0018978605935127675,11592
Supplementary Figure 1,a,"Wandering albatross, 100 m",n_runs,272,0.0018115942028985507,11592
Supplementary Figure 1,a,"Wandering albatross, 100 m",n_runs,273,0.0018115942028985507,11592
Supplementary Figure 1,a,"Wandering albatross, 100 m",n_runs,274,0.0018115942028985507,11592
Supplementary Figure 1,a,"Wandering albatross, 100 m",n_runs,275,0.0018115942028985507,11592
Supplementary Figure 1,a,"Wandering albatross, 100 m",n_runs,276,0.0018115942028985507,11592
Supplementary Figure 1,a,"Wandering albatross, 100 m",n_runs,277,0.0018115942028985507,11592
Supplementary Figure 1,a,"Wandering albatross, 100 m",n_runs,278,0.001725327812284334,11592
Supplementary Figure 1,a,"Wandering albatross, 100 m",n_runs,279,0.0016390614216701173,11592
Supplementary Figure 1,a,"Wandering albatross, 100 m",n_runs,280,0.0016390614216701173,11592
Supplementary Figure 1,a,"Wandering albatross, 100 m",n_runs,281,0.0016390614216701173,11592
Supplementary Figure 1,a,"Wandering albatross, 100 m",n_runs,282,0.0016390614216701173,11592
Supplementary Figure 1,a,"Wandering albatross, 100 m",n_runs,283,0.0016390614216701173,11592
Supplementary Figure 1,a,"Wandering albatross, 100 m",n_runs,284,0.0016390614216701173,11592
Supplementary Figure 1,a,"Wandering albatross, 100 m",n_runs,285,0.0016390614216701173,11592
Supplementary Figure 1,a,"Wandering albatross, 100 m",n_runs,286,0.0016390614216701173,11592
Supplementary Figure 1,a,"Wandering albatross, 100 m",n_runs,287,0.0015527950310559005,11592
Supplementary Figure 1,a,"Wandering albatross, 100 m",n_runs,288,0.0015527950310559005,11592
Supplementary Figure 1,a,"Wandering albatross, 100 m",n_runs,289,0.0015527950310559005,11592
Supplementary Figure 1,a,"Wandering albatross, 100 m",n_runs,290,0.0015527950310559005,11592
Supplementary Figure 1,a,"Wandering albatross, 100 m",n_runs,291,0.0015527950310559005,11592
Supplementary Figure 1,a,"Wandering albatross, 100 m",n_runs,292,0.0015527950310559005,11592
Supplementary Figure 1,a,"Wandering albatross, 100 m",n_runs,293,0.001466528640441684,11592
Supplementary Figure 1,a,"Wandering albatross, 100 m",n_runs,294,0.001466528640441684,11592
Supplementary Figure 1,a,"Wandering albatross, 100 m",n_runs,295,0.001466528640441684,11592
Supplementary Figure 1,a,"Wandering albatross, 100 m",n_runs,296,0.001466528640441684,11592
Supplementary Figure 1,a,"Wandering albatross, 100 m",n_runs,297,0.001466528640441684,11592
Supplementary Figure 1,a,"Wandering albatross, 100 m",n_runs,298,0.0013802622498274672,11592
Supplementary Figure 1,a,"Wandering albatross, 100 m",n_runs,299,0.0013802622498274672,11592
Supplementary Figure 1,a,"Wandering albatross, 100 m",n_runs,300,0.0013802622498274672,11592
Supplementary Figure 1,a,"Wandering albatross, 100 m",n_runs,301,0.0012939958592132505,11592
Supplementary Figure 1,a,"Wandering albatross, 100 m",n_runs,302,0.0012939958592132505,11592
Supplementary Figure 1,a,"Wandering albatross, 100 m",n_runs,303,0.0012939958592132505,11592
Supplementary Figure 1,a,"Wandering albatross, 100 m",n_runs,304,0.0012077294685990338,11592
Supplementary Figure 1,a,"Wandering albatross, 100 m",n_runs,305,0.0012077294685990338,11592
Supplementary Figure 1,a,"Wandering albatross, 100 m",n_runs,306,0.0012077294685990338,11592
Supplementary Figure 1,a,"Wandering albatross, 100 m",n_runs,307,0.001121463077984817,11592
Supplementary Figure 1,a,"Wandering albatross, 100 m",n_runs,308,0.001121463077984817,11592
Supplementary Figure 1,a,"Wandering albatross, 100 m",n_runs,309,0.001121463077984817,11592
Supplementary Figure 1,a,"Wandering albatross, 100 m",n_runs,310,0.001121463077984817,11592
Supplementary Figure 1,a,"Wandering albatross, 100 m",n_runs,311,0.001121463077984817,11592
Supplementary Figure 1,a,"Wandering albatross, 100 m",n_runs,312,0.001121463077984817,11592
Supplementary Figure 1,a,"Wandering albatross, 100 m",n_runs,313,0.001121463077984817,11592
Supplementary Figure 1,a,"Wandering albatross, 100 m",n_runs,314,0.001121463077984817,11592
Supplementary Figure 1,a,"Wandering albatross, 100 m",n_runs,315,0.001121463077984817,11592
Supplementary Figure 1,a,"Wandering albatross, 100 m",n_runs,316,0.001121463077984817,11592
Supplementary Figure 1,a,"Wandering albatross, 100 m",n_runs,317,0.001121463077984817,11592
Supplementary Figure 1,a,"Wandering albatross, 100 m",n_runs,318,0.001121463077984817,11592
Supplementary Figure 1,a,"Wandering albatross, 100 m",n_runs,319,0.001121463077984817,11592
Supplementary Figure 1,a,"Wandering albatross, 100 m",n_runs,320,0.001121463077984817,11592
Supplementary Figure 1,a,"Wandering albatross, 100 m",n_runs,321,0.0009489302967563837,11592
Supplementary Figure 1,a,"Wandering albatross, 100 m",n_runs,322,0.0009489302967563837,11592
Supplementary Figure 1,a,"Wandering albatross, 100 m",n_runs,323,0.000862663906142167,11592
Supplementary Figure 1,a,"Wandering albatross, 100 m",n_runs,324,0.000862663906142167,11592
Supplementary Figure 1,a,"Wandering albatross, 100 m",n_runs,325,0.000862663906142167,11592
Supplementary Figure 1,a,"Wandering albatross, 100 m",n_runs,326,0.000862663906142167,11592
Supplementary Figure 1,a,"Wandering albatross, 100 m",n_runs,327,0.000862663906142167,11592
Supplementary Figure 1,a,"Wandering albatross, 100 m",n_runs,328,0.000862663906142167,11592
Supplementary Figure 1,a,"Wandering albatross, 100 m",n_runs,329,0.000862663906142167,11592
Supplementary Figure 1,a,"Wandering albatross, 100 m",n_runs,330,0.000862663906142167,11592
Supplementary Figure 1,a,"Wandering albatross, 100 m",n_runs,331,0.000862663906142167,11592
Supplementary Figure 1,a,"Wandering albatross, 100 m",n_runs,332,0.000862663906142167,11592
Supplementary Figure 1,a,"Wandering albatross, 100 m",n_runs,333,0.000862663906142167,11592
Supplementary Figure 1,a,"Wandering albatross, 100 m",n_runs,334,0.000862663906142167,11592
Supplementary Figure 1,a,"Wandering albatross, 100 m",n_runs,335,0.000862663906142167,11592
Supplementary Figure 1,a,"Wandering albatross, 100 m",n_runs,336,0.000862663906142167,11592
Supplementary Figure 1,a,"Wandering albatross, 100 m",n_runs,337,0.000862663906142167,11592
Supplementary Figure 1,a,"Wandering albatross, 100 m",n_runs,338,0.000862663906142167,11592
Supplementary Figure 1,a,"Wandering albatross, 100 m",n_runs,339,0.000862663906142167,11592
Supplementary Figure 1,a,"Wandering albatross, 100 m",n_runs,340,0.000862663906142167,11592
Supplementary Figure 1,a,"Wandering albatross, 100 m",n_runs,341,0.000862663906142167,11592
Supplementary Figure 1,a,"Wandering albatross, 100 m",n_runs,342,0.0007763975155279503,11592
Supplementary Figure 1,a,"Wandering albatross, 100 m",n_runs,343,0.0007763975155279503,11592
Supplementary Figure 1,a,"Wandering albatross, 100 m",n_runs,344,0.0007763975155279503,11592
Supplementary Figure 1,a,"Wandering albatross, 100 m",n_runs,345,0.0007763975155279503,11592
Supplementary Figure 1,a,"Wandering albatross, 100 m",n_runs,346,0.0007763975155279503,11592
Supplementary Figure 1,a,"Wandering albatross, 100 m",n_runs,347,0.0007763975155279503,11592
Supplementary Figure 1,a,"Wandering albatross, 100 m",n_runs,348,0.0007763975155279503,11592
Supplementary Figure 1,a,"Wandering albatross, 100 m",n_runs,349,0.0007763975155279503,11592
Supplementary Figure 1,a,"Wandering albatross, 100 m",n_runs,350,0.0007763975155279503,11592
Supplementary Figure 1,a,"Wandering albatross, 100 m",n_runs,351,0.0006901311249137336,11592
Supplementary Figure 1,a,"Wandering albatross, 100 m",n_runs,352,0.0006901311249137336,11592
Supplementary Figure 1,a,"Wandering albatross, 100 m",n_runs,353,0.0006901311249137336,11592
Supplementary Figure 1,a,"Wandering albatross, 100 m",n_runs,354,0.0006901311249137336,11592
Supplementary Figure 1,a,"Wandering albatross, 100 m",n_runs,355,0.0006901311249137336,11592
Supplementary Figure 1,a,"Wandering albatross, 100 m",n_runs,356,0.0006901311249137336,11592
Supplementary Figure 1,a,"Wandering albatross, 100 m",n_runs,357,0.0006901311249137336,11592
Supplementary Figure 1,a,"Wandering albatross, 100 m",n_runs,358,0.0006901311249137336,11592
Supplementary Figure 1,a,"Wandering albatross, 100 m",n_runs,359,0.0006901311249137336,11592
Supplementary Figure 1,a,"Wandering albatross, 100 m",n_runs,360,0.0006901311249137336,11592
Supplementary Figure 1,a,"Wandering albatross, 100 m",n_runs,361,0.0006901311249137336,11592
Supplementary Figure 1,a,"Wandering albatross, 100 m",n_runs,362,0.0006901311249137336,11592
Supplementary Figure 1,a,"Wandering albatross, 100 m",n_runs,363,0.0006901311249137336,11592
Supplementary Figure 1,a,"Wandering albatross, 100 m",n_runs,364,0.0006038647342995169,11592
Supplementary Figure 1,a,"Wandering albatross, 100 m",n_runs,365,0.0006038647342995169,11592
Supplementary Figure 1,a,"Wandering albatross, 100 m",n_runs,366,0.0006038647342995169,11592
Supplementary Figure 1,a,"Wandering albatross, 100 m",n_runs,367,0.0006038647342995169,11592
Supplementary Figure 1,a,"Wandering albatross, 100 m",n_runs,368,0.0005175983436853002,11592
Supplementary Figure 1,a,"Wandering albatross, 100 m",n_runs,369,0.0005175983436853002,11592
Supplementary Figure 1,a,"Wandering albatross, 100 m",n_runs,370,0.0005175983436853002,11592
Supplementary Figure 1,a,"Wandering albatross, 100 m",n_runs,371,0.0005175983436853002,11592
Supplementary Figure 1,a,"Wandering albatross, 100 m",n_runs,372,0.0005175983436853002,11592
Supplementary Figure 1,a,"Wandering albatross, 100 m",n_runs,373,0.0005175983436853002,11592
Supplementary Figure 1,a,"Wandering albatross, 100 m",n_runs,374,0.0005175983436853002,11592
Supplementary Figure 1,a,"Wandering albatross, 100 m",n_runs,375,0.0005175983436853002,11592
Supplementary Figure 1,a,"Wandering albatross, 100 m",n_runs,376,0.0005175983436853002,11592
Supplementary Figure 1,a,"Wandering albatross, 100 m",n_runs,377,0.0005175983436853002,11592
Supplementary Figure 1,a,"Wandering albatross, 100 m",n_runs,378,0.0005175983436853002,11592
Supplementary Figure 1,a,"Wandering albatross, 100 m",n_runs,379,0.0005175983436853002,11592
Supplementary Figure 1,a,"Wandering albatross, 100 m",n_runs,380,0.0005175983436853002,11592
Supplementary Figure 1,a,"Wandering albatross, 100 m",n_runs,381,0.0004313319530710835,11592
Supplementary Figure 1,a,"Wandering albatross, 100 m",n_runs,382,0.0004313319530710835,11592
Supplementary Figure 1,a,"Wandering albatross, 100 m",n_runs,383,0.0004313319530710835,11592
Supplementary Figure 1,a,"Wandering albatross, 100 m",n_runs,384,0.0004313319530710835,11592
Supplementary Figure 1,a,"Wandering albatross, 100 m",n_runs,385,0.0004313319530710835,11592
Supplementary Figure 1,a,"Wandering albatross, 100 m",n_runs,386,0.0004313319530710835,11592
Supplementary Figure 1,a,"Wandering albatross, 100 m",n_runs,387,0.0004313319530710835,11592
Supplementary Figure 1,a,"Wandering albatross, 100 m",n_runs,388,0.0004313319530710835,11592
Supplementary Figure 1,a,"Wandering albatross, 100 m",n_runs,389,0.0004313319530710835,11592
Supplementary Figure 1,a,"Wandering albatross, 100 m",n_runs,390,0.0004313319530710835,11592
Supplementary Figure 1,a,"Wandering albatross, 100 m",n_runs,391,0.0004313319530710835,11592
Supplementary Figure 1,a,"Wandering albatross, 100 m",n_runs,392,0.0004313319530710835,11592
Supplementary Figure 1,a,"Wandering albatross, 100 m",n_runs,393,0.0004313319530710835,11592
Supplementary Figure 1,a,"Wandering albatross, 100 m",n_runs,394,0.0004313319530710835,11592
Supplementary Figure 1,a,"Wandering albatross, 100 m",n_runs,395,0.0004313319530710835,11592
Supplementary Figure 1,a,"Wandering albatross, 100 m",n_runs,396,0.0004313319530710835,11592
Supplementary Figure 1,a,"Wandering albatross, 100 m",n_runs,397,0.0004313319530710835,11592
Supplementary Figure 1,a,"Wandering albatross, 100 m",n_runs,398,0.0004313319530710835,11592
Supplementary Figure 1,a,"Wandering albatross, 100 m",n_runs,399,0.0004313319530710835,11592
Supplementary Figure 1,a,"Wandering albatross, 100 m",n_runs,400,0.0004313319530710835,11592
Supplementary Figure 1,a,"Wandering albatross, 100 m",n_runs,401,0.0004313319530710835,11592
Supplementary Figure 1,a,"Wandering albatross, 100 m",n_runs,402,0.0004313319530710835,11592
Supplementary Figure 1,a,"Wandering albatross, 100 m",n_runs,403,0.0004313319530710835,11592
Supplementary Figure 1,a,"Wandering albatross, 100 m",n_runs,404,0.0004313319530710835,11592
Supplementary Figure 1,a,"Wandering albatross, 100 m",n_runs,405,0.0004313319530710835,11592
Supplementary Figure 1,a,"Wandering albatross, 100 m",n_runs,406,0.0004313319530710835,11592
Supplementary Figure 1,a,"Wandering albatross, 100 m",n_runs,407,0.0004313319530710835,11592
Supplementary Figure 1,a,"Wandering albatross, 100 m",n_runs,408,0.0004313319530710835,11592
Supplementary Figure 1,a,"Wandering albatross, 100 m",n_runs,409,0.0004313319530710835,11592
Supplementary Figure 1,a,"Wandering albatross, 100 m",n_runs,410,0.0004313319530710835,11592
Supplementary Figure 1,a,"Wandering albatross, 100 m",n_runs,411,0.0004313319530710835,11592
Supplementary Figure 1,a,"Wandering albatross, 100 m",n_runs,412,0.0004313319530710835,11592
Supplementary Figure 1,a,"Wandering albatross, 100 m",n_runs,413,0.0003450655624568668,11592
Supplementary Figure 1,a,"Wandering albatross, 100 m",n_runs,414,0.0003450655624568668,11592
Supplementary Figure 1,a,"Wandering albatross, 100 m",n_runs,415,0.0003450655624568668,11592
Supplementary Figure 1,a,"Wandering albatross, 100 m",n_runs,416,0.0003450655624568668,11592
Supplementary Figure 1,a,"Wandering albatross, 100 m",n_runs,417,0.0003450655624568668,11592
Supplementary Figure 1,a,"Wandering albatross, 100 m",n_runs,418,0.0003450655624568668,11592
Supplementary Figure 1,a,"Wandering albatross, 100 m",n_runs,419,0.0003450655624568668,11592
Supplementary Figure 1,a,"Wandering albatross, 100 m",n_runs,420,0.0003450655624568668,11592
Supplementary Figure 1,a,"Wandering albatross, 100 m",n_runs,421,0.0003450655624568668,11592
Supplementary Figure 1,a,"Wandering albatross, 100 m",n_runs,422,0.0003450655624568668,11592
Supplementary Figure 1,a,"Wandering albatross, 100 m",n_runs,423,0.0003450655624568668,11592
Supplementary Figure 1,a,"Wandering albatross, 100 m",n_runs,424,0.0003450655624568668,11592
Supplementary Figure 1,a,"Wandering albatross, 100 m",n_runs,425,0.0003450655624568668,11592
Supplementary Figure 1,a,"Wandering albatross, 100 m",n_runs,426,0.0003450655624568668,11592
Supplementary Figure 1,a,"Wandering albatross, 100 m",n_runs,427,0.0003450655624568668,11592
Supplementary Figure 1,a,"Wandering albatross, 100 m",n_runs,428,0.0003450655624568668,11592
Supplementary Figure 1,a,"Wandering albatross, 100 m",n_runs,429,0.0003450655624568668,11592
Supplementary Figure 1,a,"Wandering albatross, 100 m",n_runs,430,0.0003450655624568668,11592
Supplementary Figure 1,a,"Wandering albatross, 100 m",n_runs,431,0.0003450655624568668,11592
Supplementary Figure 1,a,"Wandering albatross, 100 m",n_runs,432,0.0003450655624568668,11592
Supplementary Figure 1,a,"Wandering albatross, 100 m",n_runs,433,0.0003450655624568668,11592
Supplementary Figure 1,a,"Wandering albatross, 100 m",n_runs,434,0.0003450655624568668,11592
Supplementary Figure 1,a,"Wandering albatross, 100 m",n_runs,435,0.0003450655624568668,11592
Supplementary Figure 1,a,"Wandering albatross, 100 m",n_runs,436,0.0003450655624568668,11592
Supplementary Figure 1,a,"Wandering albatross, 100 m",n_runs,437,0.0003450655624568668,11592
Supplementary Figure 1,a,"Wandering albatross, 100 m",n_runs,438,0.0003450655624568668,11592
Supplementary Figure 1,a,"Wandering albatross, 100 m",n_runs,439,0.0003450655624568668,11592
Supplementary Figure 1,a,"Wandering albatross, 100 m",n_runs,440,0.0002587991718426501,11592
Supplementary Figure 1,a,"Wandering albatross, 100 m",n_runs,441,0.0002587991718426501,11592
Supplementary Figure 1,a,"Wandering albatross, 100 m",n_runs,442,0.0002587991718426501,11592
Supplementary Figure 1,a,"Wandering albatross, 100 m",n_runs,443,0.0002587991718426501,11592
Supplementary Figure 1,a,"Wandering albatross, 100 m",n_runs,444,0.0002587991718426501,11592
Supplementary Figure 1,a,"Wandering albatross, 100 m",n_runs,445,0.0002587991718426501,11592
Supplementary Figure 1,a,"Wandering albatross, 100 m",n_runs,446,0.0001725327812284334,11592
Supplementary Figure 1,a,"Wandering albatross, 100 m",n_runs,447,0.0001725327812284334,11592
Supplementary Figure 1,a,"Wandering albatross, 100 m",n_runs,448,0.0001725327812284334,11592
Supplementary Figure 1,a,"Wandering albatross, 100 m",n_runs,449,0.0001725327812284334,11592
Supplementary Figure 1,a,"Wandering albatross, 100 m",n_runs,450,0.0001725327812284334,11592
Supplementary Figure 1,a,"Wandering albatross, 100 m",n_runs,451,0.0001725327812284334,11592
Supplementary Figure 1,a,"Wandering albatross, 100 m",n_runs,452,0.0001725327812284334,11592
Supplementary Figure 1,a,"Wandering albatross, 100 m",n_runs,453,0.0001725327812284334,11592
Supplementary Figure 1,a,"Wandering albatross, 100 m",n_runs,454,0.0001725327812284334,11592
Supplementary Figure 1,a,"Wandering albatross, 100 m",n_runs,455,0.0001725327812284334,11592
Supplementary Figure 1,a,"Wandering albatross, 100 m",n_runs,456,0.0001725327812284334,11592
Supplementary Figure 1,a,"Wandering albatross, 100 m",n_runs,457,0.0001725327812284334,11592
Supplementary Figure 1,a,"Wandering albatross, 100 m",n_runs,458,0.0001725327812284334,11592
Supplementary Figure 1,a,"Wandering albatross, 100 m",n_runs,459,0.0001725327812284334,11592
Supplementary Figure 1,a,"Wandering albatross, 100 m",n_runs,460,0.0001725327812284334,11592
Supplementary Figure 1,a,"Wandering albatross, 100 m",n_runs,461,0.0001725327812284334,11592
Supplementary Figure 1,a,"Wandering albatross, 100 m",n_runs,462,0.0001725327812284334,11592
Supplementary Figure 1,a,"Wandering albatross, 100 m",n_runs,463,0.0001725327812284334,11592
Supplementary Figure 1,a,"Wandering albatross, 100 m",n_runs,464,0.0001725327812284334,11592
Supplementary Figure 1,a,"Wandering albatross, 100 m",n_runs,465,0.0001725327812284334,11592
Supplementary Figure 1,a,"Wandering albatross, 100 m",n_runs,466,0.0001725327812284334,11592
Supplementary Figure 1,a,"Wandering albatross, 100 m",n_runs,467,0.0001725327812284334,11592
Supplementary Figure 1,a,"Wandering albatross, 100 m",n_runs,468,0.0001725327812284334,11592
Supplementary Figure 1,a,"Wandering albatross, 100 m",n_runs,469,0.0001725327812284334,11592
Supplementary Figure 1,a,"Wandering albatross, 100 m",n_runs,470,0.0001725327812284334,11592
Supplementary Figure 1,a,"Wandering albatross, 100 m",n_runs,471,0.0001725327812284334,11592
Supplementary Figure 1,a,"Wandering albatross, 100 m",n_runs,472,0.0001725327812284334,11592
Supplementary Figure 1,a,"Wandering albatross, 100 m",n_runs,473,0.0001725327812284334,11592
Supplementary Figure 1,a,"Wandering albatross, 100 m",n_runs,474,8.62663906142167e-05,11592
Supplementary Figure 1,a,"Wandering albatross, 100 m",n_runs,475,8.62663906142167e-05,11592
Supplementary Figure 1,a,"Wandering albatross, 100 m",n_runs,476,8.62663906142167e-05,11592
Supplementary Figure 1,a,"Wandering albatross, 100 m",n_runs,477,8.62663906142167e-05,11592
Supplementary Figure 1,a,"Wandering albatross, 100 m",n_runs,478,8.62663906142167e-05,11592
Supplementary Figure 1,a,"Wandering albatross, 100 m",n_runs,479,8.62663906142167e-05,11592
Supplementary Figure 1,a,"Wandering albatross, 100 m",n_runs,480,8.62663906142167e-05,11592
Supplementary Figure 1,a,"Wandering albatross, 100 m",n_runs,481,8.62663906142167e-05,11592
Supplementary Figure 1,a,"Wandering albatross, 100 m",n_runs,482,8.62663906142167e-05,11592
Supplementary Figure 1,a,"Wandering albatross, 100 m",n_runs,483,8.62663906142167e-05,11592
Supplementary Figure 1,a,"Wandering albatross, 100 m",n_runs,484,8.62663906142167e-05,11592
Supplementary Figure 1,a,"Wandering albatross, 100 m",n_runs,485,8.62663906142167e-05,11592
Supplementary Figure 1,a,"Wandering albatross, 100 m",n_runs,486,8.62663906142167e-05,11592
Supplementary Figure 1,a,"Wandering albatross, 100 m",n_runs,487,8.62663906142167e-05,11592
Supplementary Figure 1,a,"Wandering albatross, 100 m",n_runs,488,8.62663906142167e-05,11592
Supplementary Figure 1,a,"Wandering albatross, 100 m",n_runs,489,8.62663906142167e-05,11592
Supplementary Figure 1,a,"Wandering albatross, 100 m",n_runs,490,8.62663906142167e-05,11592
Supplementary Figure 1,a,"Wandering albatross, 100 m",n_runs,491,8.62663906142167e-05,11592
Supplementary Figure 1,a,"Wandering albatross, 100 m",n_runs,492,8.62663906142167e-05,11592
Supplementary Figure 1,a,"Wandering albatross, 100 m",n_runs,493,8.62663906142167e-05,11592
Supplementary Figure 1,a,"Wandering albatross, 100 m",n_runs,494,8.62663906142167e-05,11592
Supplementary Figure 1,a,"Wandering albatross, 100 m",n_runs,495,8.62663906142167e-05,11592
Supplementary Figure 1,a,"Wandering albatross, 100 m",n_runs,496,8.62663906142167e-05,11592
Supplementary Figure 1,a,"Wandering albatross, 100 m",n_runs,497,8.62663906142167e-05,11592
Supplementary Figure 1,a,"Wandering albatross, 100 m",n_runs,498,8.62663906142167e-05,11592
Supplementary Figure 1,a,"Wandering albatross, 100 m",n_runs,499,8.62663906142167e-05,11592
Supplementary Figure 1,a,"Wandering albatross, 100 m",n_runs,500,8.62663906142167e-05,11592
Supplementary Figure 1,a,"Wandering albatross, 100 m",n_runs,501,8.62663906142167e-05,11592
Supplementary Figure 1,a,"Wandering albatross, 100 m",n_runs,502,8.62663906142167e-05,11592
Supplementary Figure 1,a,"Wandering albatross, 100 m",n_runs,503,8.62663906142167e-05,11592
Supplementary Figure 1,a,"Wandering albatross, 100 m",n_runs,504,8.62663906142167e-05,11592
Supplementary Figure 1,a,"Wandering albatross, 100 m",n_runs,505,8.62663906142167e-05,11592
Supplementary Figure 1,a,"Wandering albatross, 100 m",n_runs,506,8.62663906142167e-05,11592
Supplementary Figure 1,a,"Wandering albatross, 100 m",n_runs,507,8.62663906142167e-05,11592
Supplementary Figure 1,a,"Wandering albatross, 100 m",n_runs,508,8.62663906142167e-05,11592
Supplementary Figure 1,a,"Wandering albatross, 100 m",n_runs,509,8.62663906142167e-05,11592
Supplementary Figure 1,a,"Wandering albatross, 100 m",n_runs,510,8.62663906142167e-05,11592
Supplementary Figure 1,a,"Wandering albatross, 100 m",n_runs,511,8.62663906142167e-05,11592
Supplementary Figure 1,a,"Wandering albatross, 100 m",n_runs,512,8.62663906142167e-05,11592
Supplementary Figure 1,a,"Wandering albatross, 100 m",n_runs,513,8.62663906142167e-05,11592
Supplementary Figure 1,a,"Wandering albatross, 100 m",n_runs,514,8.62663906142167e-05,11592
Supplementary Figure 1,a,"Wandering albatross, 100 m",n_runs,515,8.62663906142167e-05,11592
Supplementary Figure 1,a,"Wandering albatross, 100 m",n_runs,516,8.62663906142167e-05,11592
Supplementary Figure 1,a,"Wandering albatross, 100 m",n_runs,517,8.62663906142167e-05,11592
Supplementary Figure 1,a,"Wandering albatross, 100 m",n_runs,518,8.62663906142167e-05,11592
Supplementary Figure 1,a,"Wandering albatross, 100 m",n_runs,519,8.62663906142167e-05,11592
Supplementary Figure 1,a,"Wandering albatross, 100 m",n_runs,520,8.62663906142167e-05,11592
Supplementary Figure 1,a,"Wandering albatross, 100 m",n_runs,521,8.62663906142167e-05,11592
Supplementary Figure 1,a,"Wandering albatross, 100 m",n_runs,522,8.62663906142167e-05,11592
Supplementary Figure 1,a,"Wandering albatross, 100 m",n_runs,523,8.62663906142167e-05,11592
Supplementary Figure 1,a,"Wandering albatross, 100 m",n_runs,524,8.62663906142167e-05,11592
Supplementary Figure 1,a,"Wandering albatross, 100 m",n_runs,525,8.62663906142167e-05,11592
Supplementary Figure 1,a,"Wandering albatross, 100 m",n_runs,526,8.62663906142167e-05,11592
Supplementary Figure 1,a,"Wandering albatross, 100 m",n_runs,527,8.62663906142167e-05,11592
Supplementary Figure 1,a,"Wandering albatross, 100 m",n_runs,528,8.62663906142167e-05,11592
Supplementary Figure 1,a,"Wandering albatross, 100 m",n_runs,529,8.62663906142167e-05,11592
Supplementary Figure 1,a,"Wandering albatross, 100 m",n_runs,530,8.62663906142167e-05,11592
Supplementary Figure 1,a,"Wandering albatross, 100 m",n_runs,531,8.62663906142167e-05,11592
Supplementary Figure 1,a,"Wandering albatross, 100 m",n_runs,532,8.62663906142167e-05,11592
Supplementary Figure 1,a,"Wandering albatross, 100 m",n_runs,533,8.62663906142167e-05,11592
Supplementary Figure 1,a,"Wandering albatross, 100 m",n_runs,534,8.62663906142167e-05,11592
Supplementary Figure 1,a,"Wandering albatross, 100 m",n_runs,535,8.62663906142167e-05,11592
Supplementary Figure 1,a,"Wandering albatross, 100 m",n_runs,536,8.62663906142167e-05,11592
Supplementary Figure 1,a,"Wandering albatross, 100 m",n_runs,537,8.62663906142167e-05,11592
Supplementary Figure 1,a,"Wandering albatross, 100 m",n_runs,538,8.62663906142167e-05,11592
Supplementary Figure 1,a,"Wandering albatross, 100 m",n_runs,539,8.62663906142167e-05,11592
Supplementary Figure 1,a,"Wandering albatross, 100 m",n_runs,540,8.62663906142167e-05,11592
Supplementary Figure 1,a,"Wandering albatross, 100 m",n_runs,541,8.62663906142167e-05,11592
Supplementary Figure 1,a,"Wandering albatross, 100 m",n_runs,542,8.62663906142167e-05,11592
Supplementary Figure 1,a,"Wandering albatross, 100 m",n_runs,543,8.62663906142167e-05,11592
Supplementary Figure 1,a,"Wandering albatross, 100 m",n_runs,544,8.62663906142167e-05,11592
Supplementary Figure 1,a,"Wandering albatross, 100 m",n_runs,545,8.62663906142167e-05,11592
Supplementary Figure 1,a,"Wandering albatross, 100 m",n_runs,546,8.62663906142167e-05,11592
Supplementary Figure 1,a,"Wandering albatross, 100 m",n_runs,547,8.62663906142167e-05,11592
Supplementary Figure 1,a,"Wandering albatross, 100 m",n_runs,548,8.62663906142167e-05,11592
Supplementary Figure 1,a,"Wandering albatross, 100 m",n_runs,549,8.62663906142167e-05,11592
Supplementary Figure 1,a,"Wandering albatross, 100 m",n_runs,550,8.62663906142167e-05,11592
Supplementary Figure 1,a,"Wandering albatross, 100 m",n_runs,551,8.62663906142167e-05,11592
Supplementary Figure 1,a,"Wandering albatross, 100 m",n_runs,552,8.62663906142167e-05,11592
Supplementary Figure 1,a,"Wandering albatross, 100 m",n_runs,553,8.62663906142167e-05,11592
Supplementary Figure 1,a,"Wandering albatross, 100 m",n_runs,554,8.62663906142167e-05,11592
Supplementary Figure 1,a,"Wandering albatross, 100 m",n_runs,555,8.62663906142167e-05,11592
Supplementary Figure 1,a,"Wandering albatross, 100 m",n_runs,556,8.62663906142167e-05,11592
Supplementary Figure 1,a,"Wandering albatross, 100 m",n_runs,557,8.62663906142167e-05,11592
Supplementary Figure 1,a,"Wandering albatross, 100 m",n_runs,558,8.62663906142167e-05,11592
Supplementary Figure 1,a,"Wandering albatross, 100 m",n_runs,559,8.62663906142167e-05,11592
Supplementary Figure 1,a,"Wandering albatross, 100 m",n_runs,560,8.62663906142167e-05,11592
Supplementary Figure 1,a,"Wandering albatross, 100 m",n_runs,561,8.62663906142167e-05,11592
Supplementary Figure 1,a,"Wandering albatross, 100 m",n_runs,562,8.62663906142167e-05,11592
Supplementary Figure 1,a,"Wandering albatross, 100 m",n_runs,563,8.62663906142167e-05,11592
Supplementary Figure 1,a,"Wandering albatross, 100 m",n_runs,564,8.62663906142167e-05,11592
Supplementary Figure 1,a,"Wandering albatross, 100 m",n_runs,565,8.62663906142167e-05,11592
Supplementary Figure 1,a,"Wandering albatross, 100 m",n_runs,566,8.62663906142167e-05,11592
Supplementary Figure 1,a,"Wandering albatross, 100 m",n_runs,567,8.62663906142167e-05,11592
Supplementary Figure 1,a,"Wandering albatross, 100 m",n_runs,568,8.62663906142167e-05,11592
Supplementary Figure 1,a,"Wandering albatross, 100 m",n_runs,569,8.62663906142167e-05,11592
Supplementary Figure 1,a,"Wandering albatross, 100 m",n_runs,570,8.62663906142167e-05,11592
Supplementary Figure 1,a,"Wandering albatross, 100 m",n_runs,571,8.62663906142167e-05,11592
Supplementary Figure 1,a,"Wandering albatross, 100 m",n_runs,572,8.62663906142167e-05,11592
Supplementary Figure 1,a,"Wandering albatross, 100 m",n_runs,573,8.62663906142167e-05,11592
Supplementary Figure 1,a,"Wandering albatross, 100 m",n_runs,574,8.62663906142167e-05,11592
Supplementary Figure 1,a,"Wandering albatross, 100 m",n_runs,575,8.62663906142167e-05,11592
Supplementary Figure 1,a,"Wandering albatross, 100 m",n_runs,576,8.62663906142167e-05,11592
Supplementary Figure 1,a,"Wandering albatross, 100 m",n_runs,577,8.62663906142167e-05,11592
Supplementary Figure 1,a,"Wandering albatross, 100 m",n_runs,578,8.62663906142167e-05,11592
Supplementary Figure 1,a,"Wandering albatross, 100 m",n_runs,579,8.62663906142167e-05,11592
Supplementary Figure 1,a,"Wandering albatross, 100 m",n_runs,580,8.62663906142167e-05,11592
Supplementary Figure 1,a,"Wandering albatross, 100 m",n_runs,581,8.62663906142167e-05,11592
Supplementary Figure 1,a,"Wandering albatross, 100 m",n_runs,582,8.62663906142167e-05,11592
Supplementary Figure 1,a,"Wandering albatross, 100 m",n_runs,583,8.62663906142167e-05,11592
Supplementary Figure 1,a,"Wandering albatross, 100 m",n_runs,584,8.62663906142167e-05,11592
Supplementary Figure 1,a,"Wandering albatross, 100 m",n_runs,585,8.62663906142167e-05,11592
Supplementary Figure 1,a,"Wandering albatross, 100 m",n_runs,586,8.62663906142167e-05,11592
Supplementary Figure 1,a,"Wandering albatross, 100 m",n_runs,587,8.62663906142167e-05,11592
Supplementary Figure 1,a,"Wandering albatross, 100 m",n_runs,588,8.62663906142167e-05,11592
Supplementary Figure 1,a,"Wandering albatross, 100 m",n_runs,589,8.62663906142167e-05,11592
Supplementary Figure 1,a,"Wandering albatross, 100 m",n_runs,590,8.62663906142167e-05,11592
Supplementary Figure 1,a,"Wandering albatross, 100 m",n_runs,591,8.62663906142167e-05,11592
Supplementary Figure 1,a,"Wandering albatross, 100 m",n_runs,592,8.62663906142167e-05,11592
Supplementary Figure 1,a,"Wandering albatross, 100 m",n_runs,593,8.62663906142167e-05,11592
Supplementary Figure 1,a,"Wandering albatross, 100 m",n_runs,594,8.62663906142167e-05,11592
Supplementary Figure 1,a,"Wandering albatross, 100 m",n_runs,595,8.62663906142167e-05,11592
Supplementary Figure 1,a,"Wandering albatross, 100 m",n_runs,596,8.62663906142167e-05,11592
Supplementary Figure 1,a,"Wandering albatross, 100 m",n_runs,597,8.62663906142167e-05,11592
Supplementary Figure 1,a,"Wandering albatross, 100 m",n_runs,598,8.62663906142167e-05,11592
Supplementary Figure 1,a,"Wandering albatross, 100 m",n_runs,599,8.62663906142167e-05,11592
Supplementary Figure 1,a,"Wandering albatross, 100 m",n_runs,600,8.62663906142167e-05,11592
Supplementary Figure 1,a,"Wandering albatross, 100 m",n_runs,601,8.62663906142167e-05,11592
Supplementary Figure 1,a,"Wandering albatross, 100 m",n_runs,602,8.62663906142167e-05,11592
Supplementary Figure 1,a,"Wandering albatross, 100 m",n_runs,603,8.62663906142167e-05,11592
Supplementary Figure 1,a,"Wandering albatross, 100 m",n_runs,604,8.62663906142167e-05,11592
Supplementary Figure 1,a,"Wandering albatross, 100 m",n_runs,605,8.62663906142167e-05,11592
Supplementary Figure 1,a,"Wandering albatross, 100 m",n_runs,606,8.62663906142167e-05,11592
Supplementary Figure 1,a,"Wandering albatross, 100 m",n_runs,607,8.62663906142167e-05,11592
Supplementary Figure 1,a,"Wandering albatross, 100 m",n_runs,608,8.62663906142167e-05,11592
Supplementary Figure 1,a,"Wandering albatross, 100 m",n_runs,609,8.62663906142167e-05,11592
Supplementary Figure 1,a,"Wandering albatross, 100 m",n_runs,610,8.62663906142167e-05,11592
Supplementary Figure 1,a,"Wandering albatross, 100 m",n_runs,611,8.62663906142167e-05,11592
Supplementary Figure 1,a,"Wandering albatross, 100 m",n_runs,612,8.62663906142167e-05,11592
Supplementary Figure 1,a,"Wandering albatross, 100 m",n_runs,613,8.62663906142167e-05,11592
Supplementary Figure 1,a,"Wandering albatross, 100 m",n_runs,614,8.62663906142167e-05,11592
Supplementary Figure 1,a,"Wandering albatross, 100 m",n_runs,615,8.62663906142167e-05,11592
Supplementary Figure 1,a,"Wandering albatross, 100 m",n_runs,616,8.62663906142167e-05,11592
Supplementary Figure 1,a,"Wandering albatross, 100 m",n_runs,617,8.62663906142167e-05,11592
Supplementary Figure 1,a,"Wandering albatross, 100 m",n_runs,618,8.62663906142167e-05,11592
Supplementary Figure 1,a,"Wandering albatross, 100 m",n_runs,619,8.62663906142167e-05,11592
Supplementary Figure 1,a,"Wandering albatross, 100 m",n_runs,620,8.62663906142167e-05,11592
Supplementary Figure 1,a,"Wandering albatross, 100 m",n_runs,621,8.62663906142167e-05,11592
Supplementary Figure 1,a,"Wandering albatross, 100 m",n_runs,622,8.62663906142167e-05,11592
Supplementary Figure 1,a,"Wandering albatross, 100 m",n_runs,623,8.62663906142167e-05,11592
Supplementary Figure 1,a,"Wandering albatross, 100 m",n_runs,624,8.62663906142167e-05,11592
Supplementary Figure 1,a,"Wandering albatross, 100 m",n_runs,625,8.62663906142167e-05,11592
Supplementary Figure 1,a,"Wandering albatross, 100 m",n_runs,626,8.62663906142167e-05,11592
Supplementary Figure 1,a,"Wandering albatross, 100 m",n_runs,627,8.62663906142167e-05,11592
Supplementary Figure 1,a,"Wandering albatross, 100 m",n_runs,628,8.62663906142167e-05,11592
Supplementary Figure 1,a,"Wandering albatross, 100 m",n_runs,629,8.62663906142167e-05,11592
Supplementary Figure 1,a,"Wandering albatross, 100 m",n_runs,630,8.62663906142167e-05,11592
Supplementary Figure 1,a,"Wandering albatross, 100 m",n_runs,631,8.62663906142167e-05,11592
Supplementary Figure 1,a,"Wandering albatross, 100 m",n_runs,632,8.62663906142167e-05,11592
Supplementary Figure 1,a,"Wandering albatross, 100 m",n_runs,633,8.62663906142167e-05,11592
Supplementary Figure 1,a,"Wandering albatross, 100 m",n_runs,634,8.62663906142167e-05,11592
Supplementary Figure 1,a,"Wandering albatross, 100 m",n_runs,635,8.62663906142167e-05,11592
Supplementary Figure 1,a,"Wandering albatross, 100 m",n_runs,636,8.62663906142167e-05,11592
Supplementary Figure 1,a,"Wandering albatross, 100 m",n_runs,637,8.62663906142167e-05,11592
Supplementary Figure 1,a,"Wandering albatross, 100 m",n_runs,638,8.62663906142167e-05,11592
Supplementary Figure 1,a,"Wandering albatross, 100 m",n_runs,639,8.62663906142167e-05,11592
Supplementary Figure 1,a,"Wandering albatross, 100 m",n_runs,640,8.62663906142167e-05,11592
Supplementary Figure 1,a,"Wandering albatross, 100 m",n_runs,641,8.62663906142167e-05,11592
Supplementary Figure 1,a,"Wandering albatross, 100 m",n_runs,642,8.62663906142167e-05,11592
Supplementary Figure 1,a,"Wandering albatross, 100 m",n_runs,643,8.62663906142167e-05,11592
Supplementary Figure 1,a,"Wandering albatross, 100 m",n_runs,644,8.62663906142167e-05,11592
Supplementary Figure 1,a,"Wandering albatross, 100 m",n_runs,645,8.62663906142167e-05,11592
Supplementary Figure 1,a,"Wandering albatross, 100 m",n_runs,646,8.62663906142167e-05,11592
Supplementary Figure 1,a,"Wandering albatross, 100 m",n_runs,647,8.62663906142167e-05,11592
Supplementary Figure 1,a,"Wandering albatross, 100 m",n_runs,648,8.62663906142167e-05,11592
Supplementary Figure 1,a,"Wandering albatross, 100 m",n_runs,649,8.62663906142167e-05,11592
Supplementary Figure 1,a,"Wandering albatross, 100 m",n_runs,650,8.62663906142167e-05,11592
Supplementary Figure 1,a,"Wandering albatross, 100 m",n_runs,651,8.62663906142167e-05,11592
Supplementary Figure 1,a,"Wandering albatross, 100 m",n_runs,652,8.62663906142167e-05,11592
Supplementary Figure 1,a,"Wandering albatross, 100 m",n_runs,653,8.62663906142167e-05,11592
Supplementary Figure 1,a,"Wandering albatross, 100 m",n_runs,654,8.62663906142167e-05,11592
Supplementary Figure 1,a,"Wandering albatross, 100 m",n_runs,655,8.62663906142167e-05,11592
Supplementary Figure 1,a,"Wandering albatross, 100 m",n_runs,656,8.62663906142167e-05,11592
Supplementary Figure 1,a,"Wandering albatross, 100 m",n_runs,657,8.62663906142167e-05,11592
Supplementary Figure 1,a,"Wandering albatross, 100 m",n_runs,658,8.62663906142167e-05,11592
Supplementary Figure 1,a,"Wandering albatross, 100 m",n_runs,659,8.62663906142167e-05,11592
Supplementary Figure 1,a,"Wandering albatross, 100 m",n_runs,660,8.62663906142167e-05,11592
Supplementary Figure 1,a,"Wandering albatross, 100 m",n_runs,661,8.62663906142167e-05,11592
Supplementary Figure 1,a,"Wandering albatross, 100 m",n_runs,662,8.62663906142167e-05,11592
Supplementary Figure 1,a,"Wandering albatross, 100 m",n_runs,663,8.62663906142167e-05,11592
Supplementary Figure 1,a,"Wandering albatross, 100 m",n_runs,664,8.62663906142167e-05,11592
Supplementary Figure 1,a,"Wandering albatross, 100 m",n_runs,665,8.62663906142167e-05,11592
Supplementary Figure 1,a,"Wandering albatross, 100 m",n_runs,666,8.62663906142167e-05,11592
Supplementary Figure 1,a,"Wandering albatross, 100 m",n_runs,667,8.62663906142167e-05,11592
Supplementary Figure 1,a,"Wandering albatross, 100 m",n_runs,668,8.62663906142167e-05,11592
Supplementary Figure 1,a,"Wandering albatross, 100 m",n_runs,669,8.62663906142167e-05,11592
Supplementary Figure 1,a,"Wandering albatross, 100 m",n_runs,670,8.62663906142167e-05,11592
Supplementary Figure 1,a,"Wandering albatross, 100 m",n_runs,671,8.62663906142167e-05,11592
Supplementary Figure 1,a,"Wandering albatross, 100 m",n_runs,672,8.62663906142167e-05,11592
Supplementary Figure 1,a,"Wandering albatross, 100 m",n_runs,673,8.62663906142167e-05,11592
Supplementary Figure 1,a,"Wandering albatross, 100 m",n_runs,674,8.62663906142167e-05,11592
Supplementary Figure 1,a,"Wandering albatross, 100 m",n_runs,675,8.62663906142167e-05,11592
Supplementary Figure 1,a,"Wandering albatross, 100 m",n_runs,676,8.62663906142167e-05,11592
Supplementary Figure 1,a,"Wandering albatross, 100 m",n_runs,677,8.62663906142167e-05,11592
Supplementary Figure 1,a,"Wandering albatross, 100 m",n_runs,678,8.62663906142167e-05,11592
Supplementary Figure 1,a,"Wandering albatross, 100 m",n_runs,679,8.62663906142167e-05,11592
Supplementary Figure 1,a,"Wandering albatross, 100 m",n_runs,680,8.62663906142167e-05,11592
Supplementary Figure 1,a,"Wandering albatross, 100 m",n_runs,681,8.62663906142167e-05,11592
Supplementary Figure 1,a,"Wandering albatross, 100 m",n_runs,682,8.62663906142167e-05,11592
Supplementary Figure 1,a,"Wandering albatross, 100 m",n_runs,683,8.62663906142167e-05,11592
Supplementary Figure 1,a,"Wandering albatross, 100 m",n_runs,684,8.62663906142167e-05,11592
Supplementary Figure 1,a,"Wandering albatross, 100 m",n_runs,685,8.62663906142167e-05,11592
Supplementary Figure 1,a,"Wandering albatross, 100 m",n_runs,686,8.62663906142167e-05,11592
Supplementary Figure 1,a,"Wandering albatross, 100 m",n_runs,687,8.62663906142167e-05,11592
Supplementary Figure 1,a,"Wandering albatross, 100 m",n_runs,688,8.62663906142167e-05,11592
Supplementary Figure 1,a,"Wandering albatross, 100 m",n_runs,689,8.62663906142167e-05,11592
Supplementary Figure 1,a,"Wandering albatross, 100 m",n_runs,690,8.62663906142167e-05,11592
Supplementary Figure 1,a,"Wandering albatross, 100 m",n_runs,691,8.62663906142167e-05,11592
Supplementary Figure 1,a,"Wandering albatross, 100 m",n_runs,692,8.62663906142167e-05,11592
Supplementary Figure 1,a,"Wandering albatross, 100 m",n_runs,693,8.62663906142167e-05,11592
Supplementary Figure 1,a,"Wandering albatross, 100 m",n_runs,694,8.62663906142167e-05,11592
Supplementary Figure 1,a,"Wandering albatross, 100 m",n_runs,695,8.62663906142167e-05,11592
Supplementary Figure 1,a,"Wandering albatross, 100 m",n_runs,696,8.62663906142167e-05,11592
Supplementary Figure 1,a,"Wandering albatross, 100 m",n_runs,697,8.62663906142167e-05,11592
Supplementary Figure 1,a,"Wandering albatross, 100 m",n_runs,698,8.62663906142167e-05,11592
Supplementary Figure 1,a,"Wandering albatross, 100 m",n_runs,699,8.62663906142167e-05,11592
Supplementary Figure 1,a,"Wandering albatross, 100 m",n_runs,700,8.62663906142167e-05,11592
Supplementary Figure 1,a,"Wandering albatross, 100 m",n_runs,701,8.62663906142167e-05,11592
Supplementary Figure 1,a,"Wandering albatross, 100 m",n_runs,702,8.62663906142167e-05,11592
Supplementary Figure 1,a,"Wandering albatross, 100 m",n_runs,703,8.62663906142167e-05,11592
Supplementary Figure 1,a,"Wandering albatross, 100 m",n_runs,704,8.62663906142167e-05,11592
Supplementary Figure 1,a,"Wandering albatross, 100 m",n_runs,705,8.62663906142167e-05,11592
Supplementary Figure 1,a,"Wandering albatross, 100 m",n_runs,706,8.62663906142167e-05,11592
Supplementary Figure 1,b,"Wandering albatross, 100 m",n_record_runs,2,1.0,11592
Supplementary Figure 1,b,"Wandering albatross, 100 m",n_record_runs,3,0.9359903381642513,11592
Supplementary Figure 1,b,"Wandering albatross, 100 m",n_record_runs,4,0.7466356107660456,11592
Supplementary Figure 1,b,"Wandering albatross, 100 m",n_record_runs,5,0.6280193236714976,11592
Supplementary Figure 1,b,"Wandering albatross, 100 m",n_record_runs,6,0.5448585231193926,11592
Supplementary Figure 1,b,"Wandering albatross, 100 m",n_record_runs,7,0.48516218081435475,11592
Supplementary Figure 1,b,"Wandering albatross, 100 m",n_record_runs,8,0.4359903381642512,11592
Supplementary Figure 1,b,"Wandering albatross, 100 m",n_record_runs,9,0.39320220841959974,11592
Supplementary Figure 1,b,"Wandering albatross, 100 m",n_record_runs,10,0.36240510697032435,11592
Supplementary Figure 1,b,"Wandering albatross, 100 m",n_record_runs,11,0.33712905452035885,11592
Supplementary Figure 1,b,"Wandering albatross, 100 m",n_record_runs,12,0.3115942028985507,11592
Supplementary Figure 1,b,"Wandering albatross, 100 m",n_record_runs,13,0.2919254658385093,11592
Supplementary Figure 1,b,"Wandering albatross, 100 m",n_record_runs,14,0.2742408557625949,11592
Supplementary Figure 1,b,"Wandering albatross, 100 m",n_record_runs,15,0.2561249137336094,11592
Supplementary Figure 1,b,"Wandering albatross, 100 m",n_record_runs,16,0.23999309868875085,11592
Supplementary Figure 1,b,"Wandering albatross, 100 m",n_record_runs,17,0.22722567287784678,11592
Supplementary Figure 1,b,"Wandering albatross, 100 m",n_record_runs,18,0.2139406487232574,11592
Supplementary Figure 1,b,"Wandering albatross, 100 m",n_record_runs,19,0.20332988267770877,11592
Supplementary Figure 1,b,"Wandering albatross, 100 m",n_record_runs,20,0.19289164941338854,11592
Supplementary Figure 1,b,"Wandering albatross, 100 m",n_record_runs,21,0.1834886128364389,11592
Supplementary Figure 1,b,"Wandering albatross, 100 m",n_record_runs,22,0.17529330572808835,11592
Supplementary Figure 1,b,"Wandering albatross, 100 m",n_record_runs,23,0.1667529330572809,11592
Supplementary Figure 1,b,"Wandering albatross, 100 m",n_record_runs,24,0.15829882677708765,11592
Supplementary Figure 1,b,"Wandering albatross, 100 m",n_record_runs,25,0.15165631469979296,11592
Supplementary Figure 1,b,"Wandering albatross, 100 m",n_record_runs,26,0.1440648723257419,11592
Supplementary Figure 1,b,"Wandering albatross, 100 m",n_record_runs,27,0.13802622498274672,11592
Supplementary Figure 1,b,"Wandering albatross, 100 m",n_record_runs,28,0.13146997929606624,11592
Supplementary Figure 1,b,"Wandering albatross, 100 m",n_record_runs,29,0.12620772946859904,11592
Supplementary Figure 1,b,"Wandering albatross, 100 m",n_record_runs,30,0.1213768115942029,11592
Supplementary Figure 1,b,"Wandering albatross, 100 m",n_record_runs,31,0.11758109040717736,11592
Supplementary Figure 1,b,"Wandering albatross, 100 m",n_record_runs,32,0.11395790200138026,11592
Supplementary Figure 1,b,"Wandering albatross, 100 m",n_record_runs,33,0.10964458247066942,11592
Supplementary Figure 1,b,"Wandering albatross, 100 m",n_record_runs,34,0.10533126293995859,11592
Supplementary Figure 1,b,"Wandering albatross, 100 m",n_record_runs,35,0.10291580400276053,11592
Supplementary Figure 1,b,"Wandering albatross, 100 m",n_record_runs,36,0.09877501725327813,11592
Supplementary Figure 1,b,"Wandering albatross, 100 m",n_record_runs,37,0.09592822636300898,11592
Supplementary Figure 1,b,"Wandering albatross, 100 m",n_record_runs,38,0.09325396825396826,11592
Supplementary Figure 1,b,"Wandering albatross, 100 m",n_record_runs,39,0.09023464458247067,11592
Supplementary Figure 1,b,"Wandering albatross, 100 m",n_record_runs,40,0.08712905452035886,11592
Supplementary Figure 1,b,"Wandering albatross, 100 m",n_record_runs,41,0.0847135955831608,11592
Supplementary Figure 1,b,"Wandering albatross, 100 m",n_record_runs,42,0.08186680469289165,11592
Supplementary Figure 1,b,"Wandering albatross, 100 m",n_record_runs,43,0.07936507936507936,11592
Supplementary Figure 1,b,"Wandering albatross, 100 m",n_record_runs,44,0.07677708764665286,11592
Supplementary Figure 1,b,"Wandering albatross, 100 m",n_record_runs,45,0.07358523119392685,11592
Supplementary Figure 1,b,"Wandering albatross, 100 m",n_record_runs,46,0.07160110420979986,11592
Supplementary Figure 1,b,"Wandering albatross, 100 m",n_record_runs,47,0.0687543133195307,11592
Supplementary Figure 1,b,"Wandering albatross, 100 m",n_record_runs,48,0.06616632160110421,11592
Supplementary Figure 1,b,"Wandering albatross, 100 m",n_record_runs,49,0.06366459627329192,11592
Supplementary Figure 1,b,"Wandering albatross, 100 m",n_record_runs,50,0.06219806763285024,11592
Supplementary Figure 1,b,"Wandering albatross, 100 m",n_record_runs,51,0.06090407177363699,11592
Supplementary Figure 1,b,"Wandering albatross, 100 m",n_record_runs,52,0.05909247757073844,11592
Supplementary Figure 1,b,"Wandering albatross, 100 m",n_record_runs,53,0.05719461697722567,11592
Supplementary Figure 1,b,"Wandering albatross, 100 m",n_record_runs,54,0.055900621118012424,11592
Supplementary Figure 1,b,"Wandering albatross, 100 m",n_record_runs,55,0.054865424430641824,11592
Supplementary Figure 1,b,"Wandering albatross, 100 m",n_record_runs,56,0.052967563837129056,11592
Supplementary Figure 1,b,"Wandering albatross, 100 m",n_record_runs,57,0.051328502415458936,11592
Supplementary Figure 1,b,"Wandering albatross, 100 m",n_record_runs,58,0.04994824016563147,11592
Supplementary Figure 1,b,"Wandering albatross, 100 m",n_record_runs,59,0.048567977915804,11592
Supplementary Figure 1,b,"Wandering albatross, 100 m",n_record_runs,60,0.047187715665976536,11592
Supplementary Figure 1,b,"Wandering albatross, 100 m",n_record_runs,61,0.046152518978605936,11592
Supplementary Figure 1,b,"Wandering albatross, 100 m",n_record_runs,62,0.04485852311939269,11592
Supplementary Figure 1,b,"Wandering albatross, 100 m",n_record_runs,63,0.044082125603864736,11592
Supplementary Figure 1,b,"Wandering albatross, 100 m",n_record_runs,64,0.042874396135265704,11592
Supplementary Figure 1,b,"Wandering albatross, 100 m",n_record_runs,65,0.042011732229123536,11592
Supplementary Figure 1,b,"Wandering albatross, 100 m",n_record_runs,66,0.040976535541752936,11592
Supplementary Figure 1,b,"Wandering albatross, 100 m",n_record_runs,67,0.040200138026224984,11592
Supplementary Figure 1,b,"Wandering albatross, 100 m",n_record_runs,68,0.03881987577639751,11592
Supplementary Figure 1,b,"Wandering albatross, 100 m",n_record_runs,69,0.037698412698412696,11592
Supplementary Figure 1,b,"Wandering albatross, 100 m",n_record_runs,70,0.036490683229813664,11592
Supplementary Figure 1,b,"Wandering albatross, 100 m",n_record_runs,71,0.0351104209799862,11592
Supplementary Figure 1,b,"Wandering albatross, 100 m",n_record_runs,72,0.034161490683229816,11592
Supplementary Figure 1,b,"Wandering albatross, 100 m",n_record_runs,73,0.033040027605245,11592
Supplementary Figure 1,b,"Wandering albatross, 100 m",n_record_runs,74,0.03269496204278813,11592
Supplementary Figure 1,b,"Wandering albatross, 100 m",n_record_runs,75,0.03157349896480331,11592
Supplementary Figure 1,b,"Wandering albatross, 100 m",n_record_runs,76,0.030538302277432712,11592
Supplementary Figure 1,b,"Wandering albatross, 100 m",n_record_runs,77,0.030106970324361628,11592
Supplementary Figure 1,b,"Wandering albatross, 100 m",n_record_runs,78,0.02933057280883368,11592
Supplementary Figure 1,b,"Wandering albatross, 100 m",n_record_runs,79,0.02820910973084886,11592
Supplementary Figure 1,b,"Wandering albatross, 100 m",n_record_runs,80,0.027518978605935128,11592
Supplementary Figure 1,b,"Wandering albatross, 100 m",n_record_runs,81,0.027001380262249828,11592
Supplementary Figure 1,b,"Wandering albatross, 100 m",n_record_runs,82,0.026224982746721876,11592
Supplementary Figure 1,b,"Wandering albatross, 100 m",n_record_runs,83,0.025966183574879228,11592
Supplementary Figure 1,b,"Wandering albatross, 100 m",n_record_runs,84,0.025276052449965492,11592
Supplementary Figure 1,b,"Wandering albatross, 100 m",n_record_runs,85,0.024930986887508628,11592
Supplementary Figure 1,b,"Wandering albatross, 100 m",n_record_runs,86,0.024327122153209108,11592
Supplementary Figure 1,b,"Wandering albatross, 100 m",n_record_runs,87,0.023982056590752244,11592
Supplementary Figure 1,b,"Wandering albatross, 100 m",n_record_runs,88,0.023723257418909592,11592
Supplementary Figure 1,b,"Wandering albatross, 100 m",n_record_runs,89,0.023291925465838508,11592
Supplementary Figure 1,b,"Wandering albatross, 100 m",n_record_runs,90,0.022774327122153208,11592
Supplementary Figure 1,b,"Wandering albatross, 100 m",n_record_runs,91,0.02251552795031056,11592
Supplementary Figure 1,b,"Wandering albatross, 100 m",n_record_runs,92,0.022084195997239476,11592
Supplementary Figure 1,b,"Wandering albatross, 100 m",n_record_runs,93,0.021652864044168392,11592
Supplementary Figure 1,b,"Wandering albatross, 100 m",n_record_runs,94,0.021221532091097308,11592
Supplementary Figure 1,b,"Wandering albatross, 100 m",n_record_runs,95,0.02096273291925466,11592
Supplementary Figure 1,b,"Wandering albatross, 100 m",n_record_runs,96,0.02044513457556936,11592
Supplementary Figure 1,b,"Wandering albatross, 100 m",n_record_runs,97,0.020013802622498276,11592
Supplementary Figure 1,b,"Wandering albatross, 100 m",n_record_runs,98,0.019409937888198756,11592
Supplementary Figure 1,b,"Wandering albatross, 100 m",n_record_runs,99,0.019409937888198756,11592
Supplementary Figure 1,b,"Wandering albatross, 100 m",n_record_runs,100,0.019151138716356108,11592
Supplementary Figure 1,b,"Wandering albatross, 100 m",n_record_runs,101,0.018978605935127676,11592
Supplementary Figure 1,b,"Wandering albatross, 100 m",n_record_runs,102,0.018461007591442376,11592
Supplementary Figure 1,b,"Wandering albatross, 100 m",n_record_runs,103,0.017857142857142856,11592
Supplementary Figure 1,b,"Wandering albatross, 100 m",n_record_runs,104,0.01725327812284334,11592
Supplementary Figure 1,b,"Wandering albatross, 100 m",n_record_runs,105,0.016908212560386472,11592
Supplementary Figure 1,b,"Wandering albatross, 100 m",n_record_runs,106,0.01673567977915804,11592
Supplementary Figure 1,b,"Wandering albatross, 100 m",n_record_runs,107,0.016476880607315388,11592
Supplementary Figure 1,b,"Wandering albatross, 100 m",n_record_runs,108,0.016304347826086956,11592
Supplementary Figure 1,b,"Wandering albatross, 100 m",n_record_runs,109,0.016131815044858524,11592
Supplementary Figure 1,b,"Wandering albatross, 100 m",n_record_runs,110,0.015959282263630088,11592
Supplementary Figure 1,b,"Wandering albatross, 100 m",n_record_runs,111,0.01544168391994479,11592
Supplementary Figure 1,b,"Wandering albatross, 100 m",n_record_runs,112,0.01492408557625949,11592
Supplementary Figure 1,b,"Wandering albatross, 100 m",n_record_runs,113,0.014233954451345756,11592
Supplementary Figure 1,b,"Wandering albatross, 100 m",n_record_runs,114,0.014147688060731538,11592
Supplementary Figure 1,b,"Wandering albatross, 100 m",n_record_runs,115,0.013802622498274672,11592
Supplementary Figure 1,b,"Wandering albatross, 100 m",n_record_runs,116,0.013802622498274672,11592
Supplementary Figure 1,b,"Wandering albatross, 100 m",n_record_runs,117,0.013371290545203588,11592
Supplementary Figure 1,b,"Wandering albatross, 100 m",n_record_runs,118,0.013285024154589372,11592
Supplementary Figure 1,b,"Wandering albatross, 100 m",n_record_runs,119,0.013112491373360938,11592
Supplementary Figure 1,b,"Wandering albatross, 100 m",n_record_runs,120,0.012681159420289856,11592
Supplementary Figure 1,b,"Wandering albatross, 100 m",n_record_runs,121,0.012422360248447204,11592
Supplementary Figure 1,b,"Wandering albatross, 100 m",n_record_runs,122,0.012249827467218772,11592
Supplementary Figure 1,b,"Wandering albatross, 100 m",n_record_runs,123,0.011991028295376122,11592
Supplementary Figure 1,b,"Wandering albatross, 100 m",n_record_runs,124,0.011818495514147688,11592
Supplementary Figure 1,b,"Wandering albatross, 100 m",n_record_runs,125,0.011645962732919254,11592
Supplementary Figure 1,b,"Wandering albatross, 100 m",n_record_runs,126,0.011214630779848172,11592
Supplementary Figure 1,b,"Wandering albatross, 100 m",n_record_runs,127,0.010869565217391304,11592
Supplementary Figure 1,b,"Wandering albatross, 100 m",n_record_runs,128,0.01043823326432022,11592
Supplementary Figure 1,b,"Wandering albatross, 100 m",n_record_runs,129,0.01017943409247757,11592
Supplementary Figure 1,b,"Wandering albatross, 100 m",n_record_runs,130,0.010006901311249138,11592
Supplementary Figure 1,b,"Wandering albatross, 100 m",n_record_runs,131,0.009834368530020704,11592
Supplementary Figure 1,b,"Wandering albatross, 100 m",n_record_runs,132,0.00966183574879227,11592
Supplementary Figure 1,b,"Wandering albatross, 100 m",n_record_runs,133,0.009575569358178054,11592
Supplementary Figure 1,b,"Wandering albatross, 100 m",n_record_runs,134,0.009316770186335404,11592
Supplementary Figure 1,b,"Wandering albatross, 100 m",n_record_runs,135,0.009230503795721188,11592
Supplementary Figure 1,b,"Wandering albatross, 100 m",n_record_runs,136,0.00914423740510697,11592
Supplementary Figure 1,b,"Wandering albatross, 100 m",n_record_runs,137,0.008971704623878536,11592
Supplementary Figure 1,b,"Wandering albatross, 100 m",n_record_runs,138,0.008712905452035886,11592
Supplementary Figure 1,b,"Wandering albatross, 100 m",n_record_runs,139,0.00836783988957902,11592
Supplementary Figure 1,b,"Wandering albatross, 100 m",n_record_runs,140,0.00836783988957902,11592
Supplementary Figure 1,b,"Wandering albatross, 100 m",n_record_runs,141,0.008281573498964804,11592
Supplementary Figure 1,b,"Wandering albatross, 100 m",n_record_runs,142,0.008281573498964804,11592
Supplementary Figure 1,b,"Wandering albatross, 100 m",n_record_runs,143,0.008281573498964804,11592
Supplementary Figure 1,b,"Wandering albatross, 100 m",n_record_runs,144,0.008281573498964804,11592
Supplementary Figure 1,b,"Wandering albatross, 100 m",n_record_runs,145,0.008195307108350586,11592
Supplementary Figure 1,b,"Wandering albatross, 100 m",n_record_runs,146,0.007936507936507936,11592
Supplementary Figure 1,b,"Wandering albatross, 100 m",n_record_runs,147,0.00785024154589372,11592
Supplementary Figure 1,b,"Wandering albatross, 100 m",n_record_runs,148,0.007677708764665286,11592
Supplementary Figure 1,b,"Wandering albatross, 100 m",n_record_runs,149,0.00759144237405107,11592
Supplementary Figure 1,b,"Wandering albatross, 100 m",n_record_runs,150,0.007505175983436853,11592
Supplementary Figure 1,b,"Wandering albatross, 100 m",n_record_runs,151,0.007418909592822636,11592
Supplementary Figure 1,b,"Wandering albatross, 100 m",n_record_runs,152,0.00733264320220842,11592
Supplementary Figure 1,b,"Wandering albatross, 100 m",n_record_runs,153,0.006901311249137336,11592
Supplementary Figure 1,b,"Wandering albatross, 100 m",n_record_runs,154,0.006901311249137336,11592
Supplementary Figure 1,b,"Wandering albatross, 100 m",n_record_runs,155,0.006815044858523119,11592
Supplementary Figure 1,b,"Wandering albatross, 100 m",n_record_runs,156,0.006728778467908903,11592
Supplementary Figure 1,b,"Wandering albatross, 100 m",n_record_runs,157,0.006556245686680469,11592
Supplementary Figure 1,b,"Wandering albatross, 100 m",n_record_runs,158,0.006469979296066253,11592
Supplementary Figure 1,b,"Wandering albatross, 100 m",n_record_runs,159,0.006297446514837819,11592
Supplementary Figure 1,b,"Wandering albatross, 100 m",n_record_runs,160,0.006297446514837819,11592
Supplementary Figure 1,b,"Wandering albatross, 100 m",n_record_runs,161,0.006124913733609386,11592
Supplementary Figure 1,b,"Wandering albatross, 100 m",n_record_runs,162,0.006124913733609386,11592
Supplementary Figure 1,b,"Wandering albatross, 100 m",n_record_runs,163,0.005952380952380952,11592
Supplementary Figure 1,b,"Wandering albatross, 100 m",n_record_runs,164,0.005866114561766736,11592
Supplementary Figure 1,b,"Wandering albatross, 100 m",n_record_runs,165,0.005779848171152519,11592
Supplementary Figure 1,b,"Wandering albatross, 100 m",n_record_runs,166,0.005693581780538302,11592
Supplementary Figure 1,b,"Wandering albatross, 100 m",n_record_runs,167,0.005693581780538302,11592
Supplementary Figure 1,b,"Wandering albatross, 100 m",n_record_runs,168,0.005693581780538302,11592
Supplementary Figure 1,b,"Wandering albatross, 100 m",n_record_runs,169,0.005521048999309869,11592
Supplementary Figure 1,b,"Wandering albatross, 100 m",n_record_runs,170,0.005434782608695652,11592
Supplementary Figure 1,b,"Wandering albatross, 100 m",n_record_runs,171,0.005434782608695652,11592
Supplementary Figure 1,b,"Wandering albatross, 100 m",n_record_runs,172,0.005434782608695652,11592
Supplementary Figure 1,b,"Wandering albatross, 100 m",n_record_runs,173,0.005434782608695652,11592
Supplementary Figure 1,b,"Wandering albatross, 100 m",n_record_runs,174,0.005348516218081435,11592
Supplementary Figure 1,b,"Wandering albatross, 100 m",n_record_runs,175,0.005348516218081435,11592
Supplementary Figure 1,b,"Wandering albatross, 100 m",n_record_runs,176,0.005348516218081435,11592
Supplementary Figure 1,b,"Wandering albatross, 100 m",n_record_runs,177,0.005348516218081435,11592
Supplementary Figure 1,b,"Wandering albatross, 100 m",n_record_runs,178,0.005348516218081435,11592
Supplementary Figure 1,b,"Wandering albatross, 100 m",n_record_runs,179,0.005175983436853002,11592
Supplementary Figure 1,b,"Wandering albatross, 100 m",n_record_runs,180,0.005175983436853002,11592
Supplementary Figure 1,b,"Wandering albatross, 100 m",n_record_runs,181,0.005089717046238785,11592
Supplementary Figure 1,b,"Wandering albatross, 100 m",n_record_runs,182,0.005089717046238785,11592
Supplementary Figure 1,b,"Wandering albatross, 100 m",n_record_runs,183,0.004917184265010352,11592
Supplementary Figure 1,b,"Wandering albatross, 100 m",n_record_runs,184,0.004830917874396135,11592
Supplementary Figure 1,b,"Wandering albatross, 100 m",n_record_runs,185,0.004744651483781919,11592
Supplementary Figure 1,b,"Wandering albatross, 100 m",n_record_runs,186,0.004744651483781919,11592
Supplementary Figure 1,b,"Wandering albatross, 100 m",n_record_runs,187,0.004572118702553485,11592
Supplementary Figure 1,b,"Wandering albatross, 100 m",n_record_runs,188,0.004572118702553485,11592
Supplementary Figure 1,b,"Wandering albatross, 100 m",n_record_runs,189,0.004572118702553485,11592
Supplementary Figure 1,b,"Wandering albatross, 100 m",n_record_runs,190,0.004572118702553485,11592
Supplementary Figure 1,b,"Wandering albatross, 100 m",n_record_runs,191,0.004572118702553485,11592
Supplementary Figure 1,b,"Wandering albatross, 100 m",n_record_runs,192,0.004485852311939268,11592
Supplementary Figure 1,b,"Wandering albatross, 100 m",n_record_runs,193,0.004399585921325052,11592
Supplementary Figure 1,b,"Wandering albatross, 100 m",n_record_runs,194,0.004399585921325052,11592
Supplementary Figure 1,b,"Wandering albatross, 100 m",n_record_runs,195,0.004399585921325052,11592
Supplementary Figure 1,b,"Wandering albatross, 100 m",n_record_runs,196,0.004399585921325052,11592
Supplementary Figure 1,b,"Wandering albatross, 100 m",n_record_runs,197,0.004399585921325052,11592
Supplementary Figure 1,b,"Wandering albatross, 100 m",n_record_runs,198,0.004227053140096618,11592
Supplementary Figure 1,b,"Wandering albatross, 100 m",n_record_runs,199,0.004227053140096618,11592
Supplementary Figure 1,b,"Wandering albatross, 100 m",n_record_runs,200,0.004054520358868185,11592
Supplementary Figure 1,b,"Wandering albatross, 100 m",n_record_runs,201,0.003968253968253968,11592
Supplementary Figure 1,b,"Wandering albatross, 100 m",n_record_runs,202,0.003968253968253968,11592
Supplementary Figure 1,b,"Wandering albatross, 100 m",n_record_runs,203,0.0038819875776397515,11592
Supplementary Figure 1,b,"Wandering albatross, 100 m",n_record_runs,204,0.0038819875776397515,11592
Supplementary Figure 1,b,"Wandering albatross, 100 m",n_record_runs,205,0.0038819875776397515,11592
Supplementary Figure 1,b,"Wandering albatross, 100 m",n_record_runs,206,0.003795721187025535,11592
Supplementary Figure 1,b,"Wandering albatross, 100 m",n_record_runs,207,0.003709454796411318,11592
Supplementary Figure 1,b,"Wandering albatross, 100 m",n_record_runs,208,0.0036231884057971015,11592
Supplementary Figure 1,b,"Wandering albatross, 100 m",n_record_runs,209,0.0036231884057971015,11592
Supplementary Figure 1,b,"Wandering albatross, 100 m",n_record_runs,210,0.0036231884057971015,11592
Supplementary Figure 1,b,"Wandering albatross, 100 m",n_record_runs,211,0.0036231884057971015,11592
Supplementary Figure 1,b,"Wandering albatross, 100 m",n_record_runs,212,0.0035369220151828845,11592
Supplementary Figure 1,b,"Wandering albatross, 100 m",n_record_runs,213,0.0035369220151828845,11592
Supplementary Figure 1,b,"Wandering albatross, 100 m",n_record_runs,214,0.0035369220151828845,11592
Supplementary Figure 1,b,"Wandering albatross, 100 m",n_record_runs,215,0.003450655624568668,11592
Supplementary Figure 1,b,"Wandering albatross, 100 m",n_record_runs,216,0.003450655624568668,11592
Supplementary Figure 1,b,"Wandering albatross, 100 m",n_record_runs,217,0.003450655624568668,11592
Supplementary Figure 1,b,"Wandering albatross, 100 m",n_record_runs,218,0.003450655624568668,11592
Supplementary Figure 1,b,"Wandering albatross, 100 m",n_record_runs,219,0.0033643892339544515,11592
Supplementary Figure 1,b,"Wandering albatross, 100 m",n_record_runs,220,0.0033643892339544515,11592
Supplementary Figure 1,b,"Wandering albatross, 100 m",n_record_runs,221,0.0033643892339544515,11592
Supplementary Figure 1,b,"Wandering albatross, 100 m",n_record_runs,222,0.0032781228433402345,11592
Supplementary Figure 1,b,"Wandering albatross, 100 m",n_record_runs,223,0.0032781228433402345,11592
Supplementary Figure 1,b,"Wandering albatross, 100 m",n_record_runs,224,0.0032781228433402345,11592
Supplementary Figure 1,b,"Wandering albatross, 100 m",n_record_runs,225,0.003191856452726018,11592
Supplementary Figure 1,b,"Wandering albatross, 100 m",n_record_runs,226,0.003105590062111801,11592
Supplementary Figure 1,b,"Wandering albatross, 100 m",n_record_runs,227,0.003105590062111801,11592
Supplementary Figure 1,b,"Wandering albatross, 100 m",n_record_runs,228,0.003105590062111801,11592
Supplementary Figure 1,b,"Wandering albatross, 100 m",n_record_runs,229,0.0030193236714975845,11592
Supplementary Figure 1,b,"Wandering albatross, 100 m",n_record_runs,230,0.0030193236714975845,11592
Supplementary Figure 1,b,"Wandering albatross, 100 m",n_record_runs,231,0.002933057280883368,11592
Supplementary Figure 1,b,"Wandering albatross, 100 m",n_record_runs,232,0.002933057280883368,11592
Supplementary Figure 1,b,"Wandering albatross, 100 m",n_record_runs,233,0.002933057280883368,11592
Supplementary Figure 1,b,"Wandering albatross, 100 m",n_record_runs,234,0.002846790890269151,11592
Supplementary Figure 1,b,"Wandering albatross, 100 m",n_record_runs,235,0.002846790890269151,11592
Supplementary Figure 1,b,"Wandering albatross, 100 m",n_record_runs,236,0.0027605244996549345,11592
Supplementary Figure 1,b,"Wandering albatross, 100 m",n_record_runs,237,0.0027605244996549345,11592
Supplementary Figure 1,b,"Wandering albatross, 100 m",n_record_runs,238,0.002587991718426501,11592
Supplementary Figure 1,b,"Wandering albatross, 100 m",n_record_runs,239,0.002587991718426501,11592
Supplementary Figure 1,b,"Wandering albatross, 100 m",n_record_runs,240,0.002587991718426501,11592
Supplementary Figure 1,b,"Wandering albatross, 100 m",n_record_runs,241,0.002587991718426501,11592
Supplementary Figure 1,b,"Wandering albatross, 100 m",n_record_runs,242,0.002587991718426501,11592
Supplementary Figure 1,b,"Wandering albatross, 100 m",n_record_runs,243,0.0025017253278122845,11592
Supplementary Figure 1,b,"Wandering albatross, 100 m",n_record_runs,244,0.0025017253278122845,11592
Supplementary Figure 1,b,"Wandering albatross, 100 m",n_record_runs,245,0.0025017253278122845,11592
Supplementary Figure 1,b,"Wandering albatross, 100 m",n_record_runs,246,0.0025017253278122845,11592
Supplementary Figure 1,b,"Wandering albatross, 100 m",n_record_runs,247,0.0025017253278122845,11592
Supplementary Figure 1,b,"Wandering albatross, 100 m",n_record_runs,248,0.0025017253278122845,11592
Supplementary Figure 1,b,"Wandering albatross, 100 m",n_record_runs,249,0.0024154589371980675,11592
Supplementary Figure 1,b,"Wandering albatross, 100 m",n_record_runs,250,0.0024154589371980675,11592
Supplementary Figure 1,b,"Wandering albatross, 100 m",n_record_runs,251,0.0024154589371980675,11592
Supplementary Figure 1,b,"Wandering albatross, 100 m",n_record_runs,252,0.0024154589371980675,11592
Supplementary Figure 1,b,"Wandering albatross, 100 m",n_record_runs,253,0.0024154589371980675,11592
Supplementary Figure 1,b,"Wandering albatross, 100 m",n_record_runs,254,0.0024154589371980675,11592
Supplementary Figure 1,b,"Wandering albatross, 100 m",n_record_runs,255,0.0024154589371980675,11592
Supplementary Figure 1,b,"Wandering albatross, 100 m",n_record_runs,256,0.002329192546583851,11592
Supplementary Figure 1,b,"Wandering albatross, 100 m",n_record_runs,257,0.002329192546583851,11592
Supplementary Figure 1,b,"Wandering albatross, 100 m",n_record_runs,258,0.002329192546583851,11592
Supplementary Figure 1,b,"Wandering albatross, 100 m",n_record_runs,259,0.002329192546583851,11592
Supplementary Figure 1,b,"Wandering albatross, 100 m",n_record_runs,260,0.002329192546583851,11592
Supplementary Figure 1,b,"Wandering albatross, 100 m",n_record_runs,261,0.002242926155969634,11592
Supplementary Figure 1,b,"Wandering albatross, 100 m",n_record_runs,262,0.0021566597653554175,11592
Supplementary Figure 1,b,"Wandering albatross, 100 m",n_record_runs,263,0.002070393374741201,11592
Supplementary Figure 1,b,"Wandering albatross, 100 m",n_record_runs,264,0.002070393374741201,11592
Supplementary Figure 1,b,"Wandering albatross, 100 m",n_record_runs,265,0.001984126984126984,11592
Supplementary Figure 1,b,"Wandering albatross, 100 m",n_record_runs,266,0.0018978605935127675,11592
Supplementary Figure 1,b,"Wandering albatross, 100 m",n_record_runs,267,0.0018978605935127675,11592
Supplementary Figure 1,b,"Wandering albatross, 100 m",n_record_runs,268,0.0018978605935127675,11592
Supplementary Figure 1,b,"Wandering albatross, 100 m",n_record_runs,269,0.0018978605935127675,11592
Supplementary Figure 1,b,"Wandering albatross, 100 m",n_record_runs,270,0.0018978605935127675,11592
Supplementary Figure 1,b,"Wandering albatross, 100 m",n_record_runs,271,0.0018115942028985507,11592
Supplementary Figure 1,b,"Wandering albatross, 100 m",n_record_runs,272,0.0018115942028985507,11592
Supplementary Figure 1,b,"Wandering albatross, 100 m",n_record_runs,273,0.0018115942028985507,11592
Supplementary Figure 1,b,"Wandering albatross, 100 m",n_record_runs,274,0.0018115942028985507,11592
Supplementary Figure 1,b,"Wandering albatross, 100 m",n_record_runs,275,0.0018115942028985507,11592
Supplementary Figure 1,b,"Wandering albatross, 100 m",n_record_runs,276,0.0018115942028985507,11592
Supplementary Figure 1,b,"Wandering albatross, 100 m",n_record_runs,277,0.001725327812284334,11592
Supplementary Figure 1,b,"Wandering albatross, 100 m",n_record_runs,278,0.0016390614216701173,11592
Supplementary Figure 1,b,"Wandering albatross, 100 m",n_record_runs,279,0.0016390614216701173,11592
Supplementary Figure 1,b,"Wandering albatross, 100 m",n_record_runs,280,0.0016390614216701173,11592
Supplementary Figure 1,b,"Wandering albatross, 100 m",n_record_runs,281,0.0016390614216701173,11592
Supplementary Figure 1,b,"Wandering albatross, 100 m",n_record_runs,282,0.0016390614216701173,11592
Supplementary Figure 1,b,"Wandering albatross, 100 m",n_record_runs,283,0.0016390614216701173,11592
Supplementary Figure 1,b,"Wandering albatross, 100 m",n_record_runs,284,0.0016390614216701173,11592
Supplementary Figure 1,b,"Wandering albatross, 100 m",n_record_runs,285,0.0016390614216701173,11592
Supplementary Figure 1,b,"Wandering albatross, 100 m",n_record_runs,286,0.0015527950310559005,11592
Supplementary Figure 1,b,"Wandering albatross, 100 m",n_record_runs,287,0.0015527950310559005,11592
Supplementary Figure 1,b,"Wandering albatross, 100 m",n_record_runs,288,0.0015527950310559005,11592
Supplementary Figure 1,b,"Wandering albatross, 100 m",n_record_runs,289,0.0015527950310559005,11592
Supplementary Figure 1,b,"Wandering albatross, 100 m",n_record_runs,290,0.0015527950310559005,11592
Supplementary Figure 1,b,"Wandering albatross, 100 m",n_record_runs,291,0.0015527950310559005,11592
Supplementary Figure 1,b,"Wandering albatross, 100 m",n_record_runs,292,0.001466528640441684,11592
Supplementary Figure 1,b,"Wandering albatross, 100 m",n_record_runs,293,0.001466528640441684,11592
Supplementary Figure 1,b,"Wandering albatross, 100 m",n_record_runs,294,0.001466528640441684,11592
Supplementary Figure 1,b,"Wandering albatross, 100 m",n_record_runs,295,0.001466528640441684,11592
Supplementary Figure 1,b,"Wandering albatross, 100 m",n_record_runs,296,0.001466528640441684,11592
Supplementary Figure 1,b,"Wandering albatross, 100 m",n_record_runs,297,0.001466528640441684,11592
Supplementary Figure 1,b,"Wandering albatross, 100 m",n_record_runs,298,0.0013802622498274672,11592
Supplementary Figure 1,b,"Wandering albatross, 100 m",n_record_runs,299,0.0013802622498274672,11592
Supplementary Figure 1,b,"Wandering albatross, 100 m",n_record_runs,300,0.0013802622498274672,11592
Supplementary Figure 1,b,"Wandering albatross, 100 m",n_record_runs,301,0.0012939958592132505,11592
Supplementary Figure 1,b,"Wandering albatross, 100 m",n_record_runs,302,0.0012939958592132505,11592
Supplementary Figure 1,b,"Wandering albatross, 100 m",n_record_runs,303,0.0012939958592132505,11592
Supplementary Figure 1,b,"Wandering albatross, 100 m",n_record_runs,304,0.0012077294685990338,11592
Supplementary Figure 1,b,"Wandering albatross, 100 m",n_record_runs,305,0.0012077294685990338,11592
Supplementary Figure 1,b,"Wandering albatross, 100 m",n_record_runs,306,0.001121463077984817,11592
Supplementary Figure 1,b,"Wandering albatross, 100 m",n_record_runs,307,0.001121463077984817,11592
Supplementary Figure 1,b,"Wandering albatross, 100 m",n_record_runs,308,0.001121463077984817,11592
Supplementary Figure 1,b,"Wandering albatross, 100 m",n_record_runs,309,0.001121463077984817,11592
Supplementary Figure 1,b,"Wandering albatross, 100 m",n_record_runs,310,0.001121463077984817,11592
Supplementary Figure 1,b,"Wandering albatross, 100 m",n_record_runs,311,0.001121463077984817,11592
Supplementary Figure 1,b,"Wandering albatross, 100 m",n_record_runs,312,0.001121463077984817,11592
Supplementary Figure 1,b,"Wandering albatross, 100 m",n_record_runs,313,0.001121463077984817,11592
Supplementary Figure 1,b,"Wandering albatross, 100 m",n_record_runs,314,0.001121463077984817,11592
Supplementary Figure 1,b,"Wandering albatross, 100 m",n_record_runs,315,0.001121463077984817,11592
Supplementary Figure 1,b,"Wandering albatross, 100 m",n_record_runs,316,0.001121463077984817,11592
Supplementary Figure 1,b,"Wandering albatross, 100 m",n_record_runs,317,0.001121463077984817,11592
Supplementary Figure 1,b,"Wandering albatross, 100 m",n_record_runs,318,0.001121463077984817,11592
Supplementary Figure 1,b,"Wandering albatross, 100 m",n_record_runs,319,0.0010351966873706005,11592
Supplementary Figure 1,b,"Wandering albatross, 100 m",n_record_runs,320,0.0010351966873706005,11592
Supplementary Figure 1,b,"Wandering albatross, 100 m",n_record_runs,321,0.0009489302967563837,11592
Supplementary Figure 1,b,"Wandering albatross, 100 m",n_record_runs,322,0.000862663906142167,11592
Supplementary Figure 1,b,"Wandering albatross, 100 m",n_record_runs,323,0.000862663906142167,11592
Supplementary Figure 1,b,"Wandering albatross, 100 m",n_record_runs,324,0.000862663906142167,11592
Supplementary Figure 1,b,"Wandering albatross, 100 m",n_record_runs,325,0.000862663906142167,11592
Supplementary Figure 1,b,"Wandering albatross, 100 m",n_record_runs,326,0.000862663906142167,11592
Supplementary Figure 1,b,"Wandering albatross, 100 m",n_record_runs,327,0.000862663906142167,11592
Supplementary Figure 1,b,"Wandering albatross, 100 m",n_record_runs,328,0.000862663906142167,11592
Supplementary Figure 1,b,"Wandering albatross, 100 m",n_record_runs,329,0.000862663906142167,11592
Supplementary Figure 1,b,"Wandering albatross, 100 m",n_record_runs,330,0.000862663906142167,11592
Supplementary Figure 1,b,"Wandering albatross, 100 m",n_record_runs,331,0.000862663906142167,11592
Supplementary Figure 1,b,"Wandering albatross, 100 m",n_record_runs,332,0.000862663906142167,11592
Supplementary Figure 1,b,"Wandering albatross, 100 m",n_record_runs,333,0.000862663906142167,11592
Supplementary Figure 1,b,"Wandering albatross, 100 m",n_record_runs,334,0.000862663906142167,11592
Supplementary Figure 1,b,"Wandering albatross, 100 m",n_record_runs,335,0.000862663906142167,11592
Supplementary Figure 1,b,"Wandering albatross, 100 m",n_record_runs,336,0.000862663906142167,11592
Supplementary Figure 1,b,"Wandering albatross, 100 m",n_record_runs,337,0.000862663906142167,11592
Supplementary Figure 1,b,"Wandering albatross, 100 m",n_record_runs,338,0.000862663906142167,11592
Supplementary Figure 1,b,"Wandering albatross, 100 m",n_record_runs,339,0.000862663906142167,11592
Supplementary Figure 1,b,"Wandering albatross, 100 m",n_record_runs,340,0.000862663906142167,11592
Supplementary Figure 1,b,"Wandering albatross, 100 m",n_record_runs,341,0.0007763975155279503,11592
Supplementary Figure 1,b,"Wandering albatross, 100 m",n_record_runs,342,0.0007763975155279503,11592
Supplementary Figure 1,b,"Wandering albatross, 100 m",n_record_runs,343,0.0007763975155279503,11592
Supplementary Figure 1,b,"Wandering albatross, 100 m",n_record_runs,344,0.0007763975155279503,11592
Supplementary Figure 1,b,"Wandering albatross, 100 m",n_record_runs,345,0.0007763975155279503,11592
Supplementary Figure 1,b,"Wandering albatross, 100 m",n_record_runs,346,0.0007763975155279503,11592
Supplementary Figure 1,b,"Wandering albatross, 100 m",n_record_runs,347,0.0007763975155279503,11592
Supplementary Figure 1,b,"Wandering albatross, 100 m",n_record_runs,348,0.0007763975155279503,11592
Supplementary Figure 1,b,"Wandering albatross, 100 m",n_record_runs,349,0.0007763975155279503,11592
Supplementary Figure 1,b,"Wandering albatross, 100 m",n_record_runs,350,0.0007763975155279503,11592
Supplementary Figure 1,b,"Wandering albatross, 100 m",n_record_runs,351,0.0006901311249137336,11592
Supplementary Figure 1,b,"Wandering albatross, 100 m",n_record_runs,352,0.0006901311249137336,11592
Supplementary Figure 1,b,"Wandering albatross, 100 m",n_record_runs,353,0.0006038647342995169,11592
Supplementary Figure 1,b,"Wandering albatross, 100 m",n_record_runs,354,0.0006038647342995169,11592
Supplementary Figure 1,b,"Wandering albatross, 100 m",n_record_runs,355,0.0006038647342995169,11592
Supplementary Figure 1,b,"Wandering albatross, 100 m",n_record_runs,356,0.0006038647342995169,11592
Supplementary Figure 1,b,"Wandering albatross, 100 m",n_record_runs,357,0.0006038647342995169,11592
Supplementary Figure 1,b,"Wandering albatross, 100 m",n_record_runs,358,0.0006038647342995169,11592
Supplementary Figure 1,b,"Wandering albatross, 100 m",n_record_runs,359,0.0006038647342995169,11592
Supplementary Figure 1,b,"Wandering albatross, 100 m",n_record_runs,360,0.0006038647342995169,11592
Supplementary Figure 1,b,"Wandering albatross, 100 m",n_record_runs,361,0.0006038647342995169,11592
Supplementary Figure 1,b,"Wandering albatross, 100 m",n_record_runs,362,0.0006038647342995169,11592
Supplementary Figure 1,b,"Wandering albatross, 100 m",n_record_runs,363,0.0006038647342995169,11592
Supplementary Figure 1,b,"Wandering albatross, 100 m",n_record_runs,364,0.0006038647342995169,11592
Supplementary Figure 1,b,"Wandering albatross, 100 m",n_record_runs,365,0.0006038647342995169,11592
Supplementary Figure 1,b,"Wandering albatross, 100 m",n_record_runs,366,0.0006038647342995169,11592
Supplementary Figure 1,b,"Wandering albatross, 100 m",n_record_runs,367,0.0005175983436853002,11592
Supplementary Figure 1,b,"Wandering albatross, 100 m",n_record_runs,368,0.0005175983436853002,11592
Supplementary Figure 1,b,"Wandering albatross, 100 m",n_record_runs,369,0.0005175983436853002,11592
Supplementary Figure 1,b,"Wandering albatross, 100 m",n_record_runs,370,0.0005175983436853002,11592
Supplementary Figure 1,b,"Wandering albatross, 100 m",n_record_runs,371,0.0005175983436853002,11592
Supplementary Figure 1,b,"Wandering albatross, 100 m",n_record_runs,372,0.0005175983436853002,11592
Supplementary Figure 1,b,"Wandering albatross, 100 m",n_record_runs,373,0.0005175983436853002,11592
Supplementary Figure 1,b,"Wandering albatross, 100 m",n_record_runs,374,0.0005175983436853002,11592
Supplementary Figure 1,b,"Wandering albatross, 100 m",n_record_runs,375,0.0005175983436853002,11592
Supplementary Figure 1,b,"Wandering albatross, 100 m",n_record_runs,376,0.0005175983436853002,11592
Supplementary Figure 1,b,"Wandering albatross, 100 m",n_record_runs,377,0.0005175983436853002,11592
Supplementary Figure 1,b,"Wandering albatross, 100 m",n_record_runs,378,0.0005175983436853002,11592
Supplementary Figure 1,b,"Wandering albatross, 100 m",n_record_runs,379,0.0005175983436853002,11592
Supplementary Figure 1,b,"Wandering albatross, 100 m",n_record_runs,380,0.0005175983436853002,11592
Supplementary Figure 1,b,"Wandering albatross, 100 m",n_record_runs,381,0.0004313319530710835,11592
Supplementary Figure 1,b,"Wandering albatross, 100 m",n_record_runs,382,0.0004313319530710835,11592
Supplementary Figure 1,b,"Wandering albatross, 100 m",n_record_runs,383,0.0004313319530710835,11592
Supplementary Figure 1,b,"Wandering albatross, 100 m",n_record_runs,384,0.0004313319530710835,11592
Supplementary Figure 1,b,"Wandering albatross, 100 m",n_record_runs,385,0.0004313319530710835,11592
Supplementary Figure 1,b,"Wandering albatross, 100 m",n_record_runs,386,0.0004313319530710835,11592
Supplementary Figure 1,b,"Wandering albatross, 100 m",n_record_runs,387,0.0004313319530710835,11592
Supplementary Figure 1,b,"Wandering albatross, 100 m",n_record_runs,388,0.0004313319530710835,11592
Supplementary Figure 1,b,"Wandering albatross, 100 m",n_record_runs,389,0.0004313319530710835,11592
Supplementary Figure 1,b,"Wandering albatross, 100 m",n_record_runs,390,0.0004313319530710835,11592
Supplementary Figure 1,b,"Wandering albatross, 100 m",n_record_runs,391,0.0004313319530710835,11592
Supplementary Figure 1,b,"Wandering albatross, 100 m",n_record_runs,392,0.0004313319530710835,11592
Supplementary Figure 1,b,"Wandering albatross, 100 m",n_record_runs,393,0.0004313319530710835,11592
Supplementary Figure 1,b,"Wandering albatross, 100 m",n_record_runs,394,0.0004313319530710835,11592
Supplementary Figure 1,b,"Wandering albatross, 100 m",n_record_runs,395,0.0003450655624568668,11592
Supplementary Figure 1,b,"Wandering albatross, 100 m",n_record_runs,396,0.0003450655624568668,11592
Supplementary Figure 1,b,"Wandering albatross, 100 m",n_record_runs,397,0.0003450655624568668,11592
Supplementary Figure 1,b,"Wandering albatross, 100 m",n_record_runs,398,0.0003450655624568668,11592
Supplementary Figure 1,b,"Wandering albatross, 100 m",n_record_runs,399,0.0003450655624568668,11592
Supplementary Figure 1,b,"Wandering albatross, 100 m",n_record_runs,400,0.0003450655624568668,11592
Supplementary Figure 1,b,"Wandering albatross, 100 m",n_record_runs,401,0.0003450655624568668,11592
Supplementary Figure 1,b,"Wandering albatross, 100 m",n_record_runs,402,0.0003450655624568668,11592
Supplementary Figure 1,b,"Wandering albatross, 100 m",n_record_runs,403,0.0003450655624568668,11592
Supplementary Figure 1,b,"Wandering albatross, 100 m",n_record_runs,404,0.0003450655624568668,11592
Supplementary Figure 1,b,"Wandering albatross, 100 m",n_record_runs,405,0.0003450655624568668,11592
Supplementary Figure 1,b,"Wandering albatross, 100 m",n_record_runs,406,0.0003450655624568668,11592
Supplementary Figure 1,b,"Wandering albatross, 100 m",n_record_runs,407,0.0003450655624568668,11592
Supplementary Figure 1,b,"Wandering albatross, 100 m",n_record_runs,408,0.0003450655624568668,11592
Supplementary Figure 1,b,"Wandering albatross, 100 m",n_record_runs,409,0.0003450655624568668,11592
Supplementary Figure 1,b,"Wandering albatross, 100 m",n_record_runs,410,0.0003450655624568668,11592
Supplementary Figure 1,b,"Wandering albatross, 100 m",n_record_runs,411,0.0003450655624568668,11592
Supplementary Figure 1,b,"Wandering albatross, 100 m",n_record_runs,412,0.0003450655624568668,11592
Supplementary Figure 1,b,"Wandering albatross, 100 m",n_record_runs,413,0.0002587991718426501,11592
Supplementary Figure 1,b,"Wandering albatross, 100 m",n_record_runs,414,0.0002587991718426501,11592
Supplementary Figure 1,b,"Wandering albatross, 100 m",n_record_runs,415,0.0002587991718426501,11592
Supplementary Figure 1,b,"Wandering albatross, 100 m",n_record_runs,416,0.0002587991718426501,11592
Supplementary Figure 1,b,"Wandering albatross, 100 m",n_record_runs,417,0.0002587991718426501,11592
Supplementary Figure 1,b,"Wandering albatross, 100 m",n_record_runs,418,0.0002587991718426501,11592
Supplementary Figure 1,b,"Wandering albatross, 100 m",n_record_runs,419,0.0002587991718426501,11592
Supplementary Figure 1,b,"Wandering albatross, 100 m",n_record_runs,420,0.0002587991718426501,11592
Supplementary Figure 1,b,"Wandering albatross, 100 m",n_record_runs,421,0.0002587991718426501,11592
Supplementary Figure 1,b,"Wandering albatross, 100 m",n_record_runs,422,0.0002587991718426501,11592
Supplementary Figure 1,b,"Wandering albatross, 100 m",n_record_runs,423,0.0002587991718426501,11592
Supplementary Figure 1,b,"Wandering albatross, 100 m",n_record_runs,424,0.0002587991718426501,11592
Supplementary Figure 1,b,"Wandering albatross, 100 m",n_record_runs,425,0.0002587991718426501,11592
Supplementary Figure 1,b,"Wandering albatross, 100 m",n_record_runs,426,0.0002587991718426501,11592
Supplementary Figure 1,b,"Wandering albatross, 100 m",n_record_runs,427,0.0002587991718426501,11592
Supplementary Figure 1,b,"Wandering albatross, 100 m",n_record_runs,428,0.0002587991718426501,11592
Supplementary Figure 1,b,"Wandering albatross, 100 m",n_record_runs,429,0.0002587991718426501,11592
Supplementary Figure 1,b,"Wandering albatross, 100 m",n_record_runs,430,0.0002587991718426501,11592
Supplementary Figure 1,b,"Wandering albatross, 100 m",n_record_runs,431,0.0002587991718426501,11592
Supplementary Figure 1,b,"Wandering albatross, 100 m",n_record_runs,432,0.0002587991718426501,11592
Supplementary Figure 1,b,"Wandering albatross, 100 m",n_record_runs,433,0.0002587991718426501,11592
Supplementary Figure 1,b,"Wandering albatross, 100 m",n_record_runs,434,0.0002587991718426501,11592
Supplementary Figure 1,b,"Wandering albatross, 100 m",n_record_runs,435,0.0002587991718426501,11592
Supplementary Figure 1,b,"Wandering albatross, 100 m",n_record_runs,436,0.0002587991718426501,11592
Supplementary Figure 1,b,"Wandering albatross, 100 m",n_record_runs,437,0.0002587991718426501,11592
Supplementary Figure 1,b,"Wandering albatross, 100 m",n_record_runs,438,0.0002587991718426501,11592
Supplementary Figure 1,b,"Wandering albatross, 100 m",n_record_runs,439,0.0002587991718426501,11592
Supplementary Figure 1,b,"Wandering albatross, 100 m",n_record_runs,440,0.0002587991718426501,11592
Supplementary Figure 1,b,"Wandering albatross, 100 m",n_record_runs,441,0.0002587991718426501,11592
Supplementary Figure 1,b,"Wandering albatross, 100 m",n_record_runs,442,0.0001725327812284334,11592
Supplementary Figure 1,b,"Wandering albatross, 100 m",n_record_runs,443,0.0001725327812284334,11592
Supplementary Figure 1,b,"Wandering albatross, 100 m",n_record_runs,444,0.0001725327812284334,11592
Supplementary Figure 1,b,"Wandering albatross, 100 m",n_record_runs,445,0.0001725327812284334,11592
Supplementary Figure 1,b,"Wandering albatross, 100 m",n_record_runs,446,0.0001725327812284334,11592
Supplementary Figure 1,b,"Wandering albatross, 100 m",n_record_runs,447,0.0001725327812284334,11592
Supplementary Figure 1,b,"Wandering albatross, 100 m",n_record_runs,448,0.0001725327812284334,11592
Supplementary Figure 1,b,"Wandering albatross, 100 m",n_record_runs,449,0.0001725327812284334,11592
Supplementary Figure 1,b,"Wandering albatross, 100 m",n_record_runs,450,0.0001725327812284334,11592
Supplementary Figure 1,b,"Wandering albatross, 100 m",n_record_runs,451,0.0001725327812284334,11592
Supplementary Figure 1,b,"Wandering albatross, 100 m",n_record_runs,452,0.0001725327812284334,11592
Supplementary Figure 1,b,"Wandering albatross, 100 m",n_record_runs,453,0.0001725327812284334,11592
Supplementary Figure 1,b,"Wandering albatross, 100 m",n_record_runs,454,0.0001725327812284334,11592
Supplementary Figure 1,b,"Wandering albatross, 100 m",n_record_runs,455,0.0001725327812284334,11592
Supplementary Figure 1,b,"Wandering albatross, 100 m",n_record_runs,456,0.0001725327812284334,11592
Supplementary Figure 1,b,"Wandering albatross, 100 m",n_record_runs,457,0.0001725327812284334,11592
Supplementary Figure 1,b,"Wandering albatross, 100 m",n_record_runs,458,0.0001725327812284334,11592
Supplementary Figure 1,b,"Wandering albatross, 100 m",n_record_runs,459,0.0001725327812284334,11592
Supplementary Figure 1,b,"Wandering albatross, 100 m",n_record_runs,460,0.0001725327812284334,11592
Supplementary Figure 1,b,"Wandering albatross, 100 m",n_record_runs,461,0.0001725327812284334,11592
Supplementary Figure 1,b,"Wandering albatross, 100 m",n_record_runs,462,0.0001725327812284334,11592
Supplementary Figure 1,b,"Wandering albatross, 100 m",n_record_runs,463,0.0001725327812284334,11592
Supplementary Figure 1,b,"Wandering albatross, 100 m",n_record_runs,464,0.0001725327812284334,11592
Supplementary Figure 1,b,"Wandering albatross, 100 m",n_record_runs,465,0.0001725327812284334,11592
Supplementary Figure 1,b,"Wandering albatross, 100 m",n_record_runs,466,0.0001725327812284334,11592
Supplementary Figure 1,b,"Wandering albatross, 100 m",n_record_runs,467,0.0001725327812284334,11592
Supplementary Figure 1,b,"Wandering albatross, 100 m",n_record_runs,468,0.0001725327812284334,11592
Supplementary Figure 1,b,"Wandering albatross, 100 m",n_record_runs,469,0.0001725327812284334,11592
Supplementary Figure 1,b,"Wandering albatross, 100 m",n_record_runs,470,0.0001725327812284334,11592
Supplementary Figure 1,b,"Wandering albatross, 100 m",n_record_runs,471,0.0001725327812284334,11592
Supplementary Figure 1,b,"Wandering albatross, 100 m",n_record_runs,472,0.0001725327812284334,11592
Supplementary Figure 1,b,"Wandering albatross, 100 m",n_record_runs,473,8.62663906142167e-05,11592
Supplementary Figure 1,b,"Wandering albatross, 100 m",n_record_runs,474,8.62663906142167e-05,11592
Supplementary Figure 1,b,"Wandering albatross, 100 m",n_record_runs,475,8.62663906142167e-05,11592
Supplementary Figure 1,b,"Wandering albatross, 100 m",n_record_runs,476,8.62663906142167e-05,11592
Supplementary Figure 1,b,"Wandering albatross, 100 m",n_record_runs,477,8.62663906142167e-05,11592
Supplementary Figure 1,b,"Wandering albatross, 100 m",n_record_runs,478,8.62663906142167e-05,11592
Supplementary Figure 1,b,"Wandering albatross, 100 m",n_record_runs,479,8.62663906142167e-05,11592
Supplementary Figure 1,b,"Wandering albatross, 100 m",n_record_runs,480,8.62663906142167e-05,11592
Supplementary Figure 1,b,"Wandering albatross, 100 m",n_record_runs,481,8.62663906142167e-05,11592
Supplementary Figure 1,b,"Wandering albatross, 100 m",n_record_runs,482,8.62663906142167e-05,11592
Supplementary Figure 1,b,"Wandering albatross, 100 m",n_record_runs,483,8.62663906142167e-05,11592
Supplementary Figure 1,b,"Wandering albatross, 100 m",n_record_runs,484,8.62663906142167e-05,11592
Supplementary Figure 1,b,"Wandering albatross, 100 m",n_record_runs,485,8.62663906142167e-05,11592
Supplementary Figure 1,b,"Wandering albatross, 100 m",n_record_runs,486,8.62663906142167e-05,11592
Supplementary Figure 1,b,"Wandering albatross, 100 m",n_record_runs,487,8.62663906142167e-05,11592
Supplementary Figure 1,b,"Wandering albatross, 100 m",n_record_runs,488,8.62663906142167e-05,11592
Supplementary Figure 1,b,"Wandering albatross, 100 m",n_record_runs,489,8.62663906142167e-05,11592
Supplementary Figure 1,b,"Wandering albatross, 100 m",n_record_runs,490,8.62663906142167e-05,11592
Supplementary Figure 1,b,"Wandering albatross, 100 m",n_record_runs,491,8.62663906142167e-05,11592
Supplementary Figure 1,b,"Wandering albatross, 100 m",n_record_runs,492,8.62663906142167e-05,11592
Supplementary Figure 1,b,"Wandering albatross, 100 m",n_record_runs,493,8.62663906142167e-05,11592
Supplementary Figure 1,b,"Wandering albatross, 100 m",n_record_runs,494,8.62663906142167e-05,11592
Supplementary Figure 1,b,"Wandering albatross, 100 m",n_record_runs,495,8.62663906142167e-05,11592
Supplementary Figure 1,b,"Wandering albatross, 100 m",n_record_runs,496,8.62663906142167e-05,11592
Supplementary Figure 1,b,"Wandering albatross, 100 m",n_record_runs,497,8.62663906142167e-05,11592
Supplementary Figure 1,b,"Wandering albatross, 100 m",n_record_runs,498,8.62663906142167e-05,11592
Supplementary Figure 1,b,"Wandering albatross, 100 m",n_record_runs,499,8.62663906142167e-05,11592
Supplementary Figure 1,b,"Wandering albatross, 100 m",n_record_runs,500,8.62663906142167e-05,11592
Supplementary Figure 1,b,"Wandering albatross, 100 m",n_record_runs,501,8.62663906142167e-05,11592
Supplementary Figure 1,b,"Wandering albatross, 100 m",n_record_runs,502,8.62663906142167e-05,11592
Supplementary Figure 1,b,"Wandering albatross, 100 m",n_record_runs,503,8.62663906142167e-05,11592
Supplementary Figure 1,b,"Wandering albatross, 100 m",n_record_runs,504,8.62663906142167e-05,11592
Supplementary Figure 1,b,"Wandering albatross, 100 m",n_record_runs,505,8.62663906142167e-05,11592
Supplementary Figure 1,b,"Wandering albatross, 100 m",n_record_runs,506,8.62663906142167e-05,11592
Supplementary Figure 1,b,"Wandering albatross, 100 m",n_record_runs,507,8.62663906142167e-05,11592
Supplementary Figure 1,b,"Wandering albatross, 100 m",n_record_runs,508,8.62663906142167e-05,11592
Supplementary Figure 1,b,"Wandering albatross, 100 m",n_record_runs,509,8.62663906142167e-05,11592
Supplementary Figure 1,b,"Wandering albatross, 100 m",n_record_runs,510,8.62663906142167e-05,11592
Supplementary Figure 1,b,"Wandering albatross, 100 m",n_record_runs,511,8.62663906142167e-05,11592
Supplementary Figure 1,b,"Wandering albatross, 100 m",n_record_runs,512,8.62663906142167e-05,11592
Supplementary Figure 1,b,"Wandering albatross, 100 m",n_record_runs,513,8.62663906142167e-05,11592
Supplementary Figure 1,b,"Wandering albatross, 100 m",n_record_runs,514,8.62663906142167e-05,11592
Supplementary Figure 1,b,"Wandering albatross, 100 m",n_record_runs,515,8.62663906142167e-05,11592
Supplementary Figure 1,b,"Wandering albatross, 100 m",n_record_runs,516,8.62663906142167e-05,11592
Supplementary Figure 1,b,"Wandering albatross, 100 m",n_record_runs,517,8.62663906142167e-05,11592
Supplementary Figure 1,b,"Wandering albatross, 100 m",n_record_runs,518,8.62663906142167e-05,11592
Supplementary Figure 1,b,"Wandering albatross, 100 m",n_record_runs,519,8.62663906142167e-05,11592
Supplementary Figure 1,b,"Wandering albatross, 100 m",n_record_runs,520,8.62663906142167e-05,11592
Supplementary Figure 1,b,"Wandering albatross, 100 m",n_record_runs,521,8.62663906142167e-05,11592
Supplementary Figure 1,b,"Wandering albatross, 100 m",n_record_runs,522,8.62663906142167e-05,11592
Supplementary Figure 1,b,"Wandering albatross, 100 m",n_record_runs,523,8.62663906142167e-05,11592
Supplementary Figure 1,b,"Wandering albatross, 100 m",n_record_runs,524,8.62663906142167e-05,11592
Supplementary Figure 1,b,"Wandering albatross, 100 m",n_record_runs,525,8.62663906142167e-05,11592
Supplementary Figure 1,b,"Wandering albatross, 100 m",n_record_runs,526,8.62663906142167e-05,11592
Supplementary Figure 1,b,"Wandering albatross, 100 m",n_record_runs,527,8.62663906142167e-05,11592
Supplementary Figure 1,b,"Wandering albatross, 100 m",n_record_runs,528,8.62663906142167e-05,11592
Supplementary Figure 1,b,"Wandering albatross, 100 m",n_record_runs,529,8.62663906142167e-05,11592
Supplementary Figure 1,b,"Wandering albatross, 100 m",n_record_runs,530,8.62663906142167e-05,11592
Supplementary Figure 1,b,"Wandering albatross, 100 m",n_record_runs,531,8.62663906142167e-05,11592
Supplementary Figure 1,b,"Wandering albatross, 100 m",n_record_runs,532,8.62663906142167e-05,11592
Supplementary Figure 1,b,"Wandering albatross, 100 m",n_record_runs,533,8.62663906142167e-05,11592
Supplementary Figure 1,b,"Wandering albatross, 100 m",n_record_runs,534,8.62663906142167e-05,11592
Supplementary Figure 1,b,"Wandering albatross, 100 m",n_record_runs,535,8.62663906142167e-05,11592
Supplementary Figure 1,b,"Wandering albatross, 100 m",n_record_runs,536,8.62663906142167e-05,11592
Supplementary Figure 1,b,"Wandering albatross, 100 m",n_record_runs,537,8.62663906142167e-05,11592
Supplementary Figure 1,b,"Wandering albatross, 100 m",n_record_runs,538,8.62663906142167e-05,11592
Supplementary Figure 1,b,"Wandering albatross, 100 m",n_record_runs,539,8.62663906142167e-05,11592
Supplementary Figure 1,b,"Wandering albatross, 100 m",n_record_runs,540,8.62663906142167e-05,11592
Supplementary Figure 1,b,"Wandering albatross, 100 m",n_record_runs,541,8.62663906142167e-05,11592
Supplementary Figure 1,b,"Wandering albatross, 100 m",n_record_runs,542,8.62663906142167e-05,11592
Supplementary Figure 1,b,"Wandering albatross, 100 m",n_record_runs,543,8.62663906142167e-05,11592
Supplementary Figure 1,b,"Wandering albatross, 100 m",n_record_runs,544,8.62663906142167e-05,11592
Supplementary Figure 1,b,"Wandering albatross, 100 m",n_record_runs,545,8.62663906142167e-05,11592
Supplementary Figure 1,b,"Wandering albatross, 100 m",n_record_runs,546,8.62663906142167e-05,11592
Supplementary Figure 1,b,"Wandering albatross, 100 m",n_record_runs,547,8.62663906142167e-05,11592
Supplementary Figure 1,b,"Wandering albatross, 100 m",n_record_runs,548,8.62663906142167e-05,11592
Supplementary Figure 1,b,"Wandering albatross, 100 m",n_record_runs,549,8.62663906142167e-05,11592
Supplementary Figure 1,b,"Wandering albatross, 100 m",n_record_runs,550,8.62663906142167e-05,11592
Supplementary Figure 1,b,"Wandering albatross, 100 m",n_record_runs,551,8.62663906142167e-05,11592
Supplementary Figure 1,b,"Wandering albatross, 100 m",n_record_runs,552,8.62663906142167e-05,11592
Supplementary Figure 1,b,"Wandering albatross, 100 m",n_record_runs,553,8.62663906142167e-05,11592
Supplementary Figure 1,b,"Wandering albatross, 100 m",n_record_runs,554,8.62663906142167e-05,11592
Supplementary Figure 1,b,"Wandering albatross, 100 m",n_record_runs,555,8.62663906142167e-05,11592
Supplementary Figure 1,b,"Wandering albatross, 100 m",n_record_runs,556,8.62663906142167e-05,11592
Supplementary Figure 1,b,"Wandering albatross, 100 m",n_record_runs,557,8.62663906142167e-05,11592
Supplementary Figure 1,b,"Wandering albatross, 100 m",n_record_runs,558,8.62663906142167e-05,11592
Supplementary Figure 1,b,"Wandering albatross, 100 m",n_record_runs,559,8.62663906142167e-05,11592
Supplementary Figure 1,b,"Wandering albatross, 100 m",n_record_runs,560,8.62663906142167e-05,11592
Supplementary Figure 1,b,"Wandering albatross, 100 m",n_record_runs,561,8.62663906142167e-05,11592
Supplementary Figure 1,b,"Wandering albatross, 100 m",n_record_runs,562,8.62663906142167e-05,11592
Supplementary Figure 1,b,"Wandering albatross, 100 m",n_record_runs,563,8.62663906142167e-05,11592
Supplementary Figure 1,b,"Wandering albatross, 100 m",n_record_runs,564,8.62663906142167e-05,11592
Supplementary Figure 1,b,"Wandering albatross, 100 m",n_record_runs,565,8.62663906142167e-05,11592
Supplementary Figure 1,b,"Wandering albatross, 100 m",n_record_runs,566,8.62663906142167e-05,11592
Supplementary Figure 1,b,"Wandering albatross, 100 m",n_record_runs,567,8.62663906142167e-05,11592
Supplementary Figure 1,b,"Wandering albatross, 100 m",n_record_runs,568,8.62663906142167e-05,11592
Supplementary Figure 1,b,"Wandering albatross, 100 m",n_record_runs,569,8.62663906142167e-05,11592
Supplementary Figure 1,b,"Wandering albatross, 100 m",n_record_runs,570,8.62663906142167e-05,11592
Supplementary Figure 1,b,"Wandering albatross, 100 m",n_record_runs,571,8.62663906142167e-05,11592
Supplementary Figure 1,b,"Wandering albatross, 100 m",n_record_runs,572,8.62663906142167e-05,11592
Supplementary Figure 1,b,"Wandering albatross, 100 m",n_record_runs,573,8.62663906142167e-05,11592
Supplementary Figure 1,b,"Wandering albatross, 100 m",n_record_runs,574,8.62663906142167e-05,11592
Supplementary Figure 1,b,"Wandering albatross, 100 m",n_record_runs,575,8.62663906142167e-05,11592
Supplementary Figure 1,b,"Wandering albatross, 100 m",n_record_runs,576,8.62663906142167e-05,11592
Supplementary Figure 1,b,"Wandering albatross, 100 m",n_record_runs,577,8.62663906142167e-05,11592
Supplementary Figure 1,b,"Wandering albatross, 100 m",n_record_runs,578,8.62663906142167e-05,11592
Supplementary Figure 1,b,"Wandering albatross, 100 m",n_record_runs,579,8.62663906142167e-05,11592
Supplementary Figure 1,b,"Wandering albatross, 100 m",n_record_runs,580,8.62663906142167e-05,11592
Supplementary Figure 1,b,"Wandering albatross, 100 m",n_record_runs,581,8.62663906142167e-05,11592
Supplementary Figure 1,b,"Wandering albatross, 100 m",n_record_runs,582,8.62663906142167e-05,11592
Supplementary Figure 1,b,"Wandering albatross, 100 m",n_record_runs,583,8.62663906142167e-05,11592
Supplementary Figure 1,b,"Wandering albatross, 100 m",n_record_runs,584,8.62663906142167e-05,11592
Supplementary Figure 1,b,"Wandering albatross, 100 m",n_record_runs,585,8.62663906142167e-05,11592
Supplementary Figure 1,b,"Wandering albatross, 100 m",n_record_runs,586,8.62663906142167e-05,11592
Supplementary Figure 1,b,"Wandering albatross, 100 m",n_record_runs,587,8.62663906142167e-05,11592
Supplementary Figure 1,b,"Wandering albatross, 100 m",n_record_runs,588,8.62663906142167e-05,11592
Supplementary Figure 1,b,"Wandering albatross, 100 m",n_record_runs,589,8.62663906142167e-05,11592
Supplementary Figure 1,b,"Wandering albatross, 100 m",n_record_runs,590,8.62663906142167e-05,11592
Supplementary Figure 1,b,"Wandering albatross, 100 m",n_record_runs,591,8.62663906142167e-05,11592
Supplementary Figure 1,b,"Wandering albatross, 100 m",n_record_runs,592,8.62663906142167e-05,11592
Supplementary Figure 1,b,"Wandering albatross, 100 m",n_record_runs,593,8.62663906142167e-05,11592
Supplementary Figure 1,b,"Wandering albatross, 100 m",n_record_runs,594,8.62663906142167e-05,11592
Supplementary Figure 1,b,"Wandering albatross, 100 m",n_record_runs,595,8.62663906142167e-05,11592
Supplementary Figure 1,b,"Wandering albatross, 100 m",n_record_runs,596,8.62663906142167e-05,11592
Supplementary Figure 1,b,"Wandering albatross, 100 m",n_record_runs,597,8.62663906142167e-05,11592
Supplementary Figure 1,b,"Wandering albatross, 100 m",n_record_runs,598,8.62663906142167e-05,11592
Supplementary Figure 1,b,"Wandering albatross, 100 m",n_record_runs,599,8.62663906142167e-05,11592
Supplementary Figure 1,b,"Wandering albatross, 100 m",n_record_runs,600,8.62663906142167e-05,11592
Supplementary Figure 1,b,"Wandering albatross, 100 m",n_record_runs,601,8.62663906142167e-05,11592
Supplementary Figure 1,b,"Wandering albatross, 100 m",n_record_runs,602,8.62663906142167e-05,11592
Supplementary Figure 1,b,"Wandering albatross, 100 m",n_record_runs,603,8.62663906142167e-05,11592
Supplementary Figure 1,b,"Wandering albatross, 100 m",n_record_runs,604,8.62663906142167e-05,11592
Supplementary Figure 1,b,"Wandering albatross, 100 m",n_record_runs,605,8.62663906142167e-05,11592
Supplementary Figure 1,b,"Wandering albatross, 100 m",n_record_runs,606,8.62663906142167e-05,11592
Supplementary Figure 1,b,"Wandering albatross, 100 m",n_record_runs,607,8.62663906142167e-05,11592
Supplementary Figure 1,b,"Wandering albatross, 100 m",n_record_runs,608,8.62663906142167e-05,11592
Supplementary Figure 1,b,"Wandering albatross, 100 m",n_record_runs,609,8.62663906142167e-05,11592
Supplementary Figure 1,b,"Wandering albatross, 100 m",n_record_runs,610,8.62663906142167e-05,11592
Supplementary Figure 1,b,"Wandering albatross, 100 m",n_record_runs,611,8.62663906142167e-05,11592
Supplementary Figure 1,b,"Wandering albatross, 100 m",n_record_runs,612,8.62663906142167e-05,11592
Supplementary Figure 1,b,"Wandering albatross, 100 m",n_record_runs,613,8.62663906142167e-05,11592
Supplementary Figure 1,b,"Wandering albatross, 100 m",n_record_runs,614,8.62663906142167e-05,11592
Supplementary Figure 1,b,"Wandering albatross, 100 m",n_record_runs,615,8.62663906142167e-05,11592
Supplementary Figure 1,b,"Wandering albatross, 100 m",n_record_runs,616,8.62663906142167e-05,11592
Supplementary Figure 1,b,"Wandering albatross, 100 m",n_record_runs,617,8.62663906142167e-05,11592
Supplementary Figure 1,b,"Wandering albatross, 100 m",n_record_runs,618,8.62663906142167e-05,11592
Supplementary Figure 1,b,"Wandering albatross, 100 m",n_record_runs,619,8.62663906142167e-05,11592
Supplementary Figure 1,b,"Wandering albatross, 100 m",n_record_runs,620,8.62663906142167e-05,11592
Supplementary Figure 1,b,"Wandering albatross, 100 m",n_record_runs,621,8.62663906142167e-05,11592
Supplementary Figure 1,b,"Wandering albatross, 100 m",n_record_runs,622,8.62663906142167e-05,11592
Supplementary Figure 1,b,"Wandering albatross, 100 m",n_record_runs,623,8.62663906142167e-05,11592
Supplementary Figure 1,b,"Wandering albatross, 100 m",n_record_runs,624,8.62663906142167e-05,11592
Supplementary Figure 1,b,"Wandering albatross, 100 m",n_record_runs,625,8.62663906142167e-05,11592
Supplementary Figure 1,b,"Wandering albatross, 100 m",n_record_runs,626,8.62663906142167e-05,11592
Supplementary Figure 1,b,"Wandering albatross, 100 m",n_record_runs,627,8.62663906142167e-05,11592
Supplementary Figure 1,b,"Wandering albatross, 100 m",n_record_runs,628,8.62663906142167e-05,11592
Supplementary Figure 1,b,"Wandering albatross, 100 m",n_record_runs,629,8.62663906142167e-05,11592
Supplementary Figure 1,b,"Wandering albatross, 100 m",n_record_runs,630,8.62663906142167e-05,11592
Supplementary Figure 1,b,"Wandering albatross, 100 m",n_record_runs,631,8.62663906142167e-05,11592
Supplementary Figure 1,b,"Wandering albatross, 100 m",n_record_runs,632,8.62663906142167e-05,11592
Supplementary Figure 1,b,"Wandering albatross, 100 m",n_record_runs,633,8.62663906142167e-05,11592
Supplementary Figure 1,b,"Wandering albatross, 100 m",n_record_runs,634,8.62663906142167e-05,11592
Supplementary Figure 1,b,"Wandering albatross, 100 m",n_record_runs,635,8.62663906142167e-05,11592
Supplementary Figure 1,b,"Wandering albatross, 100 m",n_record_runs,636,8.62663906142167e-05,11592
Supplementary Figure 1,b,"Wandering albatross, 100 m",n_record_runs,637,8.62663906142167e-05,11592
Supplementary Figure 1,b,"Wandering albatross, 100 m",n_record_runs,638,8.62663906142167e-05,11592
Supplementary Figure 1,b,"Wandering albatross, 100 m",n_record_runs,639,8.62663906142167e-05,11592
Supplementary Figure 1,b,"Wandering albatross, 100 m",n_record_runs,640,8.62663906142167e-05,11592
Supplementary Figure 1,b,"Wandering albatross, 100 m",n_record_runs,641,8.62663906142167e-05,11592
Supplementary Figure 1,b,"Wandering albatross, 100 m",n_record_runs,642,8.62663906142167e-05,11592
Supplementary Figure 1,b,"Wandering albatross, 100 m",n_record_runs,643,8.62663906142167e-05,11592
Supplementary Figure 1,b,"Wandering albatross, 100 m",n_record_runs,644,8.62663906142167e-05,11592
Supplementary Figure 1,b,"Wandering albatross, 100 m",n_record_runs,645,8.62663906142167e-05,11592
Supplementary Figure 1,b,"Wandering albatross, 100 m",n_record_runs,646,8.62663906142167e-05,11592
Supplementary Figure 1,b,"Wandering albatross, 100 m",n_record_runs,647,8.62663906142167e-05,11592
Supplementary Figure 1,b,"Wandering albatross, 100 m",n_record_runs,648,8.62663906142167e-05,11592
Supplementary Figure 1,b,"Wandering albatross, 100 m",n_record_runs,649,8.62663906142167e-05,11592
Supplementary Figure 1,b,"Wandering albatross, 100 m",n_record_runs,650,8.62663906142167e-05,11592
Supplementary Figure 1,b,"Wandering albatross, 100 m",n_record_runs,651,8.62663906142167e-05,11592
Supplementary Figure 1,b,"Wandering albatross, 100 m",n_record_runs,652,8.62663906142167e-05,11592
Supplementary Figure 1,b,"Wandering albatross, 100 m",n_record_runs,653,8.62663906142167e-05,11592
Supplementary Figure 1,b,"Wandering albatross, 100 m",n_record_runs,654,8.62663906142167e-05,11592
Supplementary Figure 1,b,"Wandering albatross, 100 m",n_record_runs,655,8.62663906142167e-05,11592
Supplementary Figure 1,b,"Wandering albatross, 100 m",n_record_runs,656,8.62663906142167e-05,11592
Supplementary Figure 1,b,"Wandering albatross, 100 m",n_record_runs,657,8.62663906142167e-05,11592
Supplementary Figure 1,b,"Wandering albatross, 100 m",n_record_runs,658,8.62663906142167e-05,11592
Supplementary Figure 1,b,"Wandering albatross, 100 m",n_record_runs,659,8.62663906142167e-05,11592
Supplementary Figure 1,b,"Wandering albatross, 100 m",n_record_runs,660,8.62663906142167e-05,11592
Supplementary Figure 1,b,"Wandering albatross, 100 m",n_record_runs,661,8.62663906142167e-05,11592
Supplementary Figure 1,b,"Wandering albatross, 100 m",n_record_runs,662,8.62663906142167e-05,11592
Supplementary Figure 1,b,"Wandering albatross, 100 m",n_record_runs,663,8.62663906142167e-05,11592
Supplementary Figure 1,b,"Wandering albatross, 100 m",n_record_runs,664,8.62663906142167e-05,11592
Supplementary Figure 1,b,"Wandering albatross, 100 m",n_record_runs,665,8.62663906142167e-05,11592
Supplementary Figure 1,b,"Wandering albatross, 100 m",n_record_runs,666,8.62663906142167e-05,11592
Supplementary Figure 1,b,"Wandering albatross, 100 m",n_record_runs,667,8.62663906142167e-05,11592
Supplementary Figure 1,b,"Wandering albatross, 100 m",n_record_runs,668,8.62663906142167e-05,11592
Supplementary Figure 1,b,"Wandering albatross, 100 m",n_record_runs,669,8.62663906142167e-05,11592
Supplementary Figure 1,b,"Wandering albatross, 100 m",n_record_runs,670,8.62663906142167e-05,11592
Supplementary Figure 1,b,"Wandering albatross, 100 m",n_record_runs,671,8.62663906142167e-05,11592
Supplementary Figure 1,b,"Wandering albatross, 100 m",n_record_runs,672,8.62663906142167e-05,11592
Supplementary Figure 1,b,"Wandering albatross, 100 m",n_record_runs,673,8.62663906142167e-05,11592
Supplementary Figure 1,b,"Wandering albatross, 100 m",n_record_runs,674,8.62663906142167e-05,11592
Supplementary Figure 1,b,"Wandering albatross, 100 m",n_record_runs,675,8.62663906142167e-05,11592
Supplementary Figure 1,b,"Wandering albatross, 100 m",n_record_runs,676,8.62663906142167e-05,11592
Supplementary Figure 1,b,"Wandering albatross, 100 m",n_record_runs,677,8.62663906142167e-05,11592
Supplementary Figure 1,b,"Wandering albatross, 100 m",n_record_runs,678,8.62663906142167e-05,11592
Supplementary Figure 1,b,"Wandering albatross, 100 m",n_record_runs,679,8.62663906142167e-05,11592
Supplementary Figure 1,b,"Wandering albatross, 100 m",n_record_runs,680,8.62663906142167e-05,11592
Supplementary Figure 1,b,"Wandering albatross, 100 m",n_record_runs,681,8.62663906142167e-05,11592
Supplementary Figure 1,b,"Wandering albatross, 100 m",n_record_runs,682,8.62663906142167e-05,11592
Supplementary Figure 1,b,"Wandering albatross, 100 m",n_record_runs,683,8.62663906142167e-05,11592
Supplementary Figure 1,b,"Wandering albatross, 100 m",n_record_runs,684,8.62663906142167e-05,11592
Supplementary Figure 1,b,"Wandering albatross, 100 m",n_record_runs,685,8.62663906142167e-05,11592
Supplementary Figure 1,b,"Wandering albatross, 100 m",n_record_runs,686,8.62663906142167e-05,11592
Supplementary Figure 1,b,"Wandering albatross, 100 m",n_record_runs,687,8.62663906142167e-05,11592
Supplementary Figure 1,b,"Wandering albatross, 100 m",n_record_runs,688,8.62663906142167e-05,11592
Supplementary Figure 1,b,"Wandering albatross, 100 m",n_record_runs,689,8.62663906142167e-05,11592
Supplementary Figure 1,b,"Wandering albatross, 100 m",n_record_runs,690,8.62663906142167e-05,11592
Supplementary Figure 1,b,"Wandering albatross, 100 m",n_record_runs,691,8.62663906142167e-05,11592
Supplementary Figure 1,b,"Wandering albatross, 100 m",n_record_runs,692,8.62663906142167e-05,11592
Supplementary Figure 1,b,"Wandering albatross, 100 m",n_record_runs,693,8.62663906142167e-05,11592
Supplementary Figure 1,b,"Wandering albatross, 100 m",n_record_runs,694,8.62663906142167e-05,11592
Supplementary Figure 1,b,"Wandering albatross, 100 m",n_record_runs,695,8.62663906142167e-05,11592
Supplementary Figure 1,b,"Wandering albatross, 100 m",n_record_runs,696,8.62663906142167e-05,11592
Supplementary Figure 1,b,"Wandering albatross, 100 m",n_record_runs,697,8.62663906142167e-05,11592
Supplementary Figure 1,b,"Wandering albatross, 100 m",n_record_runs,698,8.62663906142167e-05,11592
Supplementary Figure 1,b,"Wandering albatross, 100 m",n_record_runs,699,8.62663906142167e-05,11592
Supplementary Figure 1,b,"Wandering albatross, 100 m",n_record_runs,700,8.62663906142167e-05,11592
Supplementary Figure 1,b,"Wandering albatross, 100 m",n_record_runs,701,8.62663906142167e-05,11592
Supplementary Figure 1,b,"Wandering albatross, 100 m",n_record_runs,702,8.62663906142167e-05,11592
Supplementary Figure 1,b,"Wandering albatross, 100 m",n_record_runs,703,8.62663906142167e-05,11592
Supplementary Figure 1,b,"Wandering albatross, 100 m",n_record_runs,704,8.62663906142167e-05,11592
Supplementary Figure 1,b,"Wandering albatross, 100 m",n_record_runs,705,8.62663906142167e-05,11592
Supplementary Figure 1,a,"Red-footed booby, four scales",n_runs,3,1.0,5273
Supplementary Figure 1,a,"Red-footed booby, four scales",n_runs,4,0.8139578987293761,5273
Supplementary Figure 1,a,"Red-footed booby, four scales",n_runs,5,0.6753271382514697,5273
Supplementary Figure 1,a,"Red-footed booby, four scales",n_runs,6,0.5655224729755357,5273
Supplementary Figure 1,a,"Red-footed booby, four scales",n_runs,7,0.49175042670206714,5273
Supplementary Figure 1,a,"Red-footed booby, four scales",n_runs,8,0.42746064858714206,5273
Supplementary Figure 1,a,"Red-footed booby, four scales",n_runs,9,0.3753081737151527,5273
Supplementary Figure 1,a,"Red-footed booby, four scales",n_runs,10,0.33415512990707374,5273
Supplementary Figure 1,a,"Red-footed booby, four scales",n_runs,11,0.30134648207851317,5273
Supplementary Figure 1,a,"Red-footed booby, four scales",n_runs,12,0.2742271951450787,5273
Supplementary Figure 1,a,"Red-footed booby, four scales",n_runs,13,0.2484354257538403,5273
Supplementary Figure 1,a,"Red-footed booby, four scales",n_runs,14,0.22472975535748152,5273
Supplementary Figure 1,a,"Red-footed booby, four scales",n_runs,15,0.2010240849611227,5273
Supplementary Figure 1,a,"Red-footed booby, four scales",n_runs,16,0.18262848473354826,5273
Supplementary Figure 1,a,"Red-footed booby, four scales",n_runs,17,0.16631898350085342,5273
Supplementary Figure 1,a,"Red-footed booby, four scales",n_runs,18,0.15531955243694293,5273
Supplementary Figure 1,a,"Red-footed booby, four scales",n_runs,19,0.142044377014982,5273
Supplementary Figure 1,a,"Red-footed booby, four scales",n_runs,20,0.1323724634932676,5273
Supplementary Figure 1,a,"Red-footed booby, four scales",n_runs,21,0.11890764270813578,5273
Supplementary Figure 1,a,"Red-footed booby, four scales",n_runs,22,0.10847714773373791,5273
Supplementary Figure 1,a,"Red-footed booby, four scales",n_runs,23,0.09671913521714394,5273
Supplementary Figure 1,a,"Red-footed booby, four scales",n_runs,24,0.09102977432201782,5273
Supplementary Figure 1,a,"Red-footed booby, four scales",n_runs,25,0.08040963398444909,5273
Supplementary Figure 1,a,"Red-footed booby, four scales",n_runs,26,0.07623743599468993,5273
Supplementary Figure 1,a,"Red-footed booby, four scales",n_runs,27,0.07187559264175991,5273
Supplementary Figure 1,a,"Red-footed booby, four scales",n_runs,28,0.06428977811492509,5273
Supplementary Figure 1,a,"Red-footed booby, four scales",n_runs,29,0.06106580694102029,5273
Supplementary Figure 1,a,"Red-footed booby, four scales",n_runs,30,0.05765219040394463,5273
Supplementary Figure 1,a,"Red-footed booby, four scales",n_runs,31,0.053479992414185475,5273
Supplementary Figure 1,a,"Red-footed booby, four scales",n_runs,32,0.049876730513938934,5273
Supplementary Figure 1,a,"Red-footed booby, four scales",n_runs,33,0.04608382325052152,5273
Supplementary Figure 1,a,"Red-footed booby, four scales",n_runs,34,0.04191162526076237,5273
Supplementary Figure 1,a,"Red-footed booby, four scales",n_runs,35,0.03944623553954106,5273
Supplementary Figure 1,a,"Red-footed booby, four scales",n_runs,36,0.037170491181490614,5273
Supplementary Figure 1,a,"Red-footed booby, four scales",n_runs,37,0.03584297363929452,5273
Supplementary Figure 1,a,"Red-footed booby, four scales",n_runs,38,0.034325810733927556,5273
Supplementary Figure 1,a,"Red-footed booby, four scales",n_runs,39,0.03318793855490233,5273
Supplementary Figure 1,a,"Red-footed booby, four scales",n_runs,40,0.03186042101270624,5273
Supplementary Figure 1,a,"Red-footed booby, four scales",n_runs,41,0.03167077564953537,5273
Supplementary Figure 1,a,"Red-footed booby, four scales",n_runs,42,0.029584676654655792,5273
Supplementary Figure 1,a,"Red-footed booby, four scales",n_runs,43,0.026171060117580126,5273
Supplementary Figure 1,a,"Red-footed booby, four scales",n_runs,44,0.02389531575952968,5273
Supplementary Figure 1,a,"Red-footed booby, four scales",n_runs,45,0.021809216764650103,5273
Supplementary Figure 1,a,"Red-footed booby, four scales",n_runs,46,0.02105063531196662,5273
Supplementary Figure 1,a,"Red-footed booby, four scales",n_runs,47,0.020292053859283142,5273
Supplementary Figure 1,a,"Red-footed booby, four scales",n_runs,48,0.01953347240659966,5273
Supplementary Figure 1,a,"Red-footed booby, four scales",n_runs,49,0.01934382704342879,5273
Supplementary Figure 1,a,"Red-footed booby, four scales",n_runs,50,0.018964536317087048,5273
Supplementary Figure 1,a,"Red-footed booby, four scales",n_runs,51,0.018205954864403566,5273
Supplementary Figure 1,a,"Red-footed booby, four scales",n_runs,52,0.01649914659586573,5273
Supplementary Figure 1,a,"Red-footed booby, four scales",n_runs,53,0.01593021050635312,5273
Supplementary Figure 1,a,"Red-footed booby, four scales",n_runs,54,0.014413047600986157,5273
Supplementary Figure 1,a,"Red-footed booby, four scales",n_runs,55,0.014223402237815286,5273
Supplementary Figure 1,a,"Red-footed booby, four scales",n_runs,56,0.014033756874644416,5273
Supplementary Figure 1,a,"Red-footed booby, four scales",n_runs,57,0.014033756874644416,5273
Supplementary Figure 1,a,"Red-footed booby, four scales",n_runs,58,0.013464820785131804,5273
Supplementary Figure 1,a,"Red-footed booby, four scales",n_runs,59,0.012895884695619192,5273
Supplementary Figure 1,a,"Red-footed booby, four scales",n_runs,60,0.012516593969277451,5273
Supplementary Figure 1,a,"Red-footed booby, four scales",n_runs,61,0.01213730324293571,5273
Supplementary Figure 1,a,"Red-footed booby, four scales",n_runs,62,0.011189076427081357,5273
Supplementary Figure 1,a,"Red-footed booby, four scales",n_runs,63,0.011189076427081357,5273
Supplementary Figure 1,a,"Red-footed booby, four scales",n_runs,64,0.011189076427081357,5273
Supplementary Figure 1,a,"Red-footed booby, four scales",n_runs,65,0.010430494974397875,5273
Supplementary Figure 1,a,"Red-footed booby, four scales",n_runs,66,0.009482268158543524,5273
Supplementary Figure 1,a,"Red-footed booby, four scales",n_runs,67,0.009292622795372654,5273
Supplementary Figure 1,a,"Red-footed booby, four scales",n_runs,68,0.009292622795372654,5273
Supplementary Figure 1,a,"Red-footed booby, four scales",n_runs,69,0.008534041342689171,5273
Supplementary Figure 1,a,"Red-footed booby, four scales",n_runs,70,0.008534041342689171,5273
Supplementary Figure 1,a,"Red-footed booby, four scales",n_runs,71,0.0083443959795183,5273
Supplementary Figure 1,a,"Red-footed booby, four scales",n_runs,72,0.00815475061634743,5273
Supplementary Figure 1,a,"Red-footed booby, four scales",n_runs,73,0.007396169163663948,5273
Supplementary Figure 1,a,"Red-footed booby, four scales",n_runs,74,0.006637587710980467,5273
Supplementary Figure 1,a,"Red-footed booby, four scales",n_runs,75,0.006637587710980467,5273
Supplementary Figure 1,a,"Red-footed booby, four scales",n_runs,76,0.006068651621467855,5273
Supplementary Figure 1,a,"Red-footed booby, four scales",n_runs,77,0.006068651621467855,5273
Supplementary Figure 1,a,"Red-footed booby, four scales",n_runs,78,0.004930779442442633,5273
Supplementary Figure 1,a,"Red-footed booby, four scales",n_runs,79,0.004930779442442633,5273
Supplementary Figure 1,a,"Red-footed booby, four scales",n_runs,80,0.004930779442442633,5273
Supplementary Figure 1,a,"Red-footed booby, four scales",n_runs,81,0.0045514887161008915,5273
Supplementary Figure 1,a,"Red-footed booby, four scales",n_runs,82,0.0045514887161008915,5273
Supplementary Figure 1,a,"Red-footed booby, four scales",n_runs,83,0.0045514887161008915,5273
Supplementary Figure 1,a,"Red-footed booby, four scales",n_runs,84,0.0045514887161008915,5273
Supplementary Figure 1,a,"Red-footed booby, four scales",n_runs,85,0.0045514887161008915,5273
Supplementary Figure 1,a,"Red-footed booby, four scales",n_runs,86,0.0045514887161008915,5273
Supplementary Figure 1,a,"Red-footed booby, four scales",n_runs,87,0.0045514887161008915,5273
Supplementary Figure 1,a,"Red-footed booby, four scales",n_runs,88,0.004361843352930021,5273
Supplementary Figure 1,a,"Red-footed booby, four scales",n_runs,89,0.004361843352930021,5273
Supplementary Figure 1,a,"Red-footed booby, four scales",n_runs,90,0.004361843352930021,5273
Supplementary Figure 1,a,"Red-footed booby, four scales",n_runs,91,0.004361843352930021,5273
Supplementary Figure 1,a,"Red-footed booby, four scales",n_runs,92,0.004361843352930021,5273
Supplementary Figure 1,a,"Red-footed booby, four scales",n_runs,93,0.004361843352930021,5273
Supplementary Figure 1,a,"Red-footed booby, four scales",n_runs,94,0.00417219798975915,5273
Supplementary Figure 1,a,"Red-footed booby, four scales",n_runs,95,0.00417219798975915,5273
Supplementary Figure 1,a,"Red-footed booby, four scales",n_runs,96,0.00417219798975915,5273
Supplementary Figure 1,a,"Red-footed booby, four scales",n_runs,97,0.00417219798975915,5273
Supplementary Figure 1,a,"Red-footed booby, four scales",n_runs,98,0.00417219798975915,5273
Supplementary Figure 1,a,"Red-footed booby, four scales",n_runs,99,0.00417219798975915,5273
Supplementary Figure 1,a,"Red-footed booby, four scales",n_runs,100,0.00417219798975915,5273
Supplementary Figure 1,a,"Red-footed booby, four scales",n_runs,101,0.00417219798975915,5273
Supplementary Figure 1,a,"Red-footed booby, four scales",n_runs,102,0.00417219798975915,5273
Supplementary Figure 1,a,"Red-footed booby, four scales",n_runs,103,0.0037929072634174093,5273
Supplementary Figure 1,a,"Red-footed booby, four scales",n_runs,104,0.0037929072634174093,5273
Supplementary Figure 1,a,"Red-footed booby, four scales",n_runs,105,0.0037929072634174093,5273
Supplementary Figure 1,a,"Red-footed booby, four scales",n_runs,106,0.0037929072634174093,5273
Supplementary Figure 1,a,"Red-footed booby, four scales",n_runs,107,0.0037929072634174093,5273
Supplementary Figure 1,a,"Red-footed booby, four scales",n_runs,108,0.0037929072634174093,5273
Supplementary Figure 1,a,"Red-footed booby, four scales",n_runs,109,0.0034136165370756686,5273
Supplementary Figure 1,a,"Red-footed booby, four scales",n_runs,110,0.0034136165370756686,5273
Supplementary Figure 1,a,"Red-footed booby, four scales",n_runs,111,0.0034136165370756686,5273
Supplementary Figure 1,a,"Red-footed booby, four scales",n_runs,112,0.0034136165370756686,5273
Supplementary Figure 1,a,"Red-footed booby, four scales",n_runs,113,0.0034136165370756686,5273
Supplementary Figure 1,a,"Red-footed booby, four scales",n_runs,114,0.0034136165370756686,5273
Supplementary Figure 1,a,"Red-footed booby, four scales",n_runs,115,0.0034136165370756686,5273
Supplementary Figure 1,a,"Red-footed booby, four scales",n_runs,116,0.0034136165370756686,5273
Supplementary Figure 1,a,"Red-footed booby, four scales",n_runs,117,0.0034136165370756686,5273
Supplementary Figure 1,a,"Red-footed booby, four scales",n_runs,118,0.0034136165370756686,5273
Supplementary Figure 1,a,"Red-footed booby, four scales",n_runs,119,0.0034136165370756686,5273
Supplementary Figure 1,a,"Red-footed booby, four scales",n_runs,120,0.0034136165370756686,5273
Supplementary Figure 1,a,"Red-footed booby, four scales",n_runs,121,0.0034136165370756686,5273
Supplementary Figure 1,a,"Red-footed booby, four scales",n_runs,122,0.0034136165370756686,5273
Supplementary Figure 1,a,"Red-footed booby, four scales",n_runs,123,0.0034136165370756686,5273
Supplementary Figure 1,a,"Red-footed booby, four scales",n_runs,124,0.0034136165370756686,5273
Supplementary Figure 1,a,"Red-footed booby, four scales",n_runs,125,0.003223971173904798,5273
Supplementary Figure 1,a,"Red-footed booby, four scales",n_runs,126,0.003223971173904798,5273
Supplementary Figure 1,a,"Red-footed booby, four scales",n_runs,127,0.003223971173904798,5273
Supplementary Figure 1,a,"Red-footed booby, four scales",n_runs,128,0.003223971173904798,5273
Supplementary Figure 1,a,"Red-footed booby, four scales",n_runs,129,0.003223971173904798,5273
Supplementary Figure 1,a,"Red-footed booby, four scales",n_runs,130,0.003223971173904798,5273
Supplementary Figure 1,a,"Red-footed booby, four scales",n_runs,131,0.003223971173904798,5273
Supplementary Figure 1,a,"Red-footed booby, four scales",n_runs,132,0.003223971173904798,5273
Supplementary Figure 1,a,"Red-footed booby, four scales",n_runs,133,0.003223971173904798,5273
Supplementary Figure 1,a,"Red-footed booby, four scales",n_runs,134,0.0024653897212213163,5273
Supplementary Figure 1,a,"Red-footed booby, four scales",n_runs,135,0.0024653897212213163,5273
Supplementary Figure 1,a,"Red-footed booby, four scales",n_runs,136,0.0024653897212213163,5273
Supplementary Figure 1,a,"Red-footed booby, four scales",n_runs,137,0.0024653897212213163,5273
Supplementary Figure 1,a,"Red-footed booby, four scales",n_runs,138,0.0024653897212213163,5273
Supplementary Figure 1,a,"Red-footed booby, four scales",n_runs,139,0.0024653897212213163,5273
Supplementary Figure 1,a,"Red-footed booby, four scales",n_runs,140,0.0024653897212213163,5273
Supplementary Figure 1,a,"Red-footed booby, four scales",n_runs,141,0.0024653897212213163,5273
Supplementary Figure 1,a,"Red-footed booby, four scales",n_runs,142,0.0024653897212213163,5273
Supplementary Figure 1,a,"Red-footed booby, four scales",n_runs,143,0.0024653897212213163,5273
Supplementary Figure 1,a,"Red-footed booby, four scales",n_runs,144,0.0024653897212213163,5273
Supplementary Figure 1,a,"Red-footed booby, four scales",n_runs,145,0.0024653897212213163,5273
Supplementary Figure 1,a,"Red-footed booby, four scales",n_runs,146,0.002086098994879575,5273
Supplementary Figure 1,a,"Red-footed booby, four scales",n_runs,147,0.002086098994879575,5273
Supplementary Figure 1,a,"Red-footed booby, four scales",n_runs,148,0.002086098994879575,5273
Supplementary Figure 1,a,"Red-footed booby, four scales",n_runs,149,0.002086098994879575,5273
Supplementary Figure 1,a,"Red-footed booby, four scales",n_runs,150,0.002086098994879575,5273
Supplementary Figure 1,a,"Red-footed booby, four scales",n_runs,151,0.0013275175421960932,5273
Supplementary Figure 1,a,"Red-footed booby, four scales",n_runs,152,0.0013275175421960932,5273
Supplementary Figure 1,a,"Red-footed booby, four scales",n_runs,153,0.0013275175421960932,5273
Supplementary Figure 1,a,"Red-footed booby, four scales",n_runs,154,0.0013275175421960932,5273
Supplementary Figure 1,a,"Red-footed booby, four scales",n_runs,155,0.0013275175421960932,5273
Supplementary Figure 1,a,"Red-footed booby, four scales",n_runs,156,0.0013275175421960932,5273
Supplementary Figure 1,a,"Red-footed booby, four scales",n_runs,157,0.0013275175421960932,5273
Supplementary Figure 1,a,"Red-footed booby, four scales",n_runs,158,0.0013275175421960932,5273
Supplementary Figure 1,a,"Red-footed booby, four scales",n_runs,159,0.0013275175421960932,5273
Supplementary Figure 1,a,"Red-footed booby, four scales",n_runs,160,0.0013275175421960932,5273
Supplementary Figure 1,a,"Red-footed booby, four scales",n_runs,161,0.0013275175421960932,5273
Supplementary Figure 1,a,"Red-footed booby, four scales",n_runs,162,0.0013275175421960932,5273
Supplementary Figure 1,a,"Red-footed booby, four scales",n_runs,163,0.0013275175421960932,5273
Supplementary Figure 1,a,"Red-footed booby, four scales",n_runs,164,0.0013275175421960932,5273
Supplementary Figure 1,a,"Red-footed booby, four scales",n_runs,165,0.0013275175421960932,5273
Supplementary Figure 1,a,"Red-footed booby, four scales",n_runs,166,0.0013275175421960932,5273
Supplementary Figure 1,a,"Red-footed booby, four scales",n_runs,167,0.0013275175421960932,5273
Supplementary Figure 1,a,"Red-footed booby, four scales",n_runs,168,0.0013275175421960932,5273
Supplementary Figure 1,a,"Red-footed booby, four scales",n_runs,169,0.0013275175421960932,5273
Supplementary Figure 1,a,"Red-footed booby, four scales",n_runs,170,0.0013275175421960932,5273
Supplementary Figure 1,a,"Red-footed booby, four scales",n_runs,171,0.0013275175421960932,5273
Supplementary Figure 1,a,"Red-footed booby, four scales",n_runs,172,0.0013275175421960932,5273
Supplementary Figure 1,a,"Red-footed booby, four scales",n_runs,173,0.0007585814526834819,5273
Supplementary Figure 1,a,"Red-footed booby, four scales",n_runs,174,0.0007585814526834819,5273
Supplementary Figure 1,a,"Red-footed booby, four scales",n_runs,175,0.0007585814526834819,5273
Supplementary Figure 1,a,"Red-footed booby, four scales",n_runs,176,0.0007585814526834819,5273
Supplementary Figure 1,a,"Red-footed booby, four scales",n_runs,177,0.0007585814526834819,5273
Supplementary Figure 1,a,"Red-footed booby, four scales",n_runs,178,0.0007585814526834819,5273
Supplementary Figure 1,a,"Red-footed booby, four scales",n_runs,179,0.0007585814526834819,5273
Supplementary Figure 1,a,"Red-footed booby, four scales",n_runs,180,0.0007585814526834819,5273
Supplementary Figure 1,a,"Red-footed booby, four scales",n_runs,181,0.0007585814526834819,5273
Supplementary Figure 1,a,"Red-footed booby, four scales",n_runs,182,0.0007585814526834819,5273
Supplementary Figure 1,a,"Red-footed booby, four scales",n_runs,183,0.0007585814526834819,5273
Supplementary Figure 1,a,"Red-footed booby, four scales",n_runs,184,0.0007585814526834819,5273
Supplementary Figure 1,a,"Red-footed booby, four scales",n_runs,185,0.0007585814526834819,5273
Supplementary Figure 1,a,"Red-footed booby, four scales",n_runs,186,0.0007585814526834819,5273
Supplementary Figure 1,a,"Red-footed booby, four scales",n_runs,187,0.0007585814526834819,5273
Supplementary Figure 1,a,"Red-footed booby, four scales",n_runs,188,0.0007585814526834819,5273
Supplementary Figure 1,a,"Red-footed booby, four scales",n_runs,189,0.0007585814526834819,5273
Supplementary Figure 1,a,"Red-footed booby, four scales",n_runs,190,0.0007585814526834819,5273
Supplementary Figure 1,a,"Red-footed booby, four scales",n_runs,191,0.0007585814526834819,5273
Supplementary Figure 1,a,"Red-footed booby, four scales",n_runs,192,0.0007585814526834819,5273
Supplementary Figure 1,a,"Red-footed booby, four scales",n_runs,193,0.0007585814526834819,5273
Supplementary Figure 1,a,"Red-footed booby, four scales",n_runs,194,0.0007585814526834819,5273
Supplementary Figure 1,a,"Red-footed booby, four scales",n_runs,195,0.0007585814526834819,5273
Supplementary Figure 1,a,"Red-footed booby, four scales",n_runs,196,0.0007585814526834819,5273
Supplementary Figure 1,a,"Red-footed booby, four scales",n_runs,197,0.0007585814526834819,5273
Supplementary Figure 1,a,"Red-footed booby, four scales",n_runs,198,0.0007585814526834819,5273
Supplementary Figure 1,a,"Red-footed booby, four scales",n_runs,199,0.0007585814526834819,5273
Supplementary Figure 1,a,"Red-footed booby, four scales",n_runs,200,0.0007585814526834819,5273
Supplementary Figure 1,a,"Red-footed booby, four scales",n_runs,201,0.0007585814526834819,5273
Supplementary Figure 1,a,"Red-footed booby, four scales",n_runs,202,0.0007585814526834819,5273
Supplementary Figure 1,a,"Red-footed booby, four scales",n_runs,203,0.0007585814526834819,5273
Supplementary Figure 1,a,"Red-footed booby, four scales",n_runs,204,0.0007585814526834819,5273
Supplementary Figure 1,a,"Red-footed booby, four scales",n_runs,205,0.0007585814526834819,5273
Supplementary Figure 1,a,"Red-footed booby, four scales",n_runs,206,0.0007585814526834819,5273
Supplementary Figure 1,a,"Red-footed booby, four scales",n_runs,207,0.0007585814526834819,5273
Supplementary Figure 1,a,"Red-footed booby, four scales",n_runs,208,0.0007585814526834819,5273
Supplementary Figure 1,a,"Red-footed booby, four scales",n_runs,209,0.0007585814526834819,5273
Supplementary Figure 1,a,"Red-footed booby, four scales",n_runs,210,0.0007585814526834819,5273
Supplementary Figure 1,a,"Red-footed booby, four scales",n_runs,211,0.0007585814526834819,5273
Supplementary Figure 1,a,"Red-footed booby, four scales",n_runs,212,0.0007585814526834819,5273
Supplementary Figure 1,a,"Red-footed booby, four scales",n_runs,213,0.0007585814526834819,5273
Supplementary Figure 1,a,"Red-footed booby, four scales",n_runs,214,0.0007585814526834819,5273
Supplementary Figure 1,a,"Red-footed booby, four scales",n_runs,215,0.0007585814526834819,5273
Supplementary Figure 1,a,"Red-footed booby, four scales",n_runs,216,0.0007585814526834819,5273
Supplementary Figure 1,a,"Red-footed booby, four scales",n_runs,217,0.0007585814526834819,5273
Supplementary Figure 1,a,"Red-footed booby, four scales",n_runs,218,0.0007585814526834819,5273
Supplementary Figure 1,a,"Red-footed booby, four scales",n_runs,219,0.0007585814526834819,5273
Supplementary Figure 1,a,"Red-footed booby, four scales",n_runs,220,0.0007585814526834819,5273
Supplementary Figure 1,a,"Red-footed booby, four scales",n_runs,221,0.0007585814526834819,5273
Supplementary Figure 1,a,"Red-footed booby, four scales",n_runs,222,0.0007585814526834819,5273
Supplementary Figure 1,b,"Red-footed booby, four scales",n_record_runs,2,1.0,5273
Supplementary Figure 1,b,"Red-footed booby, four scales",n_record_runs,3,0.9569505025602124,5273
Supplementary Figure 1,b,"Red-footed booby, four scales",n_record_runs,4,0.770149819836905,5273
Supplementary Figure 1,b,"Red-footed booby, four scales",n_record_runs,5,0.6341740944433909,5273
Supplementary Figure 1,b,"Red-footed booby, four scales",n_record_runs,6,0.522662620898919,5273
Supplementary Figure 1,b,"Red-footed booby, four scales",n_record_runs,7,0.4542006447942348,5273
Supplementary Figure 1,b,"Red-footed booby, four scales",n_record_runs,8,0.3882040584107719,5273
Supplementary Figure 1,b,"Red-footed booby, four scales",n_record_runs,9,0.3430684619761047,5273
Supplementary Figure 1,b,"Red-footed booby, four scales",n_record_runs,10,0.2998293191731462,5273
Supplementary Figure 1,b,"Red-footed booby, four scales",n_record_runs,11,0.2702446425184904,5273
Supplementary Figure 1,b,"Red-footed booby, four scales",n_record_runs,12,0.24350464631139768,5273
Supplementary Figure 1,b,"Red-footed booby, four scales",n_record_runs,13,0.2144889057462545,5273
Supplementary Figure 1,b,"Red-footed booby, four scales",n_record_runs,14,0.19514507870282571,5273
Supplementary Figure 1,b,"Red-footed booby, four scales",n_record_runs,15,0.17181869903280864,5273
Supplementary Figure 1,b,"Red-footed booby, four scales",n_record_runs,16,0.15588848852645554,5273
Supplementary Figure 1,b,"Red-footed booby, four scales",n_record_runs,17,0.14185473165181112,5273
Supplementary Figure 1,b,"Red-footed booby, four scales",n_record_runs,18,0.1278209747771667,5273
Supplementary Figure 1,b,"Red-footed booby, four scales",n_record_runs,19,0.11359757253935142,5273
Supplementary Figure 1,b,"Red-footed booby, four scales",n_record_runs,20,0.1027877868386118,5273
Supplementary Figure 1,b,"Red-footed booby, four scales",n_record_runs,21,0.08894367532713825,5273
Supplementary Figure 1,b,"Red-footed booby, four scales",n_record_runs,22,0.07528920917883558,5273
Supplementary Figure 1,b,"Red-footed booby, four scales",n_record_runs,23,0.06391048738858335,5273
Supplementary Figure 1,b,"Red-footed booby, four scales",n_record_runs,24,0.05632467286174853,5273
Supplementary Figure 1,b,"Red-footed booby, four scales",n_record_runs,25,0.04949743978759719,5273
Supplementary Figure 1,b,"Red-footed booby, four scales",n_record_runs,26,0.04570453252417978,5273
Supplementary Figure 1,b,"Red-footed booby, four scales",n_record_runs,27,0.04020481699222454,5273
Supplementary Figure 1,b,"Red-footed booby, four scales",n_record_runs,28,0.03641190972880713,5273
Supplementary Figure 1,b,"Red-footed booby, four scales",n_record_runs,29,0.034325810733927556,5273
Supplementary Figure 1,b,"Red-footed booby, four scales",n_record_runs,30,0.03129148492319363,5273
Supplementary Figure 1,b,"Red-footed booby, four scales",n_record_runs,31,0.02787786838611796,5273
Supplementary Figure 1,b,"Red-footed booby, four scales",n_record_runs,32,0.026739996207092737,5273
Supplementary Figure 1,b,"Red-footed booby, four scales",n_record_runs,33,0.022757443580504456,5273
Supplementary Figure 1,b,"Red-footed booby, four scales",n_record_runs,34,0.0199127631329414,5273
Supplementary Figure 1,b,"Red-footed booby, four scales",n_record_runs,35,0.01915418168025792,5273
Supplementary Figure 1,b,"Red-footed booby, four scales",n_record_runs,36,0.018395600227574437,5273
Supplementary Figure 1,b,"Red-footed booby, four scales",n_record_runs,37,0.016878437322207472,5273
Supplementary Figure 1,b,"Red-footed booby, four scales",n_record_runs,38,0.01630950123269486,5273
Supplementary Figure 1,b,"Red-footed booby, four scales",n_record_runs,39,0.014413047600986157,5273
Supplementary Figure 1,b,"Red-footed booby, four scales",n_record_runs,40,0.013085530058790063,5273
Supplementary Figure 1,b,"Red-footed booby, four scales",n_record_runs,41,0.010430494974397875,5273
Supplementary Figure 1,b,"Red-footed booby, four scales",n_record_runs,42,0.008723686705860042,5273
Supplementary Figure 1,b,"Red-footed booby, four scales",n_record_runs,43,0.007396169163663948,5273
Supplementary Figure 1,b,"Red-footed booby, four scales",n_record_runs,44,0.006068651621467855,5273
Supplementary Figure 1,b,"Red-footed booby, four scales",n_record_runs,45,0.006068651621467855,5273
Supplementary Figure 1,b,"Red-footed booby, four scales",n_record_runs,46,0.006068651621467855,5273
Supplementary Figure 1,b,"Red-footed booby, four scales",n_record_runs,47,0.005689360895126114,5273
Supplementary Figure 1,b,"Red-footed booby, four scales",n_record_runs,48,0.005310070168784373,5273
Supplementary Figure 1,b,"Red-footed booby, four scales",n_record_runs,49,0.004930779442442633,5273
Supplementary Figure 1,b,"Red-footed booby, four scales",n_record_runs,50,0.003603261900246539,5273
Supplementary Figure 1,b,"Red-footed booby, four scales",n_record_runs,51,0.003603261900246539,5273
Supplementary Figure 1,b,"Red-footed booby, four scales",n_record_runs,52,0.003603261900246539,5273
Supplementary Figure 1,b,"Red-footed booby, four scales",n_record_runs,53,0.0026550350843921864,5273
Supplementary Figure 1,b,"Red-footed booby, four scales",n_record_runs,54,0.0024653897212213163,5273
Supplementary Figure 1,b,"Red-footed booby, four scales",n_record_runs,55,0.0024653897212213163,5273
Supplementary Figure 1,b,"Red-footed booby, four scales",n_record_runs,56,0.0022757443580504457,5273
Supplementary Figure 1,b,"Red-footed booby, four scales",n_record_runs,57,0.002086098994879575,5273
Supplementary Figure 1,b,"Red-footed booby, four scales",n_record_runs,58,0.0018964536317087046,5273
Supplementary Figure 1,b,"Red-footed booby, four scales",n_record_runs,59,0.0017068082685378343,5273
Supplementary Figure 1,b,"Red-footed booby, four scales",n_record_runs,60,0.0009482268158543523,5273
Supplementary Figure 1,b,"Red-footed booby, four scales",n_record_runs,61,0.0007585814526834819,5273
Supplementary Figure 1,b,"Red-footed booby, four scales",n_record_runs,62,0.0005689360895126114,5273
Supplementary Figure 1,b,"Red-footed booby, four scales",n_record_runs,63,0.0005689360895126114,5273
Supplementary Figure 1,b,"Red-footed booby, four scales",n_record_runs,64,0.0005689360895126114,5273
Supplementary Figure 1,b,"Red-footed booby, four scales",n_record_runs,65,0.00037929072634174094,5273
Supplementary Figure 1,b,"Red-footed booby, four scales",n_record_runs,66,0.00037929072634174094,5273
Supplementary Figure 1,b,"Red-footed booby, four scales",n_record_runs,67,0.00037929072634174094,5273
Supplementary Figure 1,b,"Red-footed booby, four scales",n_record_runs,68,0.00037929072634174094,5273
Supplementary Figure 1,b,"Red-footed booby, four scales",n_record_runs,69,0.00037929072634174094,5273
Supplementary Figure 1,b,"Red-footed booby, four scales",n_record_runs,70,0.00037929072634174094,5273
Supplementary Figure 1,b,"Red-footed booby, four scales",n_record_runs,71,0.00037929072634174094,5273
Supplementary Figure 1,b,"Red-footed booby, four scales",n_record_runs,72,0.00037929072634174094,5273
Supplementary Figure 1,b,"Red-footed booby, four scales",n_record_runs,73,0.00037929072634174094,5273
Supplementary Figure 1,b,"Red-footed booby, four scales",n_record_runs,74,0.00037929072634174094,5273
Supplementary Figure 1,b,"Red-footed booby, four scales",n_record_runs,75,0.00037929072634174094,5273
Supplementary Figure 1,b,"Red-footed booby, four scales",n_record_runs,76,0.00037929072634174094,5273
