figure,panel,system,metric,x_value,fraction_events_ge,event_scale_rows
Supplementary Figure 1,a,"Wandering albatross, 100 m",n_runs,3,1.0,11592
Supplementary Figure 1,a,"Wandering albatross, 100 m",n_runs,4,0.7968426501035196,11592
Supplementary Figure 1,a,"Wandering albatross, 100 m",n_runs,5,0.6611456176673568,11592
Supplementary Figure 1,a,"Wandering albatross, 100 m",n_runs,6,0.5718599033816425,11592
Supplementary Figure 1,a,"Wandering albatross, 100 m",n_runs,7,0.5077639751552795,11592
Supplementary Figure 1,a,"Wandering albatross, 100 m",n_runs,8,0.4567805383022774,11592
Supplementary Figure 1,a,"Wandering albatross, 100 m",n_runs,9,0.4116632160110421,11592
Supplementary Figure 1,a,"Wandering albatross, 100 m",n_runs,10,0.3750862663906142,11592
Supplementary Figure 1,a,"Wandering albatross, 100 m",n_runs,11,0.3480848861283644,11592
Supplementary Figure 1,a,"Wandering albatross, 100 m",n_runs,12,0.3226363008971704,11592
Supplementary Figure 1,a,"Wandering albatross, 100 m",n_runs,13,0.3008109040717736,11592
Supplementary Figure 1,a,"Wandering albatross, 100 m",n_runs,14,0.2824361628709455,11592
Supplementary Figure 1,a,"Wandering albatross, 100 m",n_runs,15,0.2640614216701173,11592
Supplementary Figure 1,a,"Wandering albatross, 100 m",n_runs,16,0.247239475500345,11592
Supplementary Figure 1,a,"Wandering albatross, 100 m",n_runs,17,0.2337819185645272,11592
Supplementary Figure 1,a,"Wandering albatross, 100 m",n_runs,18,0.2205831608005521,11592
Supplementary Figure 1,a,"Wandering albatross, 100 m",n_runs,19,0.2080745341614907,11592
Supplementary Figure 1,a,"Wandering albatross, 100 m",n_runs,20,0.1979813664596273,11592
Supplementary Figure 1,a,"Wandering albatross, 100 m",n_runs,21,0.1884057971014492,11592
Supplementary Figure 1,a,"Wandering albatross, 100 m",n_runs,22,0.1796066252587991,11592
Supplementary Figure 1,a,"Wandering albatross, 100 m",n_runs,23,0.1716701173222912,11592
Supplementary Figure 1,a,"Wandering albatross, 100 m",n_runs,24,0.1630434782608695,11592
Supplementary Figure 1,a,"Wandering albatross, 100 m",n_runs,25,0.1550207039337474,11592
Supplementary Figure 1,a,"Wandering albatross, 100 m",n_runs,26,0.1479468599033816,11592
Supplementary Figure 1,a,"Wandering albatross, 100 m",n_runs,27,0.1418219461697722,11592
Supplementary Figure 1,a,"Wandering albatross, 100 m",n_runs,28,0.1348343685300207,11592
Supplementary Figure 1,a,"Wandering albatross, 100 m",n_runs,29,0.1290545203588682,11592
Supplementary Figure 1,a,"Wandering albatross, 100 m",n_runs,30,0.1237060041407867,11592
Supplementary Figure 1,a,"Wandering albatross, 100 m",n_runs,31,0.1195652173913043,11592
Supplementary Figure 1,a,"Wandering albatross, 100 m",n_runs,32,0.1161145617667356,11592
Supplementary Figure 1,a,"Wandering albatross, 100 m",n_runs,33,0.1120600414078674,11592
Supplementary Figure 1,a,"Wandering albatross, 100 m",n_runs,34,0.1075741890959282,11592
Supplementary Figure 1,a,"Wandering albatross, 100 m",n_runs,35,0.1049861973775017,11592
Supplementary Figure 1,a,"Wandering albatross, 100 m",n_runs,36,0.1010179434092477,11592
Supplementary Figure 1,a,"Wandering albatross, 100 m",n_runs,37,0.0978260869565217,11592
Supplementary Figure 1,a,"Wandering albatross, 100 m",n_runs,38,0.0950655624568668,11592
Supplementary Figure 1,a,"Wandering albatross, 100 m",n_runs,39,0.0917874396135265,11592
Supplementary Figure 1,a,"Wandering albatross, 100 m",n_runs,40,0.0885093167701863,11592
Supplementary Figure 1,a,"Wandering albatross, 100 m",n_runs,41,0.0860938578329882,11592
Supplementary Figure 1,a,"Wandering albatross, 100 m",n_runs,42,0.0833333333333333,11592
Supplementary Figure 1,a,"Wandering albatross, 100 m",n_runs,43,0.0809178743961352,11592
Supplementary Figure 1,a,"Wandering albatross, 100 m",n_runs,44,0.0785024154589372,11592
Supplementary Figure 1,a,"Wandering albatross, 100 m",n_runs,45,0.0750517598343685,11592
Supplementary Figure 1,a,"Wandering albatross, 100 m",n_runs,46,0.0729813664596273,11592
Supplementary Figure 1,a,"Wandering albatross, 100 m",n_runs,47,0.0703933747412008,11592
Supplementary Figure 1,a,"Wandering albatross, 100 m",n_runs,48,0.0677191166321601,11592
Supplementary Figure 1,a,"Wandering albatross, 100 m",n_runs,49,0.0652173913043478,11592
Supplementary Figure 1,a,"Wandering albatross, 100 m",n_runs,50,0.0632332643202208,11592
Supplementary Figure 1,a,"Wandering albatross, 100 m",n_runs,51,0.0619392684610075,11592
Supplementary Figure 1,a,"Wandering albatross, 100 m",n_runs,52,0.0603002070393374,11592
Supplementary Figure 1,a,"Wandering albatross, 100 m",n_runs,53,0.0580572808833678,11592
Supplementary Figure 1,a,"Wandering albatross, 100 m",n_runs,54,0.0570220841959972,11592
Supplementary Figure 1,a,"Wandering albatross, 100 m",n_runs,55,0.0559868875086266,11592
Supplementary Figure 1,a,"Wandering albatross, 100 m",n_runs,56,0.0543478260869565,11592
Supplementary Figure 1,a,"Wandering albatross, 100 m",n_runs,57,0.0522774327122153,11592
Supplementary Figure 1,a,"Wandering albatross, 100 m",n_runs,58,0.0507246376811594,11592
Supplementary Figure 1,a,"Wandering albatross, 100 m",n_runs,59,0.0495169082125603,11592
Supplementary Figure 1,a,"Wandering albatross, 100 m",n_runs,60,0.0483091787439613,11592
Supplementary Figure 1,a,"Wandering albatross, 100 m",n_runs,61,0.0470151828847481,11592
Supplementary Figure 1,a,"Wandering albatross, 100 m",n_runs,62,0.0456349206349206,11592
Supplementary Figure 1,a,"Wandering albatross, 100 m",n_runs,63,0.0451173222912353,11592
Supplementary Figure 1,a,"Wandering albatross, 100 m",n_runs,64,0.0439095928226363,11592
Supplementary Figure 1,a,"Wandering albatross, 100 m",n_runs,65,0.0428743961352657,11592
Supplementary Figure 1,a,"Wandering albatross, 100 m",n_runs,66,0.0418391994478951,11592
Supplementary Figure 1,a,"Wandering albatross, 100 m",n_runs,67,0.0408902691511387,11592
Supplementary Figure 1,a,"Wandering albatross, 100 m",n_runs,68,0.0399413388543823,11592
Supplementary Figure 1,a,"Wandering albatross, 100 m",n_runs,69,0.0388198757763975,11592
Supplementary Figure 1,a,"Wandering albatross, 100 m",n_runs,70,0.03743961352657,11592
Supplementary Figure 1,a,"Wandering albatross, 100 m",n_runs,71,0.0363181504485852,11592
Supplementary Figure 1,a,"Wandering albatross, 100 m",n_runs,72,0.0350241545893719,11592
Supplementary Figure 1,a,"Wandering albatross, 100 m",n_runs,73,0.034247757073844,11592
Supplementary Figure 1,a,"Wandering albatross, 100 m",n_runs,74,0.0337301587301587,11592
Supplementary Figure 1,a,"Wandering albatross, 100 m",n_runs,75,0.0324361628709454,11592
Supplementary Figure 1,a,"Wandering albatross, 100 m",n_runs,76,0.0316597653554175,11592
Supplementary Figure 1,a,"Wandering albatross, 100 m",n_runs,77,0.031055900621118,11592
Supplementary Figure 1,a,"Wandering albatross, 100 m",n_runs,78,0.03027950310559,11592
Supplementary Figure 1,a,"Wandering albatross, 100 m",n_runs,79,0.0291580400276052,11592
Supplementary Figure 1,a,"Wandering albatross, 100 m",n_runs,80,0.0285541752933057,11592
Supplementary Figure 1,a,"Wandering albatross, 100 m",n_runs,81,0.0276052449965493,11592
Supplementary Figure 1,a,"Wandering albatross, 100 m",n_runs,82,0.0269151138716356,11592
Supplementary Figure 1,a,"Wandering albatross, 100 m",n_runs,83,0.0266563146997929,11592
Supplementary Figure 1,a,"Wandering albatross, 100 m",n_runs,84,0.025879917184265,11592
Supplementary Figure 1,a,"Wandering albatross, 100 m",n_runs,85,0.0256211180124223,11592
Supplementary Figure 1,a,"Wandering albatross, 100 m",n_runs,86,0.0250172532781228,11592
Supplementary Figure 1,a,"Wandering albatross, 100 m",n_runs,87,0.0245859213250517,11592
Supplementary Figure 1,a,"Wandering albatross, 100 m",n_runs,88,0.0242408557625948,11592
Supplementary Figure 1,a,"Wandering albatross, 100 m",n_runs,89,0.0238095238095238,11592
Supplementary Figure 1,a,"Wandering albatross, 100 m",n_runs,90,0.0232056590752242,11592
Supplementary Figure 1,a,"Wandering albatross, 100 m",n_runs,91,0.0229468599033816,11592
Supplementary Figure 1,a,"Wandering albatross, 100 m",n_runs,92,0.0226017943409247,11592
Supplementary Figure 1,a,"Wandering albatross, 100 m",n_runs,93,0.0222567287784679,11592
Supplementary Figure 1,a,"Wandering albatross, 100 m",n_runs,94,0.0219979296066252,11592
Supplementary Figure 1,a,"Wandering albatross, 100 m",n_runs,95,0.0215665976535541,11592
Supplementary Figure 1,a,"Wandering albatross, 100 m",n_runs,96,0.0210489993098688,11592
Supplementary Figure 1,a,"Wandering albatross, 100 m",n_runs,97,0.020703933747412,11592
Supplementary Figure 1,a,"Wandering albatross, 100 m",n_runs,98,0.0198412698412698,11592
Supplementary Figure 1,a,"Wandering albatross, 100 m",n_runs,99,0.0197550034506556,11592
Supplementary Figure 1,a,"Wandering albatross, 100 m",n_runs,100,0.0195824706694271,11592
Supplementary Figure 1,a,"Wandering albatross, 100 m",n_runs,101,0.0193236714975845,11592
Supplementary Figure 1,a,"Wandering albatross, 100 m",n_runs,102,0.018719806763285,11592
Supplementary Figure 1,a,"Wandering albatross, 100 m",n_runs,103,0.0185472739820565,11592
Supplementary Figure 1,a,"Wandering albatross, 100 m",n_runs,104,0.0177708764665286,11592
Supplementary Figure 1,a,"Wandering albatross, 100 m",n_runs,105,0.0172532781228433,11592
Supplementary Figure 1,a,"Wandering albatross, 100 m",n_runs,106,0.0171670117322291,11592
Supplementary Figure 1,a,"Wandering albatross, 100 m",n_runs,107,0.0168219461697722,11592
Supplementary Figure 1,a,"Wandering albatross, 100 m",n_runs,108,0.0166494133885438,11592
Supplementary Figure 1,a,"Wandering albatross, 100 m",n_runs,109,0.0165631469979296,11592
Supplementary Figure 1,a,"Wandering albatross, 100 m",n_runs,110,0.0163906142167011,11592
Supplementary Figure 1,a,"Wandering albatross, 100 m",n_runs,111,0.0157004830917874,11592
Supplementary Figure 1,a,"Wandering albatross, 100 m",n_runs,112,0.0153554175293305,11592
Supplementary Figure 1,a,"Wandering albatross, 100 m",n_runs,113,0.0148378191856452,11592
Supplementary Figure 1,a,"Wandering albatross, 100 m",n_runs,114,0.0145790200138026,11592
Supplementary Figure 1,a,"Wandering albatross, 100 m",n_runs,115,0.0144064872325741,11592
Supplementary Figure 1,a,"Wandering albatross, 100 m",n_runs,116,0.0141476880607315,11592
Supplementary Figure 1,a,"Wandering albatross, 100 m",n_runs,117,0.0136300897170462,11592
Supplementary Figure 1,a,"Wandering albatross, 100 m",n_runs,118,0.0136300897170462,11592
Supplementary Figure 1,a,"Wandering albatross, 100 m",n_runs,119,0.0133712905452035,11592
Supplementary Figure 1,a,"Wandering albatross, 100 m",n_runs,120,0.0130262249827467,11592
Supplementary Figure 1,a,"Wandering albatross, 100 m",n_runs,121,0.0128536922015182,11592
Supplementary Figure 1,a,"Wandering albatross, 100 m",n_runs,122,0.012767425810904,11592
Supplementary Figure 1,a,"Wandering albatross, 100 m",n_runs,123,0.0122498274672187,11592
Supplementary Figure 1,a,"Wandering albatross, 100 m",n_runs,124,0.0119910282953761,11592
Supplementary Figure 1,a,"Wandering albatross, 100 m",n_runs,125,0.0118184955141476,11592
Supplementary Figure 1,a,"Wandering albatross, 100 m",n_runs,126,0.0114734299516908,11592
Supplementary Figure 1,a,"Wandering albatross, 100 m",n_runs,127,0.0112146307798481,11592
Supplementary Figure 1,a,"Wandering albatross, 100 m",n_runs,128,0.010783298826777,11592
Supplementary Figure 1,a,"Wandering albatross, 100 m",n_runs,129,0.010351966873706,11592
Supplementary Figure 1,a,"Wandering albatross, 100 m",n_runs,130,0.0102657004830917,11592
Supplementary Figure 1,a,"Wandering albatross, 100 m",n_runs,131,0.0100069013112491,11592
Supplementary Figure 1,a,"Wandering albatross, 100 m",n_runs,132,0.0099206349206349,11592
Supplementary Figure 1,a,"Wandering albatross, 100 m",n_runs,133,0.0097481021394064,11592
Supplementary Figure 1,a,"Wandering albatross, 100 m",n_runs,134,0.0096618357487922,11592
Supplementary Figure 1,a,"Wandering albatross, 100 m",n_runs,135,0.0094030365769496,11592
Supplementary Figure 1,a,"Wandering albatross, 100 m",n_runs,136,0.0093167701863354,11592
Supplementary Figure 1,a,"Wandering albatross, 100 m",n_runs,137,0.0092305037957211,11592
Supplementary Figure 1,a,"Wandering albatross, 100 m",n_runs,138,0.0090579710144927,11592
Supplementary Figure 1,a,"Wandering albatross, 100 m",n_runs,139,0.0087991718426501,11592
Supplementary Figure 1,a,"Wandering albatross, 100 m",n_runs,140,0.0086266390614216,11592
Supplementary Figure 1,a,"Wandering albatross, 100 m",n_runs,141,0.0085403726708074,11592
Supplementary Figure 1,a,"Wandering albatross, 100 m",n_runs,142,0.0084541062801932,11592
Supplementary Figure 1,a,"Wandering albatross, 100 m",n_runs,143,0.0084541062801932,11592
Supplementary Figure 1,a,"Wandering albatross, 100 m",n_runs,144,0.0084541062801932,11592
Supplementary Figure 1,a,"Wandering albatross, 100 m",n_runs,145,0.008367839889579,11592
Supplementary Figure 1,a,"Wandering albatross, 100 m",n_runs,146,0.008367839889579,11592
Supplementary Figure 1,a,"Wandering albatross, 100 m",n_runs,147,0.0081953071083505,11592
Supplementary Figure 1,a,"Wandering albatross, 100 m",n_runs,148,0.0080227743271221,11592
Supplementary Figure 1,a,"Wandering albatross, 100 m",n_runs,149,0.0078502415458937,11592
Supplementary Figure 1,a,"Wandering albatross, 100 m",n_runs,150,0.0077639751552795,11592
Supplementary Figure 1,a,"Wandering albatross, 100 m",n_runs,151,0.0076777087646652,11592
Supplementary Figure 1,a,"Wandering albatross, 100 m",n_runs,152,0.007591442374051,11592
Supplementary Figure 1,a,"Wandering albatross, 100 m",n_runs,153,0.0072463768115942,11592
Supplementary Figure 1,a,"Wandering albatross, 100 m",n_runs,154,0.0070738440303657,11592
Supplementary Figure 1,a,"Wandering albatross, 100 m",n_runs,155,0.0069875776397515,11592
Supplementary Figure 1,a,"Wandering albatross, 100 m",n_runs,156,0.0069013112491373,11592
Supplementary Figure 1,a,"Wandering albatross, 100 m",n_runs,157,0.0069013112491373,11592
Supplementary Figure 1,a,"Wandering albatross, 100 m",n_runs,158,0.0068150448585231,11592
Supplementary Figure 1,a,"Wandering albatross, 100 m",n_runs,159,0.0066425120772946,11592
Supplementary Figure 1,a,"Wandering albatross, 100 m",n_runs,160,0.0065562456866804,11592
Supplementary Figure 1,a,"Wandering albatross, 100 m",n_runs,161,0.0064699792960662,11592
Supplementary Figure 1,a,"Wandering albatross, 100 m",n_runs,162,0.0064699792960662,11592
Supplementary Figure 1,a,"Wandering albatross, 100 m",n_runs,163,0.006383712905452,11592
Supplementary Figure 1,a,"Wandering albatross, 100 m",n_runs,164,0.0062111801242236,11592
Supplementary Figure 1,a,"Wandering albatross, 100 m",n_runs,165,0.0060386473429951,11592
Supplementary Figure 1,a,"Wandering albatross, 100 m",n_runs,166,0.0059523809523809,11592
Supplementary Figure 1,a,"Wandering albatross, 100 m",n_runs,167,0.0058661145617667,11592
Supplementary Figure 1,a,"Wandering albatross, 100 m",n_runs,168,0.0058661145617667,11592
Supplementary Figure 1,a,"Wandering albatross, 100 m",n_runs,169,0.0056935817805383,11592
Supplementary Figure 1,a,"Wandering albatross, 100 m",n_runs,170,0.005607315389924,11592
Supplementary Figure 1,a,"Wandering albatross, 100 m",n_runs,171,0.005607315389924,11592
Supplementary Figure 1,a,"Wandering albatross, 100 m",n_runs,172,0.0055210489993098,11592
Supplementary Figure 1,a,"Wandering albatross, 100 m",n_runs,173,0.0055210489993098,11592
Supplementary Figure 1,a,"Wandering albatross, 100 m",n_runs,174,0.0055210489993098,11592
Supplementary Figure 1,a,"Wandering albatross, 100 m",n_runs,175,0.0054347826086956,11592
Supplementary Figure 1,a,"Wandering albatross, 100 m",n_runs,176,0.0054347826086956,11592
Supplementary Figure 1,a,"Wandering albatross, 100 m",n_runs,177,0.0053485162180814,11592
Supplementary Figure 1,a,"Wandering albatross, 100 m",n_runs,178,0.0053485162180814,11592
Supplementary Figure 1,a,"Wandering albatross, 100 m",n_runs,179,0.0052622498274672,11592
Supplementary Figure 1,a,"Wandering albatross, 100 m",n_runs,180,0.005175983436853,11592
Supplementary Figure 1,a,"Wandering albatross, 100 m",n_runs,181,0.005175983436853,11592
Supplementary Figure 1,a,"Wandering albatross, 100 m",n_runs,182,0.0050897170462387,11592
Supplementary Figure 1,a,"Wandering albatross, 100 m",n_runs,183,0.0049171842650103,11592
Supplementary Figure 1,a,"Wandering albatross, 100 m",n_runs,184,0.0048309178743961,11592
Supplementary Figure 1,a,"Wandering albatross, 100 m",n_runs,185,0.0048309178743961,11592
Supplementary Figure 1,a,"Wandering albatross, 100 m",n_runs,186,0.0048309178743961,11592
Supplementary Figure 1,a,"Wandering albatross, 100 m",n_runs,187,0.0046583850931677,11592
Supplementary Figure 1,a,"Wandering albatross, 100 m",n_runs,188,0.0046583850931677,11592
Supplementary Figure 1,a,"Wandering albatross, 100 m",n_runs,189,0.0046583850931677,11592
Supplementary Figure 1,a,"Wandering albatross, 100 m",n_runs,190,0.0046583850931677,11592
Supplementary Figure 1,a,"Wandering albatross, 100 m",n_runs,191,0.0046583850931677,11592
Supplementary Figure 1,a,"Wandering albatross, 100 m",n_runs,192,0.0045721187025534,11592
Supplementary Figure 1,a,"Wandering albatross, 100 m",n_runs,193,0.0045721187025534,11592
Supplementary Figure 1,a,"Wandering albatross, 100 m",n_runs,194,0.0044858523119392,11592
Supplementary Figure 1,a,"Wandering albatross, 100 m",n_runs,195,0.0044858523119392,11592
Supplementary Figure 1,a,"Wandering albatross, 100 m",n_runs,196,0.0044858523119392,11592
Supplementary Figure 1,a,"Wandering albatross, 100 m",n_runs,197,0.0044858523119392,11592
Supplementary Figure 1,a,"Wandering albatross, 100 m",n_runs,198,0.0043133195307108,11592
Supplementary Figure 1,a,"Wandering albatross, 100 m",n_runs,199,0.0043133195307108,11592
Supplementary Figure 1,a,"Wandering albatross, 100 m",n_runs,200,0.0042270531400966,11592
Supplementary Figure 1,a,"Wandering albatross, 100 m",n_runs,201,0.0040545203588681,11592
Supplementary Figure 1,a,"Wandering albatross, 100 m",n_runs,202,0.0040545203588681,11592
Supplementary Figure 1,a,"Wandering albatross, 100 m",n_runs,203,0.0039682539682539,11592
Supplementary Figure 1,a,"Wandering albatross, 100 m",n_runs,204,0.0039682539682539,11592
Supplementary Figure 1,a,"Wandering albatross, 100 m",n_runs,205,0.0039682539682539,11592
Supplementary Figure 1,a,"Wandering albatross, 100 m",n_runs,206,0.0038819875776397,11592
Supplementary Figure 1,a,"Wandering albatross, 100 m",n_runs,207,0.0037957211870255,11592
Supplementary Figure 1,a,"Wandering albatross, 100 m",n_runs,208,0.0037957211870255,11592
Supplementary Figure 1,a,"Wandering albatross, 100 m",n_runs,209,0.0037094547964113,11592
Supplementary Figure 1,a,"Wandering albatross, 100 m",n_runs,210,0.0037094547964113,11592
Supplementary Figure 1,a,"Wandering albatross, 100 m",n_runs,211,0.0037094547964113,11592
Supplementary Figure 1,a,"Wandering albatross, 100 m",n_runs,212,0.0036231884057971,11592
Supplementary Figure 1,a,"Wandering albatross, 100 m",n_runs,213,0.0036231884057971,11592
Supplementary Figure 1,a,"Wandering albatross, 100 m",n_runs,214,0.0036231884057971,11592
Supplementary Figure 1,a,"Wandering albatross, 100 m",n_runs,215,0.0036231884057971,11592
Supplementary Figure 1,a,"Wandering albatross, 100 m",n_runs,216,0.0035369220151828,11592
Supplementary Figure 1,a,"Wandering albatross, 100 m",n_runs,217,0.0035369220151828,11592
Supplementary Figure 1,a,"Wandering albatross, 100 m",n_runs,218,0.0035369220151828,11592
Supplementary Figure 1,a,"Wandering albatross, 100 m",n_runs,219,0.0034506556245686,11592
Supplementary Figure 1,a,"Wandering albatross, 100 m",n_runs,220,0.0034506556245686,11592
Supplementary Figure 1,a,"Wandering albatross, 100 m",n_runs,221,0.0034506556245686,11592
Supplementary Figure 1,a,"Wandering albatross, 100 m",n_runs,222,0.0034506556245686,11592
Supplementary Figure 1,a,"Wandering albatross, 100 m",n_runs,223,0.0033643892339544,11592
Supplementary Figure 1,a,"Wandering albatross, 100 m",n_runs,224,0.0033643892339544,11592
Supplementary Figure 1,a,"Wandering albatross, 100 m",n_runs,225,0.0033643892339544,11592
Supplementary Figure 1,a,"Wandering albatross, 100 m",n_runs,226,0.0032781228433402,11592
Supplementary Figure 1,a,"Wandering albatross, 100 m",n_runs,227,0.0031055900621118,11592
Supplementary Figure 1,a,"Wandering albatross, 100 m",n_runs,228,0.0031055900621118,11592
Supplementary Figure 1,a,"Wandering albatross, 100 m",n_runs,229,0.0031055900621118,11592
Supplementary Figure 1,a,"Wandering albatross, 100 m",n_runs,230,0.0030193236714975,11592
Supplementary Figure 1,a,"Wandering albatross, 100 m",n_runs,231,0.0029330572808833,11592
Supplementary Figure 1,a,"Wandering albatross, 100 m",n_runs,232,0.0029330572808833,11592
Supplementary Figure 1,a,"Wandering albatross, 100 m",n_runs,233,0.0029330572808833,11592
Supplementary Figure 1,a,"Wandering albatross, 100 m",n_runs,234,0.0029330572808833,11592
Supplementary Figure 1,a,"Wandering albatross, 100 m",n_runs,235,0.0028467908902691,11592
Supplementary Figure 1,a,"Wandering albatross, 100 m",n_runs,236,0.0027605244996549,11592
Supplementary Figure 1,a,"Wandering albatross, 100 m",n_runs,237,0.0027605244996549,11592
Supplementary Figure 1,a,"Wandering albatross, 100 m",n_runs,238,0.0026742581090407,11592
Supplementary Figure 1,a,"Wandering albatross, 100 m",n_runs,239,0.0025879917184265,11592
Supplementary Figure 1,a,"Wandering albatross, 100 m",n_runs,240,0.0025879917184265,11592
Supplementary Figure 1,a,"Wandering albatross, 100 m",n_runs,241,0.0025879917184265,11592
Supplementary Figure 1,a,"Wandering albatross, 100 m",n_runs,242,0.0025879917184265,11592
Supplementary Figure 1,a,"Wandering albatross, 100 m",n_runs,243,0.0025017253278122,11592
Supplementary Figure 1,a,"Wandering albatross, 100 m",n_runs,244,0.0025017253278122,11592
Supplementary Figure 1,a,"Wandering albatross, 100 m",n_runs,245,0.0025017253278122,11592
Supplementary Figure 1,a,"Wandering albatross, 100 m",n_runs,246,0.0025017253278122,11592
Supplementary Figure 1,a,"Wandering albatross, 100 m",n_runs,247,0.0025017253278122,11592
Supplementary Figure 1,a,"Wandering albatross, 100 m",n_runs,248,0.0025017253278122,11592
Supplementary Figure 1,a,"Wandering albatross, 100 m",n_runs,249,0.002415458937198,11592
Supplementary Figure 1,a,"Wandering albatross, 100 m",n_runs,250,0.002415458937198,11592
Supplementary Figure 1,a,"Wandering albatross, 100 m",n_runs,251,0.002415458937198,11592
Supplementary Figure 1,a,"Wandering albatross, 100 m",n_runs,252,0.002415458937198,11592
Supplementary Figure 1,a,"Wandering albatross, 100 m",n_runs,253,0.002415458937198,11592
Supplementary Figure 1,a,"Wandering albatross, 100 m",n_runs,254,0.002415458937198,11592
Supplementary Figure 1,a,"Wandering albatross, 100 m",n_runs,255,0.002415458937198,11592
Supplementary Figure 1,a,"Wandering albatross, 100 m",n_runs,256,0.0023291925465838,11592
Supplementary Figure 1,a,"Wandering albatross, 100 m",n_runs,257,0.0023291925465838,11592
Supplementary Figure 1,a,"Wandering albatross, 100 m",n_runs,258,0.0023291925465838,11592
Supplementary Figure 1,a,"Wandering albatross, 100 m",n_runs,259,0.0023291925465838,11592
Supplementary Figure 1,a,"Wandering albatross, 100 m",n_runs,260,0.0023291925465838,11592
Supplementary Figure 1,a,"Wandering albatross, 100 m",n_runs,261,0.0022429261559696,11592
Supplementary Figure 1,a,"Wandering albatross, 100 m",n_runs,262,0.0022429261559696,11592
Supplementary Figure 1,a,"Wandering albatross, 100 m",n_runs,263,0.0021566597653554,11592
Supplementary Figure 1,a,"Wandering albatross, 100 m",n_runs,264,0.0020703933747412,11592
Supplementary Figure 1,a,"Wandering albatross, 100 m",n_runs,265,0.0019841269841269,11592
Supplementary Figure 1,a,"Wandering albatross, 100 m",n_runs,266,0.0018978605935127,11592
Supplementary Figure 1,a,"Wandering albatross, 100 m",n_runs,267,0.0018978605935127,11592
Supplementary Figure 1,a,"Wandering albatross, 100 m",n_runs,268,0.0018978605935127,11592
Supplementary Figure 1,a,"Wandering albatross, 100 m",n_runs,269,0.0018978605935127,11592
Supplementary Figure 1,a,"Wandering albatross, 100 m",n_runs,270,0.0018978605935127,11592
Supplementary Figure 1,a,"Wandering albatross, 100 m",n_runs,271,0.0018978605935127,11592
Supplementary Figure 1,a,"Wandering albatross, 100 m",n_runs,272,0.0018115942028985,11592
Supplementary Figure 1,a,"Wandering albatross, 100 m",n_runs,273,0.0018115942028985,11592
Supplementary Figure 1,a,"Wandering albatross, 100 m",n_runs,274,0.0018115942028985,11592
Supplementary Figure 1,a,"Wandering albatross, 100 m",n_runs,275,0.0018115942028985,11592
Supplementary Figure 1,a,"Wandering albatross, 100 m",n_runs,276,0.0018115942028985,11592
Supplementary Figure 1,a,"Wandering albatross, 100 m",n_runs,277,0.0018115942028985,11592
Supplementary Figure 1,a,"Wandering albatross, 100 m",n_runs,278,0.0017253278122843,11592
Supplementary Figure 1,a,"Wandering albatross, 100 m",n_runs,279,0.0016390614216701,11592
Supplementary Figure 1,a,"Wandering albatross, 100 m",n_runs,280,0.0016390614216701,11592
Supplementary Figure 1,a,"Wandering albatross, 100 m",n_runs,281,0.0016390614216701,11592
Supplementary Figure 1,a,"Wandering albatross, 100 m",n_runs,282,0.0016390614216701,11592
Supplementary Figure 1,a,"Wandering albatross, 100 m",n_runs,283,0.0016390614216701,11592
Supplementary Figure 1,a,"Wandering albatross, 100 m",n_runs,284,0.0016390614216701,11592
Supplementary Figure 1,a,"Wandering albatross, 100 m",n_runs,285,0.0016390614216701,11592
Supplementary Figure 1,a,"Wandering albatross, 100 m",n_runs,286,0.0016390614216701,11592
Supplementary Figure 1,a,"Wandering albatross, 100 m",n_runs,287,0.0015527950310559,11592
Supplementary Figure 1,a,"Wandering albatross, 100 m",n_runs,288,0.0015527950310559,11592
Supplementary Figure 1,a,"Wandering albatross, 100 m",n_runs,289,0.0015527950310559,11592
Supplementary Figure 1,a,"Wandering albatross, 100 m",n_runs,290,0.0015527950310559,11592
Supplementary Figure 1,a,"Wandering albatross, 100 m",n_runs,291,0.0015527950310559,11592
Supplementary Figure 1,a,"Wandering albatross, 100 m",n_runs,292,0.0015527950310559,11592
Supplementary Figure 1,a,"Wandering albatross, 100 m",n_runs,293,0.0014665286404416,11592
Supplementary Figure 1,a,"Wandering albatross, 100 m",n_runs,294,0.0014665286404416,11592
Supplementary Figure 1,a,"Wandering albatross, 100 m",n_runs,295,0.0014665286404416,11592
Supplementary Figure 1,a,"Wandering albatross, 100 m",n_runs,296,0.0014665286404416,11592
Supplementary Figure 1,a,"Wandering albatross, 100 m",n_runs,297,0.0014665286404416,11592
Supplementary Figure 1,a,"Wandering albatross, 100 m",n_runs,298,0.0013802622498274,11592
Supplementary Figure 1,a,"Wandering albatross, 100 m",n_runs,299,0.0013802622498274,11592
Supplementary Figure 1,a,"Wandering albatross, 100 m",n_runs,300,0.0013802622498274,11592
Supplementary Figure 1,a,"Wandering albatross, 100 m",n_runs,301,0.0012939958592132,11592
Supplementary Figure 1,a,"Wandering albatross, 100 m",n_runs,302,0.0012939958592132,11592
Supplementary Figure 1,a,"Wandering albatross, 100 m",n_runs,303,0.0012939958592132,11592
Supplementary Figure 1,a,"Wandering albatross, 100 m",n_runs,304,0.001207729468599,11592
Supplementary Figure 1,a,"Wandering albatross, 100 m",n_runs,305,0.001207729468599,11592
Supplementary Figure 1,a,"Wandering albatross, 100 m",n_runs,306,0.001207729468599,11592
Supplementary Figure 1,a,"Wandering albatross, 100 m",n_runs,307,0.0011214630779848,11592
Supplementary Figure 1,a,"Wandering albatross, 100 m",n_runs,308,0.0011214630779848,11592
Supplementary Figure 1,a,"Wandering albatross, 100 m",n_runs,309,0.0011214630779848,11592
Supplementary Figure 1,a,"Wandering albatross, 100 m",n_runs,310,0.0011214630779848,11592
Supplementary Figure 1,a,"Wandering albatross, 100 m",n_runs,311,0.0011214630779848,11592
Supplementary Figure 1,a,"Wandering albatross, 100 m",n_runs,312,0.0011214630779848,11592
Supplementary Figure 1,a,"Wandering albatross, 100 m",n_runs,313,0.0011214630779848,11592
Supplementary Figure 1,a,"Wandering albatross, 100 m",n_runs,314,0.0011214630779848,11592
Supplementary Figure 1,a,"Wandering albatross, 100 m",n_runs,315,0.0011214630779848,11592
Supplementary Figure 1,a,"Wandering albatross, 100 m",n_runs,316,0.0011214630779848,11592
Supplementary Figure 1,a,"Wandering albatross, 100 m",n_runs,317,0.0011214630779848,11592
Supplementary Figure 1,a,"Wandering albatross, 100 m",n_runs,318,0.0011214630779848,11592
Supplementary Figure 1,a,"Wandering albatross, 100 m",n_runs,319,0.0011214630779848,11592
Supplementary Figure 1,a,"Wandering albatross, 100 m",n_runs,320,0.0011214630779848,11592
Supplementary Figure 1,a,"Wandering albatross, 100 m",n_runs,321,0.0009489302967563,11592
Supplementary Figure 1,a,"Wandering albatross, 100 m",n_runs,322,0.0009489302967563,11592
Supplementary Figure 1,a,"Wandering albatross, 100 m",n_runs,323,0.0008626639061421,11592
Supplementary Figure 1,a,"Wandering albatross, 100 m",n_runs,324,0.0008626639061421,11592
Supplementary Figure 1,a,"Wandering albatross, 100 m",n_runs,325,0.0008626639061421,11592
Supplementary Figure 1,a,"Wandering albatross, 100 m",n_runs,326,0.0008626639061421,11592
Supplementary Figure 1,a,"Wandering albatross, 100 m",n_runs,327,0.0008626639061421,11592
Supplementary Figure 1,a,"Wandering albatross, 100 m",n_runs,328,0.0008626639061421,11592
Supplementary Figure 1,a,"Wandering albatross, 100 m",n_runs,329,0.0008626639061421,11592
Supplementary Figure 1,a,"Wandering albatross, 100 m",n_runs,330,0.0008626639061421,11592
Supplementary Figure 1,a,"Wandering albatross, 100 m",n_runs,331,0.0008626639061421,11592
Supplementary Figure 1,a,"Wandering albatross, 100 m",n_runs,332,0.0008626639061421,11592
Supplementary Figure 1,a,"Wandering albatross, 100 m",n_runs,333,0.0008626639061421,11592
Supplementary Figure 1,a,"Wandering albatross, 100 m",n_runs,334,0.0008626639061421,11592
Supplementary Figure 1,a,"Wandering albatross, 100 m",n_runs,335,0.0008626639061421,11592
Supplementary Figure 1,a,"Wandering albatross, 100 m",n_runs,336,0.0008626639061421,11592
Supplementary Figure 1,a,"Wandering albatross, 100 m",n_runs,337,0.0008626639061421,11592
Supplementary Figure 1,a,"Wandering albatross, 100 m",n_runs,338,0.0008626639061421,11592
Supplementary Figure 1,a,"Wandering albatross, 100 m",n_runs,339,0.0008626639061421,11592
Supplementary Figure 1,a,"Wandering albatross, 100 m",n_runs,340,0.0008626639061421,11592
Supplementary Figure 1,a,"Wandering albatross, 100 m",n_runs,341,0.0008626639061421,11592
Supplementary Figure 1,a,"Wandering albatross, 100 m",n_runs,342,0.0007763975155279,11592
Supplementary Figure 1,a,"Wandering albatross, 100 m",n_runs,343,0.0007763975155279,11592
Supplementary Figure 1,a,"Wandering albatross, 100 m",n_runs,344,0.0007763975155279,11592
Supplementary Figure 1,a,"Wandering albatross, 100 m",n_runs,345,0.0007763975155279,11592
Supplementary Figure 1,a,"Wandering albatross, 100 m",n_runs,346,0.0007763975155279,11592
Supplementary Figure 1,a,"Wandering albatross, 100 m",n_runs,347,0.0007763975155279,11592
Supplementary Figure 1,a,"Wandering albatross, 100 m",n_runs,348,0.0007763975155279,11592
Supplementary Figure 1,a,"Wandering albatross, 100 m",n_runs,349,0.0007763975155279,11592
Supplementary Figure 1,a,"Wandering albatross, 100 m",n_runs,350,0.0007763975155279,11592
Supplementary Figure 1,a,"Wandering albatross, 100 m",n_runs,351,0.0006901311249137,11592
Supplementary Figure 1,a,"Wandering albatross, 100 m",n_runs,352,0.0006901311249137,11592
Supplementary Figure 1,a,"Wandering albatross, 100 m",n_runs,353,0.0006901311249137,11592
Supplementary Figure 1,a,"Wandering albatross, 100 m",n_runs,354,0.0006901311249137,11592
Supplementary Figure 1,a,"Wandering albatross, 100 m",n_runs,355,0.0006901311249137,11592
Supplementary Figure 1,a,"Wandering albatross, 100 m",n_runs,356,0.0006901311249137,11592
Supplementary Figure 1,a,"Wandering albatross, 100 m",n_runs,357,0.0006901311249137,11592
Supplementary Figure 1,a,"Wandering albatross, 100 m",n_runs,358,0.0006901311249137,11592
Supplementary Figure 1,a,"Wandering albatross, 100 m",n_runs,359,0.0006901311249137,11592
Supplementary Figure 1,a,"Wandering albatross, 100 m",n_runs,360,0.0006901311249137,11592
Supplementary Figure 1,a,"Wandering albatross, 100 m",n_runs,361,0.0006901311249137,11592
Supplementary Figure 1,a,"Wandering albatross, 100 m",n_runs,362,0.0006901311249137,11592
Supplementary Figure 1,a,"Wandering albatross, 100 m",n_runs,363,0.0006901311249137,11592
Supplementary Figure 1,a,"Wandering albatross, 100 m",n_runs,364,0.0006038647342995,11592
Supplementary Figure 1,a,"Wandering albatross, 100 m",n_runs,365,0.0006038647342995,11592
Supplementary Figure 1,a,"Wandering albatross, 100 m",n_runs,366,0.0006038647342995,11592
Supplementary Figure 1,a,"Wandering albatross, 100 m",n_runs,367,0.0006038647342995,11592
Supplementary Figure 1,a,"Wandering albatross, 100 m",n_runs,368,0.0005175983436853,11592
Supplementary Figure 1,a,"Wandering albatross, 100 m",n_runs,369,0.0005175983436853,11592
Supplementary Figure 1,a,"Wandering albatross, 100 m",n_runs,370,0.0005175983436853,11592
Supplementary Figure 1,a,"Wandering albatross, 100 m",n_runs,371,0.0005175983436853,11592
Supplementary Figure 1,a,"Wandering albatross, 100 m",n_runs,372,0.0005175983436853,11592
Supplementary Figure 1,a,"Wandering albatross, 100 m",n_runs,373,0.0005175983436853,11592
Supplementary Figure 1,a,"Wandering albatross, 100 m",n_runs,374,0.0005175983436853,11592
Supplementary Figure 1,a,"Wandering albatross, 100 m",n_runs,375,0.0005175983436853,11592
Supplementary Figure 1,a,"Wandering albatross, 100 m",n_runs,376,0.0005175983436853,11592
Supplementary Figure 1,a,"Wandering albatross, 100 m",n_runs,377,0.0005175983436853,11592
Supplementary Figure 1,a,"Wandering albatross, 100 m",n_runs,378,0.0005175983436853,11592
Supplementary Figure 1,a,"Wandering albatross, 100 m",n_runs,379,0.0005175983436853,11592
Supplementary Figure 1,a,"Wandering albatross, 100 m",n_runs,380,0.0005175983436853,11592
Supplementary Figure 1,a,"Wandering albatross, 100 m",n_runs,381,0.000431331953071,11592
Supplementary Figure 1,a,"Wandering albatross, 100 m",n_runs,382,0.000431331953071,11592
Supplementary Figure 1,a,"Wandering albatross, 100 m",n_runs,383,0.000431331953071,11592
Supplementary Figure 1,a,"Wandering albatross, 100 m",n_runs,384,0.000431331953071,11592
Supplementary Figure 1,a,"Wandering albatross, 100 m",n_runs,385,0.000431331953071,11592
Supplementary Figure 1,a,"Wandering albatross, 100 m",n_runs,386,0.000431331953071,11592
Supplementary Figure 1,a,"Wandering albatross, 100 m",n_runs,387,0.000431331953071,11592
Supplementary Figure 1,a,"Wandering albatross, 100 m",n_runs,388,0.000431331953071,11592
Supplementary Figure 1,a,"Wandering albatross, 100 m",n_runs,389,0.000431331953071,11592
Supplementary Figure 1,a,"Wandering albatross, 100 m",n_runs,390,0.000431331953071,11592
Supplementary Figure 1,a,"Wandering albatross, 100 m",n_runs,391,0.000431331953071,11592
Supplementary Figure 1,a,"Wandering albatross, 100 m",n_runs,392,0.000431331953071,11592
Supplementary Figure 1,a,"Wandering albatross, 100 m",n_runs,393,0.000431331953071,11592
Supplementary Figure 1,a,"Wandering albatross, 100 m",n_runs,394,0.000431331953071,11592
Supplementary Figure 1,a,"Wandering albatross, 100 m",n_runs,395,0.000431331953071,11592
Supplementary Figure 1,a,"Wandering albatross, 100 m",n_runs,396,0.000431331953071,11592
Supplementary Figure 1,a,"Wandering albatross, 100 m",n_runs,397,0.000431331953071,11592
Supplementary Figure 1,a,"Wandering albatross, 100 m",n_runs,398,0.000431331953071,11592
Supplementary Figure 1,a,"Wandering albatross, 100 m",n_runs,399,0.000431331953071,11592
Supplementary Figure 1,a,"Wandering albatross, 100 m",n_runs,400,0.000431331953071,11592
Supplementary Figure 1,a,"Wandering albatross, 100 m",n_runs,401,0.000431331953071,11592
Supplementary Figure 1,a,"Wandering albatross, 100 m",n_runs,402,0.000431331953071,11592
Supplementary Figure 1,a,"Wandering albatross, 100 m",n_runs,403,0.000431331953071,11592
Supplementary Figure 1,a,"Wandering albatross, 100 m",n_runs,404,0.000431331953071,11592
Supplementary Figure 1,a,"Wandering albatross, 100 m",n_runs,405,0.000431331953071,11592
Supplementary Figure 1,a,"Wandering albatross, 100 m",n_runs,406,0.000431331953071,11592
Supplementary Figure 1,a,"Wandering albatross, 100 m",n_runs,407,0.000431331953071,11592
Supplementary Figure 1,a,"Wandering albatross, 100 m",n_runs,408,0.000431331953071,11592
Supplementary Figure 1,a,"Wandering albatross, 100 m",n_runs,409,0.000431331953071,11592
Supplementary Figure 1,a,"Wandering albatross, 100 m",n_runs,410,0.000431331953071,11592
Supplementary Figure 1,a,"Wandering albatross, 100 m",n_runs,411,0.000431331953071,11592
Supplementary Figure 1,a,"Wandering albatross, 100 m",n_runs,412,0.000431331953071,11592
Supplementary Figure 1,a,"Wandering albatross, 100 m",n_runs,413,0.0003450655624568,11592
Supplementary Figure 1,a,"Wandering albatross, 100 m",n_runs,414,0.0003450655624568,11592
Supplementary Figure 1,a,"Wandering albatross, 100 m",n_runs,415,0.0003450655624568,11592
Supplementary Figure 1,a,"Wandering albatross, 100 m",n_runs,416,0.0003450655624568,11592
Supplementary Figure 1,a,"Wandering albatross, 100 m",n_runs,417,0.0003450655624568,11592
Supplementary Figure 1,a,"Wandering albatross, 100 m",n_runs,418,0.0003450655624568,11592
Supplementary Figure 1,a,"Wandering albatross, 100 m",n_runs,419,0.0003450655624568,11592
Supplementary Figure 1,a,"Wandering albatross, 100 m",n_runs,420,0.0003450655624568,11592
Supplementary Figure 1,a,"Wandering albatross, 100 m",n_runs,421,0.0003450655624568,11592
Supplementary Figure 1,a,"Wandering albatross, 100 m",n_runs,422,0.0003450655624568,11592
Supplementary Figure 1,a,"Wandering albatross, 100 m",n_runs,423,0.0003450655624568,11592
Supplementary Figure 1,a,"Wandering albatross, 100 m",n_runs,424,0.0003450655624568,11592
Supplementary Figure 1,a,"Wandering albatross, 100 m",n_runs,425,0.0003450655624568,11592
Supplementary Figure 1,a,"Wandering albatross, 100 m",n_runs,426,0.0003450655624568,11592
Supplementary Figure 1,a,"Wandering albatross, 100 m",n_runs,427,0.0003450655624568,11592
Supplementary Figure 1,a,"Wandering albatross, 100 m",n_runs,428,0.0003450655624568,11592
Supplementary Figure 1,a,"Wandering albatross, 100 m",n_runs,429,0.0003450655624568,11592
Supplementary Figure 1,a,"Wandering albatross, 100 m",n_runs,430,0.0003450655624568,11592
Supplementary Figure 1,a,"Wandering albatross, 100 m",n_runs,431,0.0003450655624568,11592
Supplementary Figure 1,a,"Wandering albatross, 100 m",n_runs,432,0.0003450655624568,11592
Supplementary Figure 1,a,"Wandering albatross, 100 m",n_runs,433,0.0003450655624568,11592
Supplementary Figure 1,a,"Wandering albatross, 100 m",n_runs,434,0.0003450655624568,11592
Supplementary Figure 1,a,"Wandering albatross, 100 m",n_runs,435,0.0003450655624568,11592
Supplementary Figure 1,a,"Wandering albatross, 100 m",n_runs,436,0.0003450655624568,11592
Supplementary Figure 1,a,"Wandering albatross, 100 m",n_runs,437,0.0003450655624568,11592
Supplementary Figure 1,a,"Wandering albatross, 100 m",n_runs,438,0.0003450655624568,11592
Supplementary Figure 1,a,"Wandering albatross, 100 m",n_runs,439,0.0003450655624568,11592
Supplementary Figure 1,a,"Wandering albatross, 100 m",n_runs,440,0.0002587991718426,11592
Supplementary Figure 1,a,"Wandering albatross, 100 m",n_runs,441,0.0002587991718426,11592
Supplementary Figure 1,a,"Wandering albatross, 100 m",n_runs,442,0.0002587991718426,11592
Supplementary Figure 1,a,"Wandering albatross, 100 m",n_runs,443,0.0002587991718426,11592
Supplementary Figure 1,a,"Wandering albatross, 100 m",n_runs,444,0.0002587991718426,11592
Supplementary Figure 1,a,"Wandering albatross, 100 m",n_runs,445,0.0002587991718426,11592
Supplementary Figure 1,a,"Wandering albatross, 100 m",n_runs,446,0.0001725327812284,11592
Supplementary Figure 1,a,"Wandering albatross, 100 m",n_runs,447,0.0001725327812284,11592
Supplementary Figure 1,a,"Wandering albatross, 100 m",n_runs,448,0.0001725327812284,11592
Supplementary Figure 1,a,"Wandering albatross, 100 m",n_runs,449,0.0001725327812284,11592
Supplementary Figure 1,a,"Wandering albatross, 100 m",n_runs,450,0.0001725327812284,11592
Supplementary Figure 1,a,"Wandering albatross, 100 m",n_runs,451,0.0001725327812284,11592
Supplementary Figure 1,a,"Wandering albatross, 100 m",n_runs,452,0.0001725327812284,11592
Supplementary Figure 1,a,"Wandering albatross, 100 m",n_runs,453,0.0001725327812284,11592
Supplementary Figure 1,a,"Wandering albatross, 100 m",n_runs,454,0.0001725327812284,11592
Supplementary Figure 1,a,"Wandering albatross, 100 m",n_runs,455,0.0001725327812284,11592
Supplementary Figure 1,a,"Wandering albatross, 100 m",n_runs,456,0.0001725327812284,11592
Supplementary Figure 1,a,"Wandering albatross, 100 m",n_runs,457,0.0001725327812284,11592
Supplementary Figure 1,a,"Wandering albatross, 100 m",n_runs,458,0.0001725327812284,11592
Supplementary Figure 1,a,"Wandering albatross, 100 m",n_runs,459,0.0001725327812284,11592
Supplementary Figure 1,a,"Wandering albatross, 100 m",n_runs,460,0.0001725327812284,11592
Supplementary Figure 1,a,"Wandering albatross, 100 m",n_runs,461,0.0001725327812284,11592
Supplementary Figure 1,a,"Wandering albatross, 100 m",n_runs,462,0.0001725327812284,11592
Supplementary Figure 1,a,"Wandering albatross, 100 m",n_runs,463,0.0001725327812284,11592
Supplementary Figure 1,a,"Wandering albatross, 100 m",n_runs,464,0.0001725327812284,11592
Supplementary Figure 1,a,"Wandering albatross, 100 m",n_runs,465,0.0001725327812284,11592
Supplementary Figure 1,a,"Wandering albatross, 100 m",n_runs,466,0.0001725327812284,11592
Supplementary Figure 1,a,"Wandering albatross, 100 m",n_runs,467,0.0001725327812284,11592
Supplementary Figure 1,a,"Wandering albatross, 100 m",n_runs,468,0.0001725327812284,11592
Supplementary Figure 1,a,"Wandering albatross, 100 m",n_runs,469,0.0001725327812284,11592
Supplementary Figure 1,a,"Wandering albatross, 100 m",n_runs,470,0.0001725327812284,11592
Supplementary Figure 1,a,"Wandering albatross, 100 m",n_runs,471,0.0001725327812284,11592
Supplementary Figure 1,a,"Wandering albatross, 100 m",n_runs,472,0.0001725327812284,11592
Supplementary Figure 1,a,"Wandering albatross, 100 m",n_runs,473,0.0001725327812284,11592
Supplementary Figure 1,a,"Wandering albatross, 100 m",n_runs,474,8.62663906142167e-05,11592
Supplementary Figure 1,a,"Wandering albatross, 100 m",n_runs,475,8.62663906142167e-05,11592
Supplementary Figure 1,a,"Wandering albatross, 100 m",n_runs,476,8.62663906142167e-05,11592
Supplementary Figure 1,a,"Wandering albatross, 100 m",n_runs,477,8.62663906142167e-05,11592
Supplementary Figure 1,a,"Wandering albatross, 100 m",n_runs,478,8.62663906142167e-05,11592
Supplementary Figure 1,a,"Wandering albatross, 100 m",n_runs,479,8.62663906142167e-05,11592
Supplementary Figure 1,a,"Wandering albatross, 100 m",n_runs,480,8.62663906142167e-05,11592
Supplementary Figure 1,a,"Wandering albatross, 100 m",n_runs,481,8.62663906142167e-05,11592
Supplementary Figure 1,a,"Wandering albatross, 100 m",n_runs,482,8.62663906142167e-05,11592
Supplementary Figure 1,a,"Wandering albatross, 100 m",n_runs,483,8.62663906142167e-05,11592
Supplementary Figure 1,a,"Wandering albatross, 100 m",n_runs,484,8.62663906142167e-05,11592
Supplementary Figure 1,a,"Wandering albatross, 100 m",n_runs,485,8.62663906142167e-05,11592
Supplementary Figure 1,a,"Wandering albatross, 100 m",n_runs,486,8.62663906142167e-05,11592
Supplementary Figure 1,a,"Wandering albatross, 100 m",n_runs,487,8.62663906142167e-05,11592
Supplementary Figure 1,a,"Wandering albatross, 100 m",n_runs,488,8.62663906142167e-05,11592
Supplementary Figure 1,a,"Wandering albatross, 100 m",n_runs,489,8.62663906142167e-05,11592
Supplementary Figure 1,a,"Wandering albatross, 100 m",n_runs,490,8.62663906142167e-05,11592
Supplementary Figure 1,a,"Wandering albatross, 100 m",n_runs,491,8.62663906142167e-05,11592
Supplementary Figure 1,a,"Wandering albatross, 100 m",n_runs,492,8.62663906142167e-05,11592
Supplementary Figure 1,a,"Wandering albatross, 100 m",n_runs,493,8.62663906142167e-05,11592
Supplementary Figure 1,a,"Wandering albatross, 100 m",n_runs,494,8.62663906142167e-05,11592
Supplementary Figure 1,a,"Wandering albatross, 100 m",n_runs,495,8.62663906142167e-05,11592
Supplementary Figure 1,a,"Wandering albatross, 100 m",n_runs,496,8.62663906142167e-05,11592
Supplementary Figure 1,a,"Wandering albatross, 100 m",n_runs,497,8.62663906142167e-05,11592
Supplementary Figure 1,a,"Wandering albatross, 100 m",n_runs,498,8.62663906142167e-05,11592
Supplementary Figure 1,a,"Wandering albatross, 100 m",n_runs,499,8.62663906142167e-05,11592
Supplementary Figure 1,a,"Wandering albatross, 100 m",n_runs,500,8.62663906142167e-05,11592
Supplementary Figure 1,a,"Wandering albatross, 100 m",n_runs,501,8.62663906142167e-05,11592
Supplementary Figure 1,a,"Wandering albatross, 100 m",n_runs,502,8.62663906142167e-05,11592
Supplementary Figure 1,a,"Wandering albatross, 100 m",n_runs,503,8.62663906142167e-05,11592
Supplementary Figure 1,a,"Wandering albatross, 100 m",n_runs,504,8.62663906142167e-05,11592
Supplementary Figure 1,a,"Wandering albatross, 100 m",n_runs,505,8.62663906142167e-05,11592
Supplementary Figure 1,a,"Wandering albatross, 100 m",n_runs,506,8.62663906142167e-05,11592
Supplementary Figure 1,a,"Wandering albatross, 100 m",n_runs,507,8.62663906142167e-05,11592
Supplementary Figure 1,a,"Wandering albatross, 100 m",n_runs,508,8.62663906142167e-05,11592
Supplementary Figure 1,a,"Wandering albatross, 100 m",n_runs,509,8.62663906142167e-05,11592
Supplementary Figure 1,a,"Wandering albatross, 100 m",n_runs,510,8.62663906142167e-05,11592
Supplementary Figure 1,a,"Wandering albatross, 100 m",n_runs,511,8.62663906142167e-05,11592
Supplementary Figure 1,a,"Wandering albatross, 100 m",n_runs,512,8.62663906142167e-05,11592
Supplementary Figure 1,a,"Wandering albatross, 100 m",n_runs,513,8.62663906142167e-05,11592
Supplementary Figure 1,a,"Wandering albatross, 100 m",n_runs,514,8.62663906142167e-05,11592
Supplementary Figure 1,a,"Wandering albatross, 100 m",n_runs,515,8.62663906142167e-05,11592
Supplementary Figure 1,a,"Wandering albatross, 100 m",n_runs,516,8.62663906142167e-05,11592
Supplementary Figure 1,a,"Wandering albatross, 100 m",n_runs,517,8.62663906142167e-05,11592
Supplementary Figure 1,a,"Wandering albatross, 100 m",n_runs,518,8.62663906142167e-05,11592
Supplementary Figure 1,a,"Wandering albatross, 100 m",n_runs,519,8.62663906142167e-05,11592
Supplementary Figure 1,a,"Wandering albatross, 100 m",n_runs,520,8.62663906142167e-05,11592
Supplementary Figure 1,a,"Wandering albatross, 100 m",n_runs,521,8.62663906142167e-05,11592
Supplementary Figure 1,a,"Wandering albatross, 100 m",n_runs,522,8.62663906142167e-05,11592
Supplementary Figure 1,a,"Wandering albatross, 100 m",n_runs,523,8.62663906142167e-05,11592
Supplementary Figure 1,a,"Wandering albatross, 100 m",n_runs,524,8.62663906142167e-05,11592
Supplementary Figure 1,a,"Wandering albatross, 100 m",n_runs,525,8.62663906142167e-05,11592
Supplementary Figure 1,a,"Wandering albatross, 100 m",n_runs,526,8.62663906142167e-05,11592
Supplementary Figure 1,a,"Wandering albatross, 100 m",n_runs,527,8.62663906142167e-05,11592
Supplementary Figure 1,a,"Wandering albatross, 100 m",n_runs,528,8.62663906142167e-05,11592
Supplementary Figure 1,a,"Wandering albatross, 100 m",n_runs,529,8.62663906142167e-05,11592
Supplementary Figure 1,a,"Wandering albatross, 100 m",n_runs,530,8.62663906142167e-05,11592
Supplementary Figure 1,a,"Wandering albatross, 100 m",n_runs,531,8.62663906142167e-05,11592
Supplementary Figure 1,a,"Wandering albatross, 100 m",n_runs,532,8.62663906142167e-05,11592
Supplementary Figure 1,a,"Wandering albatross, 100 m",n_runs,533,8.62663906142167e-05,11592
Supplementary Figure 1,a,"Wandering albatross, 100 m",n_runs,534,8.62663906142167e-05,11592
Supplementary Figure 1,a,"Wandering albatross, 100 m",n_runs,535,8.62663906142167e-05,11592
Supplementary Figure 1,a,"Wandering albatross, 100 m",n_runs,536,8.62663906142167e-05,11592
Supplementary Figure 1,a,"Wandering albatross, 100 m",n_runs,537,8.62663906142167e-05,11592
Supplementary Figure 1,a,"Wandering albatross, 100 m",n_runs,538,8.62663906142167e-05,11592
Supplementary Figure 1,a,"Wandering albatross, 100 m",n_runs,539,8.62663906142167e-05,11592
Supplementary Figure 1,a,"Wandering albatross, 100 m",n_runs,540,8.62663906142167e-05,11592
Supplementary Figure 1,a,"Wandering albatross, 100 m",n_runs,541,8.62663906142167e-05,11592
Supplementary Figure 1,a,"Wandering albatross, 100 m",n_runs,542,8.62663906142167e-05,11592
Supplementary Figure 1,a,"Wandering albatross, 100 m",n_runs,543,8.62663906142167e-05,11592
Supplementary Figure 1,a,"Wandering albatross, 100 m",n_runs,544,8.62663906142167e-05,11592
Supplementary Figure 1,a,"Wandering albatross, 100 m",n_runs,545,8.62663906142167e-05,11592
Supplementary Figure 1,a,"Wandering albatross, 100 m",n_runs,546,8.62663906142167e-05,11592
Supplementary Figure 1,a,"Wandering albatross, 100 m",n_runs,547,8.62663906142167e-05,11592
Supplementary Figure 1,a,"Wandering albatross, 100 m",n_runs,548,8.62663906142167e-05,11592
Supplementary Figure 1,a,"Wandering albatross, 100 m",n_runs,549,8.62663906142167e-05,11592
Supplementary Figure 1,a,"Wandering albatross, 100 m",n_runs,550,8.62663906142167e-05,11592
Supplementary Figure 1,a,"Wandering albatross, 100 m",n_runs,551,8.62663906142167e-05,11592
Supplementary Figure 1,a,"Wandering albatross, 100 m",n_runs,552,8.62663906142167e-05,11592
Supplementary Figure 1,a,"Wandering albatross, 100 m",n_runs,553,8.62663906142167e-05,11592
Supplementary Figure 1,a,"Wandering albatross, 100 m",n_runs,554,8.62663906142167e-05,11592
Supplementary Figure 1,a,"Wandering albatross, 100 m",n_runs,555,8.62663906142167e-05,11592
Supplementary Figure 1,a,"Wandering albatross, 100 m",n_runs,556,8.62663906142167e-05,11592
Supplementary Figure 1,a,"Wandering albatross, 100 m",n_runs,557,8.62663906142167e-05,11592
Supplementary Figure 1,a,"Wandering albatross, 100 m",n_runs,558,8.62663906142167e-05,11592
Supplementary Figure 1,a,"Wandering albatross, 100 m",n_runs,559,8.62663906142167e-05,11592
Supplementary Figure 1,a,"Wandering albatross, 100 m",n_runs,560,8.62663906142167e-05,11592
Supplementary Figure 1,a,"Wandering albatross, 100 m",n_runs,561,8.62663906142167e-05,11592
Supplementary Figure 1,a,"Wandering albatross, 100 m",n_runs,562,8.62663906142167e-05,11592
Supplementary Figure 1,a,"Wandering albatross, 100 m",n_runs,563,8.62663906142167e-05,11592
Supplementary Figure 1,a,"Wandering albatross, 100 m",n_runs,564,8.62663906142167e-05,11592
Supplementary Figure 1,a,"Wandering albatross, 100 m",n_runs,565,8.62663906142167e-05,11592
Supplementary Figure 1,a,"Wandering albatross, 100 m",n_runs,566,8.62663906142167e-05,11592
Supplementary Figure 1,a,"Wandering albatross, 100 m",n_runs,567,8.62663906142167e-05,11592
Supplementary Figure 1,a,"Wandering albatross, 100 m",n_runs,568,8.62663906142167e-05,11592
Supplementary Figure 1,a,"Wandering albatross, 100 m",n_runs,569,8.62663906142167e-05,11592
Supplementary Figure 1,a,"Wandering albatross, 100 m",n_runs,570,8.62663906142167e-05,11592
Supplementary Figure 1,a,"Wandering albatross, 100 m",n_runs,571,8.62663906142167e-05,11592
Supplementary Figure 1,a,"Wandering albatross, 100 m",n_runs,572,8.62663906142167e-05,11592
Supplementary Figure 1,a,"Wandering albatross, 100 m",n_runs,573,8.62663906142167e-05,11592
Supplementary Figure 1,a,"Wandering albatross, 100 m",n_runs,574,8.62663906142167e-05,11592
Supplementary Figure 1,a,"Wandering albatross, 100 m",n_runs,575,8.62663906142167e-05,11592
Supplementary Figure 1,a,"Wandering albatross, 100 m",n_runs,576,8.62663906142167e-05,11592
Supplementary Figure 1,a,"Wandering albatross, 100 m",n_runs,577,8.62663906142167e-05,11592
Supplementary Figure 1,a,"Wandering albatross, 100 m",n_runs,578,8.62663906142167e-05,11592
Supplementary Figure 1,a,"Wandering albatross, 100 m",n_runs,579,8.62663906142167e-05,11592
Supplementary Figure 1,a,"Wandering albatross, 100 m",n_runs,580,8.62663906142167e-05,11592
Supplementary Figure 1,a,"Wandering albatross, 100 m",n_runs,581,8.62663906142167e-05,11592
Supplementary Figure 1,a,"Wandering albatross, 100 m",n_runs,582,8.62663906142167e-05,11592
Supplementary Figure 1,a,"Wandering albatross, 100 m",n_runs,583,8.62663906142167e-05,11592
Supplementary Figure 1,a,"Wandering albatross, 100 m",n_runs,584,8.62663906142167e-05,11592
Supplementary Figure 1,a,"Wandering albatross, 100 m",n_runs,585,8.62663906142167e-05,11592
Supplementary Figure 1,a,"Wandering albatross, 100 m",n_runs,586,8.62663906142167e-05,11592
Supplementary Figure 1,a,"Wandering albatross, 100 m",n_runs,587,8.62663906142167e-05,11592
Supplementary Figure 1,a,"Wandering albatross, 100 m",n_runs,588,8.62663906142167e-05,11592
Supplementary Figure 1,a,"Wandering albatross, 100 m",n_runs,589,8.62663906142167e-05,11592
Supplementary Figure 1,a,"Wandering albatross, 100 m",n_runs,590,8.62663906142167e-05,11592
Supplementary Figure 1,a,"Wandering albatross, 100 m",n_runs,591,8.62663906142167e-05,11592
Supplementary Figure 1,a,"Wandering albatross, 100 m",n_runs,592,8.62663906142167e-05,11592
Supplementary Figure 1,a,"Wandering albatross, 100 m",n_runs,593,8.62663906142167e-05,11592
Supplementary Figure 1,a,"Wandering albatross, 100 m",n_runs,594,8.62663906142167e-05,11592
Supplementary Figure 1,a,"Wandering albatross, 100 m",n_runs,595,8.62663906142167e-05,11592
Supplementary Figure 1,a,"Wandering albatross, 100 m",n_runs,596,8.62663906142167e-05,11592
Supplementary Figure 1,a,"Wandering albatross, 100 m",n_runs,597,8.62663906142167e-05,11592
Supplementary Figure 1,a,"Wandering albatross, 100 m",n_runs,598,8.62663906142167e-05,11592
Supplementary Figure 1,a,"Wandering albatross, 100 m",n_runs,599,8.62663906142167e-05,11592
Supplementary Figure 1,a,"Wandering albatross, 100 m",n_runs,600,8.62663906142167e-05,11592
Supplementary Figure 1,a,"Wandering albatross, 100 m",n_runs,601,8.62663906142167e-05,11592
Supplementary Figure 1,a,"Wandering albatross, 100 m",n_runs,602,8.62663906142167e-05,11592
Supplementary Figure 1,a,"Wandering albatross, 100 m",n_runs,603,8.62663906142167e-05,11592
Supplementary Figure 1,a,"Wandering albatross, 100 m",n_runs,604,8.62663906142167e-05,11592
Supplementary Figure 1,a,"Wandering albatross, 100 m",n_runs,605,8.62663906142167e-05,11592
Supplementary Figure 1,a,"Wandering albatross, 100 m",n_runs,606,8.62663906142167e-05,11592
Supplementary Figure 1,a,"Wandering albatross, 100 m",n_runs,607,8.62663906142167e-05,11592
Supplementary Figure 1,a,"Wandering albatross, 100 m",n_runs,608,8.62663906142167e-05,11592
Supplementary Figure 1,a,"Wandering albatross, 100 m",n_runs,609,8.62663906142167e-05,11592
Supplementary Figure 1,a,"Wandering albatross, 100 m",n_runs,610,8.62663906142167e-05,11592
Supplementary Figure 1,a,"Wandering albatross, 100 m",n_runs,611,8.62663906142167e-05,11592
Supplementary Figure 1,a,"Wandering albatross, 100 m",n_runs,612,8.62663906142167e-05,11592
Supplementary Figure 1,a,"Wandering albatross, 100 m",n_runs,613,8.62663906142167e-05,11592
Supplementary Figure 1,a,"Wandering albatross, 100 m",n_runs,614,8.62663906142167e-05,11592
Supplementary Figure 1,a,"Wandering albatross, 100 m",n_runs,615,8.62663906142167e-05,11592
Supplementary Figure 1,a,"Wandering albatross, 100 m",n_runs,616,8.62663906142167e-05,11592
Supplementary Figure 1,a,"Wandering albatross, 100 m",n_runs,617,8.62663906142167e-05,11592
Supplementary Figure 1,a,"Wandering albatross, 100 m",n_runs,618,8.62663906142167e-05,11592
Supplementary Figure 1,a,"Wandering albatross, 100 m",n_runs,619,8.62663906142167e-05,11592
Supplementary Figure 1,a,"Wandering albatross, 100 m",n_runs,620,8.62663906142167e-05,11592
Supplementary Figure 1,a,"Wandering albatross, 100 m",n_runs,621,8.62663906142167e-05,11592
Supplementary Figure 1,a,"Wandering albatross, 100 m",n_runs,622,8.62663906142167e-05,11592
Supplementary Figure 1,a,"Wandering albatross, 100 m",n_runs,623,8.62663906142167e-05,11592
Supplementary Figure 1,a,"Wandering albatross, 100 m",n_runs,624,8.62663906142167e-05,11592
Supplementary Figure 1,a,"Wandering albatross, 100 m",n_runs,625,8.62663906142167e-05,11592
Supplementary Figure 1,a,"Wandering albatross, 100 m",n_runs,626,8.62663906142167e-05,11592
Supplementary Figure 1,a,"Wandering albatross, 100 m",n_runs,627,8.62663906142167e-05,11592
Supplementary Figure 1,a,"Wandering albatross, 100 m",n_runs,628,8.62663906142167e-05,11592
Supplementary Figure 1,a,"Wandering albatross, 100 m",n_runs,629,8.62663906142167e-05,11592
Supplementary Figure 1,a,"Wandering albatross, 100 m",n_runs,630,8.62663906142167e-05,11592
Supplementary Figure 1,a,"Wandering albatross, 100 m",n_runs,631,8.62663906142167e-05,11592
Supplementary Figure 1,a,"Wandering albatross, 100 m",n_runs,632,8.62663906142167e-05,11592
Supplementary Figure 1,a,"Wandering albatross, 100 m",n_runs,633,8.62663906142167e-05,11592
Supplementary Figure 1,a,"Wandering albatross, 100 m",n_runs,634,8.62663906142167e-05,11592
Supplementary Figure 1,a,"Wandering albatross, 100 m",n_runs,635,8.62663906142167e-05,11592
Supplementary Figure 1,a,"Wandering albatross, 100 m",n_runs,636,8.62663906142167e-05,11592
Supplementary Figure 1,a,"Wandering albatross, 100 m",n_runs,637,8.62663906142167e-05,11592
Supplementary Figure 1,a,"Wandering albatross, 100 m",n_runs,638,8.62663906142167e-05,11592
Supplementary Figure 1,a,"Wandering albatross, 100 m",n_runs,639,8.62663906142167e-05,11592
Supplementary Figure 1,a,"Wandering albatross, 100 m",n_runs,640,8.62663906142167e-05,11592
Supplementary Figure 1,a,"Wandering albatross, 100 m",n_runs,641,8.62663906142167e-05,11592
Supplementary Figure 1,a,"Wandering albatross, 100 m",n_runs,642,8.62663906142167e-05,11592
Supplementary Figure 1,a,"Wandering albatross, 100 m",n_runs,643,8.62663906142167e-05,11592
Supplementary Figure 1,a,"Wandering albatross, 100 m",n_runs,644,8.62663906142167e-05,11592
Supplementary Figure 1,a,"Wandering albatross, 100 m",n_runs,645,8.62663906142167e-05,11592
Supplementary Figure 1,a,"Wandering albatross, 100 m",n_runs,646,8.62663906142167e-05,11592
Supplementary Figure 1,a,"Wandering albatross, 100 m",n_runs,647,8.62663906142167e-05,11592
Supplementary Figure 1,a,"Wandering albatross, 100 m",n_runs,648,8.62663906142167e-05,11592
Supplementary Figure 1,a,"Wandering albatross, 100 m",n_runs,649,8.62663906142167e-05,11592
Supplementary Figure 1,a,"Wandering albatross, 100 m",n_runs,650,8.62663906142167e-05,11592
Supplementary Figure 1,a,"Wandering albatross, 100 m",n_runs,651,8.62663906142167e-05,11592
Supplementary Figure 1,a,"Wandering albatross, 100 m",n_runs,652,8.62663906142167e-05,11592
Supplementary Figure 1,a,"Wandering albatross, 100 m",n_runs,653,8.62663906142167e-05,11592
Supplementary Figure 1,a,"Wandering albatross, 100 m",n_runs,654,8.62663906142167e-05,11592
Supplementary Figure 1,a,"Wandering albatross, 100 m",n_runs,655,8.62663906142167e-05,11592
Supplementary Figure 1,a,"Wandering albatross, 100 m",n_runs,656,8.62663906142167e-05,11592
Supplementary Figure 1,a,"Wandering albatross, 100 m",n_runs,657,8.62663906142167e-05,11592
Supplementary Figure 1,a,"Wandering albatross, 100 m",n_runs,658,8.62663906142167e-05,11592
Supplementary Figure 1,a,"Wandering albatross, 100 m",n_runs,659,8.62663906142167e-05,11592
Supplementary Figure 1,a,"Wandering albatross, 100 m",n_runs,660,8.62663906142167e-05,11592
Supplementary Figure 1,a,"Wandering albatross, 100 m",n_runs,661,8.62663906142167e-05,11592
Supplementary Figure 1,a,"Wandering albatross, 100 m",n_runs,662,8.62663906142167e-05,11592
Supplementary Figure 1,a,"Wandering albatross, 100 m",n_runs,663,8.62663906142167e-05,11592
Supplementary Figure 1,a,"Wandering albatross, 100 m",n_runs,664,8.62663906142167e-05,11592
Supplementary Figure 1,a,"Wandering albatross, 100 m",n_runs,665,8.62663906142167e-05,11592
Supplementary Figure 1,a,"Wandering albatross, 100 m",n_runs,666,8.62663906142167e-05,11592
Supplementary Figure 1,a,"Wandering albatross, 100 m",n_runs,667,8.62663906142167e-05,11592
Supplementary Figure 1,a,"Wandering albatross, 100 m",n_runs,668,8.62663906142167e-05,11592
Supplementary Figure 1,a,"Wandering albatross, 100 m",n_runs,669,8.62663906142167e-05,11592
Supplementary Figure 1,a,"Wandering albatross, 100 m",n_runs,670,8.62663906142167e-05,11592
Supplementary Figure 1,a,"Wandering albatross, 100 m",n_runs,671,8.62663906142167e-05,11592
Supplementary Figure 1,a,"Wandering albatross, 100 m",n_runs,672,8.62663906142167e-05,11592
Supplementary Figure 1,a,"Wandering albatross, 100 m",n_runs,673,8.62663906142167e-05,11592
Supplementary Figure 1,a,"Wandering albatross, 100 m",n_runs,674,8.62663906142167e-05,11592
Supplementary Figure 1,a,"Wandering albatross, 100 m",n_runs,675,8.62663906142167e-05,11592
Supplementary Figure 1,a,"Wandering albatross, 100 m",n_runs,676,8.62663906142167e-05,11592
Supplementary Figure 1,a,"Wandering albatross, 100 m",n_runs,677,8.62663906142167e-05,11592
Supplementary Figure 1,a,"Wandering albatross, 100 m",n_runs,678,8.62663906142167e-05,11592
Supplementary Figure 1,a,"Wandering albatross, 100 m",n_runs,679,8.62663906142167e-05,11592
Supplementary Figure 1,a,"Wandering albatross, 100 m",n_runs,680,8.62663906142167e-05,11592
Supplementary Figure 1,a,"Wandering albatross, 100 m",n_runs,681,8.62663906142167e-05,11592
Supplementary Figure 1,a,"Wandering albatross, 100 m",n_runs,682,8.62663906142167e-05,11592
Supplementary Figure 1,a,"Wandering albatross, 100 m",n_runs,683,8.62663906142167e-05,11592
Supplementary Figure 1,a,"Wandering albatross, 100 m",n_runs,684,8.62663906142167e-05,11592
Supplementary Figure 1,a,"Wandering albatross, 100 m",n_runs,685,8.62663906142167e-05,11592
Supplementary Figure 1,a,"Wandering albatross, 100 m",n_runs,686,8.62663906142167e-05,11592
Supplementary Figure 1,a,"Wandering albatross, 100 m",n_runs,687,8.62663906142167e-05,11592
Supplementary Figure 1,a,"Wandering albatross, 100 m",n_runs,688,8.62663906142167e-05,11592
Supplementary Figure 1,a,"Wandering albatross, 100 m",n_runs,689,8.62663906142167e-05,11592
Supplementary Figure 1,a,"Wandering albatross, 100 m",n_runs,690,8.62663906142167e-05,11592
Supplementary Figure 1,a,"Wandering albatross, 100 m",n_runs,691,8.62663906142167e-05,11592
Supplementary Figure 1,a,"Wandering albatross, 100 m",n_runs,692,8.62663906142167e-05,11592
Supplementary Figure 1,a,"Wandering albatross, 100 m",n_runs,693,8.62663906142167e-05,11592
Supplementary Figure 1,a,"Wandering albatross, 100 m",n_runs,694,8.62663906142167e-05,11592
Supplementary Figure 1,a,"Wandering albatross, 100 m",n_runs,695,8.62663906142167e-05,11592
Supplementary Figure 1,a,"Wandering albatross, 100 m",n_runs,696,8.62663906142167e-05,11592
Supplementary Figure 1,a,"Wandering albatross, 100 m",n_runs,697,8.62663906142167e-05,11592
Supplementary Figure 1,a,"Wandering albatross, 100 m",n_runs,698,8.62663906142167e-05,11592
Supplementary Figure 1,a,"Wandering albatross, 100 m",n_runs,699,8.62663906142167e-05,11592
Supplementary Figure 1,a,"Wandering albatross, 100 m",n_runs,700,8.62663906142167e-05,11592
Supplementary Figure 1,a,"Wandering albatross, 100 m",n_runs,701,8.62663906142167e-05,11592
Supplementary Figure 1,a,"Wandering albatross, 100 m",n_runs,702,8.62663906142167e-05,11592
Supplementary Figure 1,a,"Wandering albatross, 100 m",n_runs,703,8.62663906142167e-05,11592
Supplementary Figure 1,a,"Wandering albatross, 100 m",n_runs,704,8.62663906142167e-05,11592
Supplementary Figure 1,a,"Wandering albatross, 100 m",n_runs,705,8.62663906142167e-05,11592
Supplementary Figure 1,a,"Wandering albatross, 100 m",n_runs,706,8.62663906142167e-05,11592
Supplementary Figure 1,b,"Wandering albatross, 100 m",n_record_runs,2,1.0,11592
Supplementary Figure 1,b,"Wandering albatross, 100 m",n_record_runs,3,0.9359903381642511,11592
Supplementary Figure 1,b,"Wandering albatross, 100 m",n_record_runs,4,0.7466356107660456,11592
Supplementary Figure 1,b,"Wandering albatross, 100 m",n_record_runs,5,0.6280193236714976,11592
Supplementary Figure 1,b,"Wandering albatross, 100 m",n_record_runs,6,0.5448585231193926,11592
Supplementary Figure 1,b,"Wandering albatross, 100 m",n_record_runs,7,0.4851621808143547,11592
Supplementary Figure 1,b,"Wandering albatross, 100 m",n_record_runs,8,0.4359903381642512,11592
Supplementary Figure 1,b,"Wandering albatross, 100 m",n_record_runs,9,0.3932022084195997,11592
Supplementary Figure 1,b,"Wandering albatross, 100 m",n_record_runs,10,0.3624051069703243,11592
Supplementary Figure 1,b,"Wandering albatross, 100 m",n_record_runs,11,0.3371290545203588,11592
Supplementary Figure 1,b,"Wandering albatross, 100 m",n_record_runs,12,0.3115942028985507,11592
Supplementary Figure 1,b,"Wandering albatross, 100 m",n_record_runs,13,0.2919254658385093,11592
Supplementary Figure 1,b,"Wandering albatross, 100 m",n_record_runs,14,0.2742408557625949,11592
Supplementary Figure 1,b,"Wandering albatross, 100 m",n_record_runs,15,0.2561249137336094,11592
Supplementary Figure 1,b,"Wandering albatross, 100 m",n_record_runs,16,0.2399930986887508,11592
Supplementary Figure 1,b,"Wandering albatross, 100 m",n_record_runs,17,0.2272256728778467,11592
Supplementary Figure 1,b,"Wandering albatross, 100 m",n_record_runs,18,0.2139406487232574,11592
Supplementary Figure 1,b,"Wandering albatross, 100 m",n_record_runs,19,0.2033298826777087,11592
Supplementary Figure 1,b,"Wandering albatross, 100 m",n_record_runs,20,0.1928916494133885,11592
Supplementary Figure 1,b,"Wandering albatross, 100 m",n_record_runs,21,0.1834886128364389,11592
Supplementary Figure 1,b,"Wandering albatross, 100 m",n_record_runs,22,0.1752933057280883,11592
Supplementary Figure 1,b,"Wandering albatross, 100 m",n_record_runs,23,0.1667529330572809,11592
Supplementary Figure 1,b,"Wandering albatross, 100 m",n_record_runs,24,0.1582988267770876,11592
Supplementary Figure 1,b,"Wandering albatross, 100 m",n_record_runs,25,0.1516563146997929,11592
Supplementary Figure 1,b,"Wandering albatross, 100 m",n_record_runs,26,0.1440648723257419,11592
Supplementary Figure 1,b,"Wandering albatross, 100 m",n_record_runs,27,0.1380262249827467,11592
Supplementary Figure 1,b,"Wandering albatross, 100 m",n_record_runs,28,0.1314699792960662,11592
Supplementary Figure 1,b,"Wandering albatross, 100 m",n_record_runs,29,0.126207729468599,11592
Supplementary Figure 1,b,"Wandering albatross, 100 m",n_record_runs,30,0.1213768115942029,11592
Supplementary Figure 1,b,"Wandering albatross, 100 m",n_record_runs,31,0.1175810904071773,11592
Supplementary Figure 1,b,"Wandering albatross, 100 m",n_record_runs,32,0.1139579020013802,11592
Supplementary Figure 1,b,"Wandering albatross, 100 m",n_record_runs,33,0.1096445824706694,11592
Supplementary Figure 1,b,"Wandering albatross, 100 m",n_record_runs,34,0.1053312629399585,11592
Supplementary Figure 1,b,"Wandering albatross, 100 m",n_record_runs,35,0.1029158040027605,11592
Supplementary Figure 1,b,"Wandering albatross, 100 m",n_record_runs,36,0.0987750172532781,11592
Supplementary Figure 1,b,"Wandering albatross, 100 m",n_record_runs,37,0.0959282263630089,11592
Supplementary Figure 1,b,"Wandering albatross, 100 m",n_record_runs,38,0.0932539682539682,11592
Supplementary Figure 1,b,"Wandering albatross, 100 m",n_record_runs,39,0.0902346445824706,11592
Supplementary Figure 1,b,"Wandering albatross, 100 m",n_record_runs,40,0.0871290545203588,11592
Supplementary Figure 1,b,"Wandering albatross, 100 m",n_record_runs,41,0.0847135955831608,11592
Supplementary Figure 1,b,"Wandering albatross, 100 m",n_record_runs,42,0.0818668046928916,11592
Supplementary Figure 1,b,"Wandering albatross, 100 m",n_record_runs,43,0.0793650793650793,11592
Supplementary Figure 1,b,"Wandering albatross, 100 m",n_record_runs,44,0.0767770876466528,11592
Supplementary Figure 1,b,"Wandering albatross, 100 m",n_record_runs,45,0.0735852311939268,11592
Supplementary Figure 1,b,"Wandering albatross, 100 m",n_record_runs,46,0.0716011042097998,11592
Supplementary Figure 1,b,"Wandering albatross, 100 m",n_record_runs,47,0.0687543133195307,11592
Supplementary Figure 1,b,"Wandering albatross, 100 m",n_record_runs,48,0.0661663216011042,11592
Supplementary Figure 1,b,"Wandering albatross, 100 m",n_record_runs,49,0.0636645962732919,11592
Supplementary Figure 1,b,"Wandering albatross, 100 m",n_record_runs,50,0.0621980676328502,11592
Supplementary Figure 1,b,"Wandering albatross, 100 m",n_record_runs,51,0.0609040717736369,11592
Supplementary Figure 1,b,"Wandering albatross, 100 m",n_record_runs,52,0.0590924775707384,11592
Supplementary Figure 1,b,"Wandering albatross, 100 m",n_record_runs,53,0.0571946169772256,11592
Supplementary Figure 1,b,"Wandering albatross, 100 m",n_record_runs,54,0.0559006211180124,11592
Supplementary Figure 1,b,"Wandering albatross, 100 m",n_record_runs,55,0.0548654244306418,11592
Supplementary Figure 1,b,"Wandering albatross, 100 m",n_record_runs,56,0.052967563837129,11592
Supplementary Figure 1,b,"Wandering albatross, 100 m",n_record_runs,57,0.0513285024154589,11592
Supplementary Figure 1,b,"Wandering albatross, 100 m",n_record_runs,58,0.0499482401656314,11592
Supplementary Figure 1,b,"Wandering albatross, 100 m",n_record_runs,59,0.048567977915804,11592
Supplementary Figure 1,b,"Wandering albatross, 100 m",n_record_runs,60,0.0471877156659765,11592
Supplementary Figure 1,b,"Wandering albatross, 100 m",n_record_runs,61,0.0461525189786059,11592
Supplementary Figure 1,b,"Wandering albatross, 100 m",n_record_runs,62,0.0448585231193926,11592
Supplementary Figure 1,b,"Wandering albatross, 100 m",n_record_runs,63,0.0440821256038647,11592
Supplementary Figure 1,b,"Wandering albatross, 100 m",n_record_runs,64,0.0428743961352657,11592
Supplementary Figure 1,b,"Wandering albatross, 100 m",n_record_runs,65,0.0420117322291235,11592
Supplementary Figure 1,b,"Wandering albatross, 100 m",n_record_runs,66,0.0409765355417529,11592
Supplementary Figure 1,b,"Wandering albatross, 100 m",n_record_runs,67,0.0402001380262249,11592
Supplementary Figure 1,b,"Wandering albatross, 100 m",n_record_runs,68,0.0388198757763975,11592
Supplementary Figure 1,b,"Wandering albatross, 100 m",n_record_runs,69,0.0376984126984126,11592
Supplementary Figure 1,b,"Wandering albatross, 100 m",n_record_runs,70,0.0364906832298136,11592
Supplementary Figure 1,b,"Wandering albatross, 100 m",n_record_runs,71,0.0351104209799862,11592
Supplementary Figure 1,b,"Wandering albatross, 100 m",n_record_runs,72,0.0341614906832298,11592
Supplementary Figure 1,b,"Wandering albatross, 100 m",n_record_runs,73,0.033040027605245,11592
Supplementary Figure 1,b,"Wandering albatross, 100 m",n_record_runs,74,0.0326949620427881,11592
Supplementary Figure 1,b,"Wandering albatross, 100 m",n_record_runs,75,0.0315734989648033,11592
Supplementary Figure 1,b,"Wandering albatross, 100 m",n_record_runs,76,0.0305383022774327,11592
Supplementary Figure 1,b,"Wandering albatross, 100 m",n_record_runs,77,0.0301069703243616,11592
Supplementary Figure 1,b,"Wandering albatross, 100 m",n_record_runs,78,0.0293305728088336,11592
Supplementary Figure 1,b,"Wandering albatross, 100 m",n_record_runs,79,0.0282091097308488,11592
Supplementary Figure 1,b,"Wandering albatross, 100 m",n_record_runs,80,0.0275189786059351,11592
Supplementary Figure 1,b,"Wandering albatross, 100 m",n_record_runs,81,0.0270013802622498,11592
Supplementary Figure 1,b,"Wandering albatross, 100 m",n_record_runs,82,0.0262249827467218,11592
Supplementary Figure 1,b,"Wandering albatross, 100 m",n_record_runs,83,0.0259661835748792,11592
Supplementary Figure 1,b,"Wandering albatross, 100 m",n_record_runs,84,0.0252760524499654,11592
Supplementary Figure 1,b,"Wandering albatross, 100 m",n_record_runs,85,0.0249309868875086,11592
Supplementary Figure 1,b,"Wandering albatross, 100 m",n_record_runs,86,0.0243271221532091,11592
Supplementary Figure 1,b,"Wandering albatross, 100 m",n_record_runs,87,0.0239820565907522,11592
Supplementary Figure 1,b,"Wandering albatross, 100 m",n_record_runs,88,0.0237232574189095,11592
Supplementary Figure 1,b,"Wandering albatross, 100 m",n_record_runs,89,0.0232919254658385,11592
Supplementary Figure 1,b,"Wandering albatross, 100 m",n_record_runs,90,0.0227743271221532,11592
Supplementary Figure 1,b,"Wandering albatross, 100 m",n_record_runs,91,0.0225155279503105,11592
Supplementary Figure 1,b,"Wandering albatross, 100 m",n_record_runs,92,0.0220841959972394,11592
Supplementary Figure 1,b,"Wandering albatross, 100 m",n_record_runs,93,0.0216528640441683,11592
Supplementary Figure 1,b,"Wandering albatross, 100 m",n_record_runs,94,0.0212215320910973,11592
Supplementary Figure 1,b,"Wandering albatross, 100 m",n_record_runs,95,0.0209627329192546,11592
Supplementary Figure 1,b,"Wandering albatross, 100 m",n_record_runs,96,0.0204451345755693,11592
Supplementary Figure 1,b,"Wandering albatross, 100 m",n_record_runs,97,0.0200138026224982,11592
Supplementary Figure 1,b,"Wandering albatross, 100 m",n_record_runs,98,0.0194099378881987,11592
Supplementary Figure 1,b,"Wandering albatross, 100 m",n_record_runs,99,0.0194099378881987,11592
Supplementary Figure 1,b,"Wandering albatross, 100 m",n_record_runs,100,0.0191511387163561,11592
Supplementary Figure 1,b,"Wandering albatross, 100 m",n_record_runs,101,0.0189786059351276,11592
Supplementary Figure 1,b,"Wandering albatross, 100 m",n_record_runs,102,0.0184610075914423,11592
Supplementary Figure 1,b,"Wandering albatross, 100 m",n_record_runs,103,0.0178571428571428,11592
Supplementary Figure 1,b,"Wandering albatross, 100 m",n_record_runs,104,0.0172532781228433,11592
Supplementary Figure 1,b,"Wandering albatross, 100 m",n_record_runs,105,0.0169082125603864,11592
Supplementary Figure 1,b,"Wandering albatross, 100 m",n_record_runs,106,0.016735679779158,11592
Supplementary Figure 1,b,"Wandering albatross, 100 m",n_record_runs,107,0.0164768806073153,11592
Supplementary Figure 1,b,"Wandering albatross, 100 m",n_record_runs,108,0.0163043478260869,11592
Supplementary Figure 1,b,"Wandering albatross, 100 m",n_record_runs,109,0.0161318150448585,11592
Supplementary Figure 1,b,"Wandering albatross, 100 m",n_record_runs,110,0.01595928226363,11592
Supplementary Figure 1,b,"Wandering albatross, 100 m",n_record_runs,111,0.0154416839199447,11592
Supplementary Figure 1,b,"Wandering albatross, 100 m",n_record_runs,112,0.0149240855762594,11592
Supplementary Figure 1,b,"Wandering albatross, 100 m",n_record_runs,113,0.0142339544513457,11592
Supplementary Figure 1,b,"Wandering albatross, 100 m",n_record_runs,114,0.0141476880607315,11592
Supplementary Figure 1,b,"Wandering albatross, 100 m",n_record_runs,115,0.0138026224982746,11592
Supplementary Figure 1,b,"Wandering albatross, 100 m",n_record_runs,116,0.0138026224982746,11592
Supplementary Figure 1,b,"Wandering albatross, 100 m",n_record_runs,117,0.0133712905452035,11592
Supplementary Figure 1,b,"Wandering albatross, 100 m",n_record_runs,118,0.0132850241545893,11592
Supplementary Figure 1,b,"Wandering albatross, 100 m",n_record_runs,119,0.0131124913733609,11592
Supplementary Figure 1,b,"Wandering albatross, 100 m",n_record_runs,120,0.0126811594202898,11592
Supplementary Figure 1,b,"Wandering albatross, 100 m",n_record_runs,121,0.0124223602484472,11592
Supplementary Figure 1,b,"Wandering albatross, 100 m",n_record_runs,122,0.0122498274672187,11592
Supplementary Figure 1,b,"Wandering albatross, 100 m",n_record_runs,123,0.0119910282953761,11592
Supplementary Figure 1,b,"Wandering albatross, 100 m",n_record_runs,124,0.0118184955141476,11592
Supplementary Figure 1,b,"Wandering albatross, 100 m",n_record_runs,125,0.0116459627329192,11592
Supplementary Figure 1,b,"Wandering albatross, 100 m",n_record_runs,126,0.0112146307798481,11592
Supplementary Figure 1,b,"Wandering albatross, 100 m",n_record_runs,127,0.0108695652173913,11592
Supplementary Figure 1,b,"Wandering albatross, 100 m",n_record_runs,128,0.0104382332643202,11592
Supplementary Figure 1,b,"Wandering albatross, 100 m",n_record_runs,129,0.0101794340924775,11592
Supplementary Figure 1,b,"Wandering albatross, 100 m",n_record_runs,130,0.0100069013112491,11592
Supplementary Figure 1,b,"Wandering albatross, 100 m",n_record_runs,131,0.0098343685300207,11592
Supplementary Figure 1,b,"Wandering albatross, 100 m",n_record_runs,132,0.0096618357487922,11592
Supplementary Figure 1,b,"Wandering albatross, 100 m",n_record_runs,133,0.009575569358178,11592
Supplementary Figure 1,b,"Wandering albatross, 100 m",n_record_runs,134,0.0093167701863354,11592
Supplementary Figure 1,b,"Wandering albatross, 100 m",n_record_runs,135,0.0092305037957211,11592
Supplementary Figure 1,b,"Wandering albatross, 100 m",n_record_runs,136,0.0091442374051069,11592
Supplementary Figure 1,b,"Wandering albatross, 100 m",n_record_runs,137,0.0089717046238785,11592
Supplementary Figure 1,b,"Wandering albatross, 100 m",n_record_runs,138,0.0087129054520358,11592
Supplementary Figure 1,b,"Wandering albatross, 100 m",n_record_runs,139,0.008367839889579,11592
Supplementary Figure 1,b,"Wandering albatross, 100 m",n_record_runs,140,0.008367839889579,11592
Supplementary Figure 1,b,"Wandering albatross, 100 m",n_record_runs,141,0.0082815734989648,11592
Supplementary Figure 1,b,"Wandering albatross, 100 m",n_record_runs,142,0.0082815734989648,11592
Supplementary Figure 1,b,"Wandering albatross, 100 m",n_record_runs,143,0.0082815734989648,11592
Supplementary Figure 1,b,"Wandering albatross, 100 m",n_record_runs,144,0.0082815734989648,11592
Supplementary Figure 1,b,"Wandering albatross, 100 m",n_record_runs,145,0.0081953071083505,11592
Supplementary Figure 1,b,"Wandering albatross, 100 m",n_record_runs,146,0.0079365079365079,11592
Supplementary Figure 1,b,"Wandering albatross, 100 m",n_record_runs,147,0.0078502415458937,11592
Supplementary Figure 1,b,"Wandering albatross, 100 m",n_record_runs,148,0.0076777087646652,11592
Supplementary Figure 1,b,"Wandering albatross, 100 m",n_record_runs,149,0.007591442374051,11592
Supplementary Figure 1,b,"Wandering albatross, 100 m",n_record_runs,150,0.0075051759834368,11592
Supplementary Figure 1,b,"Wandering albatross, 100 m",n_record_runs,151,0.0074189095928226,11592
Supplementary Figure 1,b,"Wandering albatross, 100 m",n_record_runs,152,0.0073326432022084,11592
Supplementary Figure 1,b,"Wandering albatross, 100 m",n_record_runs,153,0.0069013112491373,11592
Supplementary Figure 1,b,"Wandering albatross, 100 m",n_record_runs,154,0.0069013112491373,11592
Supplementary Figure 1,b,"Wandering albatross, 100 m",n_record_runs,155,0.0068150448585231,11592
Supplementary Figure 1,b,"Wandering albatross, 100 m",n_record_runs,156,0.0067287784679089,11592
Supplementary Figure 1,b,"Wandering albatross, 100 m",n_record_runs,157,0.0065562456866804,11592
Supplementary Figure 1,b,"Wandering albatross, 100 m",n_record_runs,158,0.0064699792960662,11592
Supplementary Figure 1,b,"Wandering albatross, 100 m",n_record_runs,159,0.0062974465148378,11592
Supplementary Figure 1,b,"Wandering albatross, 100 m",n_record_runs,160,0.0062974465148378,11592
Supplementary Figure 1,b,"Wandering albatross, 100 m",n_record_runs,161,0.0061249137336093,11592
Supplementary Figure 1,b,"Wandering albatross, 100 m",n_record_runs,162,0.0061249137336093,11592
Supplementary Figure 1,b,"Wandering albatross, 100 m",n_record_runs,163,0.0059523809523809,11592
Supplementary Figure 1,b,"Wandering albatross, 100 m",n_record_runs,164,0.0058661145617667,11592
Supplementary Figure 1,b,"Wandering albatross, 100 m",n_record_runs,165,0.0057798481711525,11592
Supplementary Figure 1,b,"Wandering albatross, 100 m",n_record_runs,166,0.0056935817805383,11592
Supplementary Figure 1,b,"Wandering albatross, 100 m",n_record_runs,167,0.0056935817805383,11592
Supplementary Figure 1,b,"Wandering albatross, 100 m",n_record_runs,168,0.0056935817805383,11592
Supplementary Figure 1,b,"Wandering albatross, 100 m",n_record_runs,169,0.0055210489993098,11592
Supplementary Figure 1,b,"Wandering albatross, 100 m",n_record_runs,170,0.0054347826086956,11592
Supplementary Figure 1,b,"Wandering albatross, 100 m",n_record_runs,171,0.0054347826086956,11592
Supplementary Figure 1,b,"Wandering albatross, 100 m",n_record_runs,172,0.0054347826086956,11592
Supplementary Figure 1,b,"Wandering albatross, 100 m",n_record_runs,173,0.0054347826086956,11592
Supplementary Figure 1,b,"Wandering albatross, 100 m",n_record_runs,174,0.0053485162180814,11592
Supplementary Figure 1,b,"Wandering albatross, 100 m",n_record_runs,175,0.0053485162180814,11592
Supplementary Figure 1,b,"Wandering albatross, 100 m",n_record_runs,176,0.0053485162180814,11592
Supplementary Figure 1,b,"Wandering albatross, 100 m",n_record_runs,177,0.0053485162180814,11592
Supplementary Figure 1,b,"Wandering albatross, 100 m",n_record_runs,178,0.0053485162180814,11592
Supplementary Figure 1,b,"Wandering albatross, 100 m",n_record_runs,179,0.005175983436853,11592
Supplementary Figure 1,b,"Wandering albatross, 100 m",n_record_runs,180,0.005175983436853,11592
Supplementary Figure 1,b,"Wandering albatross, 100 m",n_record_runs,181,0.0050897170462387,11592
Supplementary Figure 1,b,"Wandering albatross, 100 m",n_record_runs,182,0.0050897170462387,11592
Supplementary Figure 1,b,"Wandering albatross, 100 m",n_record_runs,183,0.0049171842650103,11592
Supplementary Figure 1,b,"Wandering albatross, 100 m",n_record_runs,184,0.0048309178743961,11592
Supplementary Figure 1,b,"Wandering albatross, 100 m",n_record_runs,185,0.0047446514837819,11592
Supplementary Figure 1,b,"Wandering albatross, 100 m",n_record_runs,186,0.0047446514837819,11592
Supplementary Figure 1,b,"Wandering albatross, 100 m",n_record_runs,187,0.0045721187025534,11592
Supplementary Figure 1,b,"Wandering albatross, 100 m",n_record_runs,188,0.0045721187025534,11592
Supplementary Figure 1,b,"Wandering albatross, 100 m",n_record_runs,189,0.0045721187025534,11592
Supplementary Figure 1,b,"Wandering albatross, 100 m",n_record_runs,190,0.0045721187025534,11592
Supplementary Figure 1,b,"Wandering albatross, 100 m",n_record_runs,191,0.0045721187025534,11592
Supplementary Figure 1,b,"Wandering albatross, 100 m",n_record_runs,192,0.0044858523119392,11592
Supplementary Figure 1,b,"Wandering albatross, 100 m",n_record_runs,193,0.004399585921325,11592
Supplementary Figure 1,b,"Wandering albatross, 100 m",n_record_runs,194,0.004399585921325,11592
Supplementary Figure 1,b,"Wandering albatross, 100 m",n_record_runs,195,0.004399585921325,11592
Supplementary Figure 1,b,"Wandering albatross, 100 m",n_record_runs,196,0.004399585921325,11592
Supplementary Figure 1,b,"Wandering albatross, 100 m",n_record_runs,197,0.004399585921325,11592
Supplementary Figure 1,b,"Wandering albatross, 100 m",n_record_runs,198,0.0042270531400966,11592
Supplementary Figure 1,b,"Wandering albatross, 100 m",n_record_runs,199,0.0042270531400966,11592
Supplementary Figure 1,b,"Wandering albatross, 100 m",n_record_runs,200,0.0040545203588681,11592
Supplementary Figure 1,b,"Wandering albatross, 100 m",n_record_runs,201,0.0039682539682539,11592
Supplementary Figure 1,b,"Wandering albatross, 100 m",n_record_runs,202,0.0039682539682539,11592
Supplementary Figure 1,b,"Wandering albatross, 100 m",n_record_runs,203,0.0038819875776397,11592
Supplementary Figure 1,b,"Wandering albatross, 100 m",n_record_runs,204,0.0038819875776397,11592
Supplementary Figure 1,b,"Wandering albatross, 100 m",n_record_runs,205,0.0038819875776397,11592
Supplementary Figure 1,b,"Wandering albatross, 100 m",n_record_runs,206,0.0037957211870255,11592
Supplementary Figure 1,b,"Wandering albatross, 100 m",n_record_runs,207,0.0037094547964113,11592
Supplementary Figure 1,b,"Wandering albatross, 100 m",n_record_runs,208,0.0036231884057971,11592
Supplementary Figure 1,b,"Wandering albatross, 100 m",n_record_runs,209,0.0036231884057971,11592
Supplementary Figure 1,b,"Wandering albatross, 100 m",n_record_runs,210,0.0036231884057971,11592
Supplementary Figure 1,b,"Wandering albatross, 100 m",n_record_runs,211,0.0036231884057971,11592
Supplementary Figure 1,b,"Wandering albatross, 100 m",n_record_runs,212,0.0035369220151828,11592
Supplementary Figure 1,b,"Wandering albatross, 100 m",n_record_runs,213,0.0035369220151828,11592
Supplementary Figure 1,b,"Wandering albatross, 100 m",n_record_runs,214,0.0035369220151828,11592
Supplementary Figure 1,b,"Wandering albatross, 100 m",n_record_runs,215,0.0034506556245686,11592
Supplementary Figure 1,b,"Wandering albatross, 100 m",n_record_runs,216,0.0034506556245686,11592
Supplementary Figure 1,b,"Wandering albatross, 100 m",n_record_runs,217,0.0034506556245686,11592
Supplementary Figure 1,b,"Wandering albatross, 100 m",n_record_runs,218,0.0034506556245686,11592
Supplementary Figure 1,b,"Wandering albatross, 100 m",n_record_runs,219,0.0033643892339544,11592
Supplementary Figure 1,b,"Wandering albatross, 100 m",n_record_runs,220,0.0033643892339544,11592
Supplementary Figure 1,b,"Wandering albatross, 100 m",n_record_runs,221,0.0033643892339544,11592
Supplementary Figure 1,b,"Wandering albatross, 100 m",n_record_runs,222,0.0032781228433402,11592
Supplementary Figure 1,b,"Wandering albatross, 100 m",n_record_runs,223,0.0032781228433402,11592
Supplementary Figure 1,b,"Wandering albatross, 100 m",n_record_runs,224,0.0032781228433402,11592
Supplementary Figure 1,b,"Wandering albatross, 100 m",n_record_runs,225,0.003191856452726,11592
Supplementary Figure 1,b,"Wandering albatross, 100 m",n_record_runs,226,0.0031055900621118,11592
Supplementary Figure 1,b,"Wandering albatross, 100 m",n_record_runs,227,0.0031055900621118,11592
Supplementary Figure 1,b,"Wandering albatross, 100 m",n_record_runs,228,0.0031055900621118,11592
Supplementary Figure 1,b,"Wandering albatross, 100 m",n_record_runs,229,0.0030193236714975,11592
Supplementary Figure 1,b,"Wandering albatross, 100 m",n_record_runs,230,0.0030193236714975,11592
Supplementary Figure 1,b,"Wandering albatross, 100 m",n_record_runs,231,0.0029330572808833,11592
Supplementary Figure 1,b,"Wandering albatross, 100 m",n_record_runs,232,0.0029330572808833,11592
Supplementary Figure 1,b,"Wandering albatross, 100 m",n_record_runs,233,0.0029330572808833,11592
Supplementary Figure 1,b,"Wandering albatross, 100 m",n_record_runs,234,0.0028467908902691,11592
Supplementary Figure 1,b,"Wandering albatross, 100 m",n_record_runs,235,0.0028467908902691,11592
Supplementary Figure 1,b,"Wandering albatross, 100 m",n_record_runs,236,0.0027605244996549,11592
Supplementary Figure 1,b,"Wandering albatross, 100 m",n_record_runs,237,0.0027605244996549,11592
Supplementary Figure 1,b,"Wandering albatross, 100 m",n_record_runs,238,0.0025879917184265,11592
Supplementary Figure 1,b,"Wandering albatross, 100 m",n_record_runs,239,0.0025879917184265,11592
Supplementary Figure 1,b,"Wandering albatross, 100 m",n_record_runs,240,0.0025879917184265,11592
Supplementary Figure 1,b,"Wandering albatross, 100 m",n_record_runs,241,0.0025879917184265,11592
Supplementary Figure 1,b,"Wandering albatross, 100 m",n_record_runs,242,0.0025879917184265,11592
Supplementary Figure 1,b,"Wandering albatross, 100 m",n_record_runs,243,0.0025017253278122,11592
Supplementary Figure 1,b,"Wandering albatross, 100 m",n_record_runs,244,0.0025017253278122,11592
Supplementary Figure 1,b,"Wandering albatross, 100 m",n_record_runs,245,0.0025017253278122,11592
Supplementary Figure 1,b,"Wandering albatross, 100 m",n_record_runs,246,0.0025017253278122,11592
Supplementary Figure 1,b,"Wandering albatross, 100 m",n_record_runs,247,0.0025017253278122,11592
Supplementary Figure 1,b,"Wandering albatross, 100 m",n_record_runs,248,0.0025017253278122,11592
Supplementary Figure 1,b,"Wandering albatross, 100 m",n_record_runs,249,0.002415458937198,11592
Supplementary Figure 1,b,"Wandering albatross, 100 m",n_record_runs,250,0.002415458937198,11592
Supplementary Figure 1,b,"Wandering albatross, 100 m",n_record_runs,251,0.002415458937198,11592
Supplementary Figure 1,b,"Wandering albatross, 100 m",n_record_runs,252,0.002415458937198,11592
Supplementary Figure 1,b,"Wandering albatross, 100 m",n_record_runs,253,0.002415458937198,11592
Supplementary Figure 1,b,"Wandering albatross, 100 m",n_record_runs,254,0.002415458937198,11592
Supplementary Figure 1,b,"Wandering albatross, 100 m",n_record_runs,255,0.002415458937198,11592
Supplementary Figure 1,b,"Wandering albatross, 100 m",n_record_runs,256,0.0023291925465838,11592
Supplementary Figure 1,b,"Wandering albatross, 100 m",n_record_runs,257,0.0023291925465838,11592
Supplementary Figure 1,b,"Wandering albatross, 100 m",n_record_runs,258,0.0023291925465838,11592
Supplementary Figure 1,b,"Wandering albatross, 100 m",n_record_runs,259,0.0023291925465838,11592
Supplementary Figure 1,b,"Wandering albatross, 100 m",n_record_runs,260,0.0023291925465838,11592
Supplementary Figure 1,b,"Wandering albatross, 100 m",n_record_runs,261,0.0022429261559696,11592
Supplementary Figure 1,b,"Wandering albatross, 100 m",n_record_runs,262,0.0021566597653554,11592
Supplementary Figure 1,b,"Wandering albatross, 100 m",n_record_runs,263,0.0020703933747412,11592
Supplementary Figure 1,b,"Wandering albatross, 100 m",n_record_runs,264,0.0020703933747412,11592
Supplementary Figure 1,b,"Wandering albatross, 100 m",n_record_runs,265,0.0019841269841269,11592
Supplementary Figure 1,b,"Wandering albatross, 100 m",n_record_runs,266,0.0018978605935127,11592
Supplementary Figure 1,b,"Wandering albatross, 100 m",n_record_runs,267,0.0018978605935127,11592
Supplementary Figure 1,b,"Wandering albatross, 100 m",n_record_runs,268,0.0018978605935127,11592
Supplementary Figure 1,b,"Wandering albatross, 100 m",n_record_runs,269,0.0018978605935127,11592
Supplementary Figure 1,b,"Wandering albatross, 100 m",n_record_runs,270,0.0018978605935127,11592
Supplementary Figure 1,b,"Wandering albatross, 100 m",n_record_runs,271,0.0018115942028985,11592
Supplementary Figure 1,b,"Wandering albatross, 100 m",n_record_runs,272,0.0018115942028985,11592
Supplementary Figure 1,b,"Wandering albatross, 100 m",n_record_runs,273,0.0018115942028985,11592
Supplementary Figure 1,b,"Wandering albatross, 100 m",n_record_runs,274,0.0018115942028985,11592
Supplementary Figure 1,b,"Wandering albatross, 100 m",n_record_runs,275,0.0018115942028985,11592
Supplementary Figure 1,b,"Wandering albatross, 100 m",n_record_runs,276,0.0018115942028985,11592
Supplementary Figure 1,b,"Wandering albatross, 100 m",n_record_runs,277,0.0017253278122843,11592
Supplementary Figure 1,b,"Wandering albatross, 100 m",n_record_runs,278,0.0016390614216701,11592
Supplementary Figure 1,b,"Wandering albatross, 100 m",n_record_runs,279,0.0016390614216701,11592
Supplementary Figure 1,b,"Wandering albatross, 100 m",n_record_runs,280,0.0016390614216701,11592
Supplementary Figure 1,b,"Wandering albatross, 100 m",n_record_runs,281,0.0016390614216701,11592
Supplementary Figure 1,b,"Wandering albatross, 100 m",n_record_runs,282,0.0016390614216701,11592
Supplementary Figure 1,b,"Wandering albatross, 100 m",n_record_runs,283,0.0016390614216701,11592
Supplementary Figure 1,b,"Wandering albatross, 100 m",n_record_runs,284,0.0016390614216701,11592
Supplementary Figure 1,b,"Wandering albatross, 100 m",n_record_runs,285,0.0016390614216701,11592
Supplementary Figure 1,b,"Wandering albatross, 100 m",n_record_runs,286,0.0015527950310559,11592
Supplementary Figure 1,b,"Wandering albatross, 100 m",n_record_runs,287,0.0015527950310559,11592
Supplementary Figure 1,b,"Wandering albatross, 100 m",n_record_runs,288,0.0015527950310559,11592
Supplementary Figure 1,b,"Wandering albatross, 100 m",n_record_runs,289,0.0015527950310559,11592
Supplementary Figure 1,b,"Wandering albatross, 100 m",n_record_runs,290,0.0015527950310559,11592
Supplementary Figure 1,b,"Wandering albatross, 100 m",n_record_runs,291,0.0015527950310559,11592
Supplementary Figure 1,b,"Wandering albatross, 100 m",n_record_runs,292,0.0014665286404416,11592
Supplementary Figure 1,b,"Wandering albatross, 100 m",n_record_runs,293,0.0014665286404416,11592
Supplementary Figure 1,b,"Wandering albatross, 100 m",n_record_runs,294,0.0014665286404416,11592
Supplementary Figure 1,b,"Wandering albatross, 100 m",n_record_runs,295,0.0014665286404416,11592
Supplementary Figure 1,b,"Wandering albatross, 100 m",n_record_runs,296,0.0014665286404416,11592
Supplementary Figure 1,b,"Wandering albatross, 100 m",n_record_runs,297,0.0014665286404416,11592
Supplementary Figure 1,b,"Wandering albatross, 100 m",n_record_runs,298,0.0013802622498274,11592
Supplementary Figure 1,b,"Wandering albatross, 100 m",n_record_runs,299,0.0013802622498274,11592
Supplementary Figure 1,b,"Wandering albatross, 100 m",n_record_runs,300,0.0013802622498274,11592
Supplementary Figure 1,b,"Wandering albatross, 100 m",n_record_runs,301,0.0012939958592132,11592
Supplementary Figure 1,b,"Wandering albatross, 100 m",n_record_runs,302,0.0012939958592132,11592
Supplementary Figure 1,b,"Wandering albatross, 100 m",n_record_runs,303,0.0012939958592132,11592
Supplementary Figure 1,b,"Wandering albatross, 100 m",n_record_runs,304,0.001207729468599,11592
Supplementary Figure 1,b,"Wandering albatross, 100 m",n_record_runs,305,0.001207729468599,11592
Supplementary Figure 1,b,"Wandering albatross, 100 m",n_record_runs,306,0.0011214630779848,11592
Supplementary Figure 1,b,"Wandering albatross, 100 m",n_record_runs,307,0.0011214630779848,11592
Supplementary Figure 1,b,"Wandering albatross, 100 m",n_record_runs,308,0.0011214630779848,11592
Supplementary Figure 1,b,"Wandering albatross, 100 m",n_record_runs,309,0.0011214630779848,11592
Supplementary Figure 1,b,"Wandering albatross, 100 m",n_record_runs,310,0.0011214630779848,11592
Supplementary Figure 1,b,"Wandering albatross, 100 m",n_record_runs,311,0.0011214630779848,11592
Supplementary Figure 1,b,"Wandering albatross, 100 m",n_record_runs,312,0.0011214630779848,11592
Supplementary Figure 1,b,"Wandering albatross, 100 m",n_record_runs,313,0.0011214630779848,11592
Supplementary Figure 1,b,"Wandering albatross, 100 m",n_record_runs,314,0.0011214630779848,11592
Supplementary Figure 1,b,"Wandering albatross, 100 m",n_record_runs,315,0.0011214630779848,11592
Supplementary Figure 1,b,"Wandering albatross, 100 m",n_record_runs,316,0.0011214630779848,11592
Supplementary Figure 1,b,"Wandering albatross, 100 m",n_record_runs,317,0.0011214630779848,11592
Supplementary Figure 1,b,"Wandering albatross, 100 m",n_record_runs,318,0.0011214630779848,11592
Supplementary Figure 1,b,"Wandering albatross, 100 m",n_record_runs,319,0.0010351966873706,11592
Supplementary Figure 1,b,"Wandering albatross, 100 m",n_record_runs,320,0.0010351966873706,11592
Supplementary Figure 1,b,"Wandering albatross, 100 m",n_record_runs,321,0.0009489302967563,11592
Supplementary Figure 1,b,"Wandering albatross, 100 m",n_record_runs,322,0.0008626639061421,11592
Supplementary Figure 1,b,"Wandering albatross, 100 m",n_record_runs,323,0.0008626639061421,11592
Supplementary Figure 1,b,"Wandering albatross, 100 m",n_record_runs,324,0.0008626639061421,11592
Supplementary Figure 1,b,"Wandering albatross, 100 m",n_record_runs,325,0.0008626639061421,11592
Supplementary Figure 1,b,"Wandering albatross, 100 m",n_record_runs,326,0.0008626639061421,11592
Supplementary Figure 1,b,"Wandering albatross, 100 m",n_record_runs,327,0.0008626639061421,11592
Supplementary Figure 1,b,"Wandering albatross, 100 m",n_record_runs,328,0.0008626639061421,11592
Supplementary Figure 1,b,"Wandering albatross, 100 m",n_record_runs,329,0.0008626639061421,11592
Supplementary Figure 1,b,"Wandering albatross, 100 m",n_record_runs,330,0.0008626639061421,11592
Supplementary Figure 1,b,"Wandering albatross, 100 m",n_record_runs,331,0.0008626639061421,11592
Supplementary Figure 1,b,"Wandering albatross, 100 m",n_record_runs,332,0.0008626639061421,11592
Supplementary Figure 1,b,"Wandering albatross, 100 m",n_record_runs,333,0.0008626639061421,11592
Supplementary Figure 1,b,"Wandering albatross, 100 m",n_record_runs,334,0.0008626639061421,11592
Supplementary Figure 1,b,"Wandering albatross, 100 m",n_record_runs,335,0.0008626639061421,11592
Supplementary Figure 1,b,"Wandering albatross, 100 m",n_record_runs,336,0.0008626639061421,11592
Supplementary Figure 1,b,"Wandering albatross, 100 m",n_record_runs,337,0.0008626639061421,11592
Supplementary Figure 1,b,"Wandering albatross, 100 m",n_record_runs,338,0.0008626639061421,11592
Supplementary Figure 1,b,"Wandering albatross, 100 m",n_record_runs,339,0.0008626639061421,11592
Supplementary Figure 1,b,"Wandering albatross, 100 m",n_record_runs,340,0.0008626639061421,11592
Supplementary Figure 1,b,"Wandering albatross, 100 m",n_record_runs,341,0.0007763975155279,11592
Supplementary Figure 1,b,"Wandering albatross, 100 m",n_record_runs,342,0.0007763975155279,11592
Supplementary Figure 1,b,"Wandering albatross, 100 m",n_record_runs,343,0.0007763975155279,11592
Supplementary Figure 1,b,"Wandering albatross, 100 m",n_record_runs,344,0.0007763975155279,11592
Supplementary Figure 1,b,"Wandering albatross, 100 m",n_record_runs,345,0.0007763975155279,11592
Supplementary Figure 1,b,"Wandering albatross, 100 m",n_record_runs,346,0.0007763975155279,11592
Supplementary Figure 1,b,"Wandering albatross, 100 m",n_record_runs,347,0.0007763975155279,11592
Supplementary Figure 1,b,"Wandering albatross, 100 m",n_record_runs,348,0.0007763975155279,11592
Supplementary Figure 1,b,"Wandering albatross, 100 m",n_record_runs,349,0.0007763975155279,11592
Supplementary Figure 1,b,"Wandering albatross, 100 m",n_record_runs,350,0.0007763975155279,11592
Supplementary Figure 1,b,"Wandering albatross, 100 m",n_record_runs,351,0.0006901311249137,11592
Supplementary Figure 1,b,"Wandering albatross, 100 m",n_record_runs,352,0.0006901311249137,11592
Supplementary Figure 1,b,"Wandering albatross, 100 m",n_record_runs,353,0.0006038647342995,11592
Supplementary Figure 1,b,"Wandering albatross, 100 m",n_record_runs,354,0.0006038647342995,11592
Supplementary Figure 1,b,"Wandering albatross, 100 m",n_record_runs,355,0.0006038647342995,11592
Supplementary Figure 1,b,"Wandering albatross, 100 m",n_record_runs,356,0.0006038647342995,11592
Supplementary Figure 1,b,"Wandering albatross, 100 m",n_record_runs,357,0.0006038647342995,11592
Supplementary Figure 1,b,"Wandering albatross, 100 m",n_record_runs,358,0.0006038647342995,11592
Supplementary Figure 1,b,"Wandering albatross, 100 m",n_record_runs,359,0.0006038647342995,11592
Supplementary Figure 1,b,"Wandering albatross, 100 m",n_record_runs,360,0.0006038647342995,11592
Supplementary Figure 1,b,"Wandering albatross, 100 m",n_record_runs,361,0.0006038647342995,11592
Supplementary Figure 1,b,"Wandering albatross, 100 m",n_record_runs,362,0.0006038647342995,11592
Supplementary Figure 1,b,"Wandering albatross, 100 m",n_record_runs,363,0.0006038647342995,11592
Supplementary Figure 1,b,"Wandering albatross, 100 m",n_record_runs,364,0.0006038647342995,11592
Supplementary Figure 1,b,"Wandering albatross, 100 m",n_record_runs,365,0.0006038647342995,11592
Supplementary Figure 1,b,"Wandering albatross, 100 m",n_record_runs,366,0.0006038647342995,11592
Supplementary Figure 1,b,"Wandering albatross, 100 m",n_record_runs,367,0.0005175983436853,11592
Supplementary Figure 1,b,"Wandering albatross, 100 m",n_record_runs,368,0.0005175983436853,11592
Supplementary Figure 1,b,"Wandering albatross, 100 m",n_record_runs,369,0.0005175983436853,11592
Supplementary Figure 1,b,"Wandering albatross, 100 m",n_record_runs,370,0.0005175983436853,11592
Supplementary Figure 1,b,"Wandering albatross, 100 m",n_record_runs,371,0.0005175983436853,11592
Supplementary Figure 1,b,"Wandering albatross, 100 m",n_record_runs,372,0.0005175983436853,11592
Supplementary Figure 1,b,"Wandering albatross, 100 m",n_record_runs,373,0.0005175983436853,11592
Supplementary Figure 1,b,"Wandering albatross, 100 m",n_record_runs,374,0.0005175983436853,11592
Supplementary Figure 1,b,"Wandering albatross, 100 m",n_record_runs,375,0.0005175983436853,11592
Supplementary Figure 1,b,"Wandering albatross, 100 m",n_record_runs,376,0.0005175983436853,11592
Supplementary Figure 1,b,"Wandering albatross, 100 m",n_record_runs,377,0.0005175983436853,11592
Supplementary Figure 1,b,"Wandering albatross, 100 m",n_record_runs,378,0.0005175983436853,11592
Supplementary Figure 1,b,"Wandering albatross, 100 m",n_record_runs,379,0.0005175983436853,11592
Supplementary Figure 1,b,"Wandering albatross, 100 m",n_record_runs,380,0.0005175983436853,11592
Supplementary Figure 1,b,"Wandering albatross, 100 m",n_record_runs,381,0.000431331953071,11592
Supplementary Figure 1,b,"Wandering albatross, 100 m",n_record_runs,382,0.000431331953071,11592
Supplementary Figure 1,b,"Wandering albatross, 100 m",n_record_runs,383,0.000431331953071,11592
Supplementary Figure 1,b,"Wandering albatross, 100 m",n_record_runs,384,0.000431331953071,11592
Supplementary Figure 1,b,"Wandering albatross, 100 m",n_record_runs,385,0.000431331953071,11592
Supplementary Figure 1,b,"Wandering albatross, 100 m",n_record_runs,386,0.000431331953071,11592
Supplementary Figure 1,b,"Wandering albatross, 100 m",n_record_runs,387,0.000431331953071,11592
Supplementary Figure 1,b,"Wandering albatross, 100 m",n_record_runs,388,0.000431331953071,11592
Supplementary Figure 1,b,"Wandering albatross, 100 m",n_record_runs,389,0.000431331953071,11592
Supplementary Figure 1,b,"Wandering albatross, 100 m",n_record_runs,390,0.000431331953071,11592
Supplementary Figure 1,b,"Wandering albatross, 100 m",n_record_runs,391,0.000431331953071,11592
Supplementary Figure 1,b,"Wandering albatross, 100 m",n_record_runs,392,0.000431331953071,11592
Supplementary Figure 1,b,"Wandering albatross, 100 m",n_record_runs,393,0.000431331953071,11592
Supplementary Figure 1,b,"Wandering albatross, 100 m",n_record_runs,394,0.000431331953071,11592
Supplementary Figure 1,b,"Wandering albatross, 100 m",n_record_runs,395,0.0003450655624568,11592
Supplementary Figure 1,b,"Wandering albatross, 100 m",n_record_runs,396,0.0003450655624568,11592
Supplementary Figure 1,b,"Wandering albatross, 100 m",n_record_runs,397,0.0003450655624568,11592
Supplementary Figure 1,b,"Wandering albatross, 100 m",n_record_runs,398,0.0003450655624568,11592
Supplementary Figure 1,b,"Wandering albatross, 100 m",n_record_runs,399,0.0003450655624568,11592
Supplementary Figure 1,b,"Wandering albatross, 100 m",n_record_runs,400,0.0003450655624568,11592
Supplementary Figure 1,b,"Wandering albatross, 100 m",n_record_runs,401,0.0003450655624568,11592
Supplementary Figure 1,b,"Wandering albatross, 100 m",n_record_runs,402,0.0003450655624568,11592
Supplementary Figure 1,b,"Wandering albatross, 100 m",n_record_runs,403,0.0003450655624568,11592
Supplementary Figure 1,b,"Wandering albatross, 100 m",n_record_runs,404,0.0003450655624568,11592
Supplementary Figure 1,b,"Wandering albatross, 100 m",n_record_runs,405,0.0003450655624568,11592
Supplementary Figure 1,b,"Wandering albatross, 100 m",n_record_runs,406,0.0003450655624568,11592
Supplementary Figure 1,b,"Wandering albatross, 100 m",n_record_runs,407,0.0003450655624568,11592
Supplementary Figure 1,b,"Wandering albatross, 100 m",n_record_runs,408,0.0003450655624568,11592
Supplementary Figure 1,b,"Wandering albatross, 100 m",n_record_runs,409,0.0003450655624568,11592
Supplementary Figure 1,b,"Wandering albatross, 100 m",n_record_runs,410,0.0003450655624568,11592
Supplementary Figure 1,b,"Wandering albatross, 100 m",n_record_runs,411,0.0003450655624568,11592
Supplementary Figure 1,b,"Wandering albatross, 100 m",n_record_runs,412,0.0003450655624568,11592
Supplementary Figure 1,b,"Wandering albatross, 100 m",n_record_runs,413,0.0002587991718426,11592
Supplementary Figure 1,b,"Wandering albatross, 100 m",n_record_runs,414,0.0002587991718426,11592
Supplementary Figure 1,b,"Wandering albatross, 100 m",n_record_runs,415,0.0002587991718426,11592
Supplementary Figure 1,b,"Wandering albatross, 100 m",n_record_runs,416,0.0002587991718426,11592
Supplementary Figure 1,b,"Wandering albatross, 100 m",n_record_runs,417,0.0002587991718426,11592
Supplementary Figure 1,b,"Wandering albatross, 100 m",n_record_runs,418,0.0002587991718426,11592
Supplementary Figure 1,b,"Wandering albatross, 100 m",n_record_runs,419,0.0002587991718426,11592
Supplementary Figure 1,b,"Wandering albatross, 100 m",n_record_runs,420,0.0002587991718426,11592
Supplementary Figure 1,b,"Wandering albatross, 100 m",n_record_runs,421,0.0002587991718426,11592
Supplementary Figure 1,b,"Wandering albatross, 100 m",n_record_runs,422,0.0002587991718426,11592
Supplementary Figure 1,b,"Wandering albatross, 100 m",n_record_runs,423,0.0002587991718426,11592
Supplementary Figure 1,b,"Wandering albatross, 100 m",n_record_runs,424,0.0002587991718426,11592
Supplementary Figure 1,b,"Wandering albatross, 100 m",n_record_runs,425,0.0002587991718426,11592
Supplementary Figure 1,b,"Wandering albatross, 100 m",n_record_runs,426,0.0002587991718426,11592
Supplementary Figure 1,b,"Wandering albatross, 100 m",n_record_runs,427,0.0002587991718426,11592
Supplementary Figure 1,b,"Wandering albatross, 100 m",n_record_runs,428,0.0002587991718426,11592
Supplementary Figure 1,b,"Wandering albatross, 100 m",n_record_runs,429,0.0002587991718426,11592
Supplementary Figure 1,b,"Wandering albatross, 100 m",n_record_runs,430,0.0002587991718426,11592
Supplementary Figure 1,b,"Wandering albatross, 100 m",n_record_runs,431,0.0002587991718426,11592
Supplementary Figure 1,b,"Wandering albatross, 100 m",n_record_runs,432,0.0002587991718426,11592
Supplementary Figure 1,b,"Wandering albatross, 100 m",n_record_runs,433,0.0002587991718426,11592
Supplementary Figure 1,b,"Wandering albatross, 100 m",n_record_runs,434,0.0002587991718426,11592
Supplementary Figure 1,b,"Wandering albatross, 100 m",n_record_runs,435,0.0002587991718426,11592
Supplementary Figure 1,b,"Wandering albatross, 100 m",n_record_runs,436,0.0002587991718426,11592
Supplementary Figure 1,b,"Wandering albatross, 100 m",n_record_runs,437,0.0002587991718426,11592
Supplementary Figure 1,b,"Wandering albatross, 100 m",n_record_runs,438,0.0002587991718426,11592
Supplementary Figure 1,b,"Wandering albatross, 100 m",n_record_runs,439,0.0002587991718426,11592
Supplementary Figure 1,b,"Wandering albatross, 100 m",n_record_runs,440,0.0002587991718426,11592
Supplementary Figure 1,b,"Wandering albatross, 100 m",n_record_runs,441,0.0002587991718426,11592
Supplementary Figure 1,b,"Wandering albatross, 100 m",n_record_runs,442,0.0001725327812284,11592
Supplementary Figure 1,b,"Wandering albatross, 100 m",n_record_runs,443,0.0001725327812284,11592
Supplementary Figure 1,b,"Wandering albatross, 100 m",n_record_runs,444,0.0001725327812284,11592
Supplementary Figure 1,b,"Wandering albatross, 100 m",n_record_runs,445,0.0001725327812284,11592
Supplementary Figure 1,b,"Wandering albatross, 100 m",n_record_runs,446,0.0001725327812284,11592
Supplementary Figure 1,b,"Wandering albatross, 100 m",n_record_runs,447,0.0001725327812284,11592
Supplementary Figure 1,b,"Wandering albatross, 100 m",n_record_runs,448,0.0001725327812284,11592
Supplementary Figure 1,b,"Wandering albatross, 100 m",n_record_runs,449,0.0001725327812284,11592
Supplementary Figure 1,b,"Wandering albatross, 100 m",n_record_runs,450,0.0001725327812284,11592
Supplementary Figure 1,b,"Wandering albatross, 100 m",n_record_runs,451,0.0001725327812284,11592
Supplementary Figure 1,b,"Wandering albatross, 100 m",n_record_runs,452,0.0001725327812284,11592
Supplementary Figure 1,b,"Wandering albatross, 100 m",n_record_runs,453,0.0001725327812284,11592
Supplementary Figure 1,b,"Wandering albatross, 100 m",n_record_runs,454,0.0001725327812284,11592
Supplementary Figure 1,b,"Wandering albatross, 100 m",n_record_runs,455,0.0001725327812284,11592
Supplementary Figure 1,b,"Wandering albatross, 100 m",n_record_runs,456,0.0001725327812284,11592
Supplementary Figure 1,b,"Wandering albatross, 100 m",n_record_runs,457,0.0001725327812284,11592
Supplementary Figure 1,b,"Wandering albatross, 100 m",n_record_runs,458,0.0001725327812284,11592
Supplementary Figure 1,b,"Wandering albatross, 100 m",n_record_runs,459,0.0001725327812284,11592
Supplementary Figure 1,b,"Wandering albatross, 100 m",n_record_runs,460,0.0001725327812284,11592
Supplementary Figure 1,b,"Wandering albatross, 100 m",n_record_runs,461,0.0001725327812284,11592
Supplementary Figure 1,b,"Wandering albatross, 100 m",n_record_runs,462,0.0001725327812284,11592
Supplementary Figure 1,b,"Wandering albatross, 100 m",n_record_runs,463,0.0001725327812284,11592
Supplementary Figure 1,b,"Wandering albatross, 100 m",n_record_runs,464,0.0001725327812284,11592
Supplementary Figure 1,b,"Wandering albatross, 100 m",n_record_runs,465,0.0001725327812284,11592
Supplementary Figure 1,b,"Wandering albatross, 100 m",n_record_runs,466,0.0001725327812284,11592
Supplementary Figure 1,b,"Wandering albatross, 100 m",n_record_runs,467,0.0001725327812284,11592
Supplementary Figure 1,b,"Wandering albatross, 100 m",n_record_runs,468,0.0001725327812284,11592
Supplementary Figure 1,b,"Wandering albatross, 100 m",n_record_runs,469,0.0001725327812284,11592
Supplementary Figure 1,b,"Wandering albatross, 100 m",n_record_runs,470,0.0001725327812284,11592
Supplementary Figure 1,b,"Wandering albatross, 100 m",n_record_runs,471,0.0001725327812284,11592
Supplementary Figure 1,b,"Wandering albatross, 100 m",n_record_runs,472,0.0001725327812284,11592
Supplementary Figure 1,b,"Wandering albatross, 100 m",n_record_runs,473,8.62663906142167e-05,11592
Supplementary Figure 1,b,"Wandering albatross, 100 m",n_record_runs,474,8.62663906142167e-05,11592
Supplementary Figure 1,b,"Wandering albatross, 100 m",n_record_runs,475,8.62663906142167e-05,11592
Supplementary Figure 1,b,"Wandering albatross, 100 m",n_record_runs,476,8.62663906142167e-05,11592
Supplementary Figure 1,b,"Wandering albatross, 100 m",n_record_runs,477,8.62663906142167e-05,11592
Supplementary Figure 1,b,"Wandering albatross, 100 m",n_record_runs,478,8.62663906142167e-05,11592
Supplementary Figure 1,b,"Wandering albatross, 100 m",n_record_runs,479,8.62663906142167e-05,11592
Supplementary Figure 1,b,"Wandering albatross, 100 m",n_record_runs,480,8.62663906142167e-05,11592
Supplementary Figure 1,b,"Wandering albatross, 100 m",n_record_runs,481,8.62663906142167e-05,11592
Supplementary Figure 1,b,"Wandering albatross, 100 m",n_record_runs,482,8.62663906142167e-05,11592
Supplementary Figure 1,b,"Wandering albatross, 100 m",n_record_runs,483,8.62663906142167e-05,11592
Supplementary Figure 1,b,"Wandering albatross, 100 m",n_record_runs,484,8.62663906142167e-05,11592
Supplementary Figure 1,b,"Wandering albatross, 100 m",n_record_runs,485,8.62663906142167e-05,11592
Supplementary Figure 1,b,"Wandering albatross, 100 m",n_record_runs,486,8.62663906142167e-05,11592
Supplementary Figure 1,b,"Wandering albatross, 100 m",n_record_runs,487,8.62663906142167e-05,11592
Supplementary Figure 1,b,"Wandering albatross, 100 m",n_record_runs,488,8.62663906142167e-05,11592
Supplementary Figure 1,b,"Wandering albatross, 100 m",n_record_runs,489,8.62663906142167e-05,11592
Supplementary Figure 1,b,"Wandering albatross, 100 m",n_record_runs,490,8.62663906142167e-05,11592
Supplementary Figure 1,b,"Wandering albatross, 100 m",n_record_runs,491,8.62663906142167e-05,11592
Supplementary Figure 1,b,"Wandering albatross, 100 m",n_record_runs,492,8.62663906142167e-05,11592
Supplementary Figure 1,b,"Wandering albatross, 100 m",n_record_runs,493,8.62663906142167e-05,11592
Supplementary Figure 1,b,"Wandering albatross, 100 m",n_record_runs,494,8.62663906142167e-05,11592
Supplementary Figure 1,b,"Wandering albatross, 100 m",n_record_runs,495,8.62663906142167e-05,11592
Supplementary Figure 1,b,"Wandering albatross, 100 m",n_record_runs,496,8.62663906142167e-05,11592
Supplementary Figure 1,b,"Wandering albatross, 100 m",n_record_runs,497,8.62663906142167e-05,11592
Supplementary Figure 1,b,"Wandering albatross, 100 m",n_record_runs,498,8.62663906142167e-05,11592
Supplementary Figure 1,b,"Wandering albatross, 100 m",n_record_runs,499,8.62663906142167e-05,11592
Supplementary Figure 1,b,"Wandering albatross, 100 m",n_record_runs,500,8.62663906142167e-05,11592
Supplementary Figure 1,b,"Wandering albatross, 100 m",n_record_runs,501,8.62663906142167e-05,11592
Supplementary Figure 1,b,"Wandering albatross, 100 m",n_record_runs,502,8.62663906142167e-05,11592
Supplementary Figure 1,b,"Wandering albatross, 100 m",n_record_runs,503,8.62663906142167e-05,11592
Supplementary Figure 1,b,"Wandering albatross, 100 m",n_record_runs,504,8.62663906142167e-05,11592
Supplementary Figure 1,b,"Wandering albatross, 100 m",n_record_runs,505,8.62663906142167e-05,11592
Supplementary Figure 1,b,"Wandering albatross, 100 m",n_record_runs,506,8.62663906142167e-05,11592
Supplementary Figure 1,b,"Wandering albatross, 100 m",n_record_runs,507,8.62663906142167e-05,11592
Supplementary Figure 1,b,"Wandering albatross, 100 m",n_record_runs,508,8.62663906142167e-05,11592
Supplementary Figure 1,b,"Wandering albatross, 100 m",n_record_runs,509,8.62663906142167e-05,11592
Supplementary Figure 1,b,"Wandering albatross, 100 m",n_record_runs,510,8.62663906142167e-05,11592
Supplementary Figure 1,b,"Wandering albatross, 100 m",n_record_runs,511,8.62663906142167e-05,11592
Supplementary Figure 1,b,"Wandering albatross, 100 m",n_record_runs,512,8.62663906142167e-05,11592
Supplementary Figure 1,b,"Wandering albatross, 100 m",n_record_runs,513,8.62663906142167e-05,11592
Supplementary Figure 1,b,"Wandering albatross, 100 m",n_record_runs,514,8.62663906142167e-05,11592
Supplementary Figure 1,b,"Wandering albatross, 100 m",n_record_runs,515,8.62663906142167e-05,11592
Supplementary Figure 1,b,"Wandering albatross, 100 m",n_record_runs,516,8.62663906142167e-05,11592
Supplementary Figure 1,b,"Wandering albatross, 100 m",n_record_runs,517,8.62663906142167e-05,11592
Supplementary Figure 1,b,"Wandering albatross, 100 m",n_record_runs,518,8.62663906142167e-05,11592
Supplementary Figure 1,b,"Wandering albatross, 100 m",n_record_runs,519,8.62663906142167e-05,11592
Supplementary Figure 1,b,"Wandering albatross, 100 m",n_record_runs,520,8.62663906142167e-05,11592
Supplementary Figure 1,b,"Wandering albatross, 100 m",n_record_runs,521,8.62663906142167e-05,11592
Supplementary Figure 1,b,"Wandering albatross, 100 m",n_record_runs,522,8.62663906142167e-05,11592
Supplementary Figure 1,b,"Wandering albatross, 100 m",n_record_runs,523,8.62663906142167e-05,11592
Supplementary Figure 1,b,"Wandering albatross, 100 m",n_record_runs,524,8.62663906142167e-05,11592
Supplementary Figure 1,b,"Wandering albatross, 100 m",n_record_runs,525,8.62663906142167e-05,11592
Supplementary Figure 1,b,"Wandering albatross, 100 m",n_record_runs,526,8.62663906142167e-05,11592
Supplementary Figure 1,b,"Wandering albatross, 100 m",n_record_runs,527,8.62663906142167e-05,11592
Supplementary Figure 1,b,"Wandering albatross, 100 m",n_record_runs,528,8.62663906142167e-05,11592
Supplementary Figure 1,b,"Wandering albatross, 100 m",n_record_runs,529,8.62663906142167e-05,11592
Supplementary Figure 1,b,"Wandering albatross, 100 m",n_record_runs,530,8.62663906142167e-05,11592
Supplementary Figure 1,b,"Wandering albatross, 100 m",n_record_runs,531,8.62663906142167e-05,11592
Supplementary Figure 1,b,"Wandering albatross, 100 m",n_record_runs,532,8.62663906142167e-05,11592
Supplementary Figure 1,b,"Wandering albatross, 100 m",n_record_runs,533,8.62663906142167e-05,11592
Supplementary Figure 1,b,"Wandering albatross, 100 m",n_record_runs,534,8.62663906142167e-05,11592
Supplementary Figure 1,b,"Wandering albatross, 100 m",n_record_runs,535,8.62663906142167e-05,11592
Supplementary Figure 1,b,"Wandering albatross, 100 m",n_record_runs,536,8.62663906142167e-05,11592
Supplementary Figure 1,b,"Wandering albatross, 100 m",n_record_runs,537,8.62663906142167e-05,11592
Supplementary Figure 1,b,"Wandering albatross, 100 m",n_record_runs,538,8.62663906142167e-05,11592
Supplementary Figure 1,b,"Wandering albatross, 100 m",n_record_runs,539,8.62663906142167e-05,11592
Supplementary Figure 1,b,"Wandering albatross, 100 m",n_record_runs,540,8.62663906142167e-05,11592
Supplementary Figure 1,b,"Wandering albatross, 100 m",n_record_runs,541,8.62663906142167e-05,11592
Supplementary Figure 1,b,"Wandering albatross, 100 m",n_record_runs,542,8.62663906142167e-05,11592
Supplementary Figure 1,b,"Wandering albatross, 100 m",n_record_runs,543,8.62663906142167e-05,11592
Supplementary Figure 1,b,"Wandering albatross, 100 m",n_record_runs,544,8.62663906142167e-05,11592
Supplementary Figure 1,b,"Wandering albatross, 100 m",n_record_runs,545,8.62663906142167e-05,11592
Supplementary Figure 1,b,"Wandering albatross, 100 m",n_record_runs,546,8.62663906142167e-05,11592
Supplementary Figure 1,b,"Wandering albatross, 100 m",n_record_runs,547,8.62663906142167e-05,11592
Supplementary Figure 1,b,"Wandering albatross, 100 m",n_record_runs,548,8.62663906142167e-05,11592
Supplementary Figure 1,b,"Wandering albatross, 100 m",n_record_runs,549,8.62663906142167e-05,11592
Supplementary Figure 1,b,"Wandering albatross, 100 m",n_record_runs,550,8.62663906142167e-05,11592
Supplementary Figure 1,b,"Wandering albatross, 100 m",n_record_runs,551,8.62663906142167e-05,11592
Supplementary Figure 1,b,"Wandering albatross, 100 m",n_record_runs,552,8.62663906142167e-05,11592
Supplementary Figure 1,b,"Wandering albatross, 100 m",n_record_runs,553,8.62663906142167e-05,11592
Supplementary Figure 1,b,"Wandering albatross, 100 m",n_record_runs,554,8.62663906142167e-05,11592
Supplementary Figure 1,b,"Wandering albatross, 100 m",n_record_runs,555,8.62663906142167e-05,11592
Supplementary Figure 1,b,"Wandering albatross, 100 m",n_record_runs,556,8.62663906142167e-05,11592
Supplementary Figure 1,b,"Wandering albatross, 100 m",n_record_runs,557,8.62663906142167e-05,11592
Supplementary Figure 1,b,"Wandering albatross, 100 m",n_record_runs,558,8.62663906142167e-05,11592
Supplementary Figure 1,b,"Wandering albatross, 100 m",n_record_runs,559,8.62663906142167e-05,11592
Supplementary Figure 1,b,"Wandering albatross, 100 m",n_record_runs,560,8.62663906142167e-05,11592
Supplementary Figure 1,b,"Wandering albatross, 100 m",n_record_runs,561,8.62663906142167e-05,11592
Supplementary Figure 1,b,"Wandering albatross, 100 m",n_record_runs,562,8.62663906142167e-05,11592
Supplementary Figure 1,b,"Wandering albatross, 100 m",n_record_runs,563,8.62663906142167e-05,11592
Supplementary Figure 1,b,"Wandering albatross, 100 m",n_record_runs,564,8.62663906142167e-05,11592
Supplementary Figure 1,b,"Wandering albatross, 100 m",n_record_runs,565,8.62663906142167e-05,11592
Supplementary Figure 1,b,"Wandering albatross, 100 m",n_record_runs,566,8.62663906142167e-05,11592
Supplementary Figure 1,b,"Wandering albatross, 100 m",n_record_runs,567,8.62663906142167e-05,11592
Supplementary Figure 1,b,"Wandering albatross, 100 m",n_record_runs,568,8.62663906142167e-05,11592
Supplementary Figure 1,b,"Wandering albatross, 100 m",n_record_runs,569,8.62663906142167e-05,11592
Supplementary Figure 1,b,"Wandering albatross, 100 m",n_record_runs,570,8.62663906142167e-05,11592
Supplementary Figure 1,b,"Wandering albatross, 100 m",n_record_runs,571,8.62663906142167e-05,11592
Supplementary Figure 1,b,"Wandering albatross, 100 m",n_record_runs,572,8.62663906142167e-05,11592
Supplementary Figure 1,b,"Wandering albatross, 100 m",n_record_runs,573,8.62663906142167e-05,11592
Supplementary Figure 1,b,"Wandering albatross, 100 m",n_record_runs,574,8.62663906142167e-05,11592
Supplementary Figure 1,b,"Wandering albatross, 100 m",n_record_runs,575,8.62663906142167e-05,11592
Supplementary Figure 1,b,"Wandering albatross, 100 m",n_record_runs,576,8.62663906142167e-05,11592
Supplementary Figure 1,b,"Wandering albatross, 100 m",n_record_runs,577,8.62663906142167e-05,11592
Supplementary Figure 1,b,"Wandering albatross, 100 m",n_record_runs,578,8.62663906142167e-05,11592
Supplementary Figure 1,b,"Wandering albatross, 100 m",n_record_runs,579,8.62663906142167e-05,11592
Supplementary Figure 1,b,"Wandering albatross, 100 m",n_record_runs,580,8.62663906142167e-05,11592
Supplementary Figure 1,b,"Wandering albatross, 100 m",n_record_runs,581,8.62663906142167e-05,11592
Supplementary Figure 1,b,"Wandering albatross, 100 m",n_record_runs,582,8.62663906142167e-05,11592
Supplementary Figure 1,b,"Wandering albatross, 100 m",n_record_runs,583,8.62663906142167e-05,11592
Supplementary Figure 1,b,"Wandering albatross, 100 m",n_record_runs,584,8.62663906142167e-05,11592
Supplementary Figure 1,b,"Wandering albatross, 100 m",n_record_runs,585,8.62663906142167e-05,11592
Supplementary Figure 1,b,"Wandering albatross, 100 m",n_record_runs,586,8.62663906142167e-05,11592
Supplementary Figure 1,b,"Wandering albatross, 100 m",n_record_runs,587,8.62663906142167e-05,11592
Supplementary Figure 1,b,"Wandering albatross, 100 m",n_record_runs,588,8.62663906142167e-05,11592
Supplementary Figure 1,b,"Wandering albatross, 100 m",n_record_runs,589,8.62663906142167e-05,11592
Supplementary Figure 1,b,"Wandering albatross, 100 m",n_record_runs,590,8.62663906142167e-05,11592
Supplementary Figure 1,b,"Wandering albatross, 100 m",n_record_runs,591,8.62663906142167e-05,11592
Supplementary Figure 1,b,"Wandering albatross, 100 m",n_record_runs,592,8.62663906142167e-05,11592
Supplementary Figure 1,b,"Wandering albatross, 100 m",n_record_runs,593,8.62663906142167e-05,11592
Supplementary Figure 1,b,"Wandering albatross, 100 m",n_record_runs,594,8.62663906142167e-05,11592
Supplementary Figure 1,b,"Wandering albatross, 100 m",n_record_runs,595,8.62663906142167e-05,11592
Supplementary Figure 1,b,"Wandering albatross, 100 m",n_record_runs,596,8.62663906142167e-05,11592
Supplementary Figure 1,b,"Wandering albatross, 100 m",n_record_runs,597,8.62663906142167e-05,11592
Supplementary Figure 1,b,"Wandering albatross, 100 m",n_record_runs,598,8.62663906142167e-05,11592
Supplementary Figure 1,b,"Wandering albatross, 100 m",n_record_runs,599,8.62663906142167e-05,11592
Supplementary Figure 1,b,"Wandering albatross, 100 m",n_record_runs,600,8.62663906142167e-05,11592
Supplementary Figure 1,b,"Wandering albatross, 100 m",n_record_runs,601,8.62663906142167e-05,11592
Supplementary Figure 1,b,"Wandering albatross, 100 m",n_record_runs,602,8.62663906142167e-05,11592
Supplementary Figure 1,b,"Wandering albatross, 100 m",n_record_runs,603,8.62663906142167e-05,11592
Supplementary Figure 1,b,"Wandering albatross, 100 m",n_record_runs,604,8.62663906142167e-05,11592
Supplementary Figure 1,b,"Wandering albatross, 100 m",n_record_runs,605,8.62663906142167e-05,11592
Supplementary Figure 1,b,"Wandering albatross, 100 m",n_record_runs,606,8.62663906142167e-05,11592
Supplementary Figure 1,b,"Wandering albatross, 100 m",n_record_runs,607,8.62663906142167e-05,11592
Supplementary Figure 1,b,"Wandering albatross, 100 m",n_record_runs,608,8.62663906142167e-05,11592
Supplementary Figure 1,b,"Wandering albatross, 100 m",n_record_runs,609,8.62663906142167e-05,11592
Supplementary Figure 1,b,"Wandering albatross, 100 m",n_record_runs,610,8.62663906142167e-05,11592
Supplementary Figure 1,b,"Wandering albatross, 100 m",n_record_runs,611,8.62663906142167e-05,11592
Supplementary Figure 1,b,"Wandering albatross, 100 m",n_record_runs,612,8.62663906142167e-05,11592
Supplementary Figure 1,b,"Wandering albatross, 100 m",n_record_runs,613,8.62663906142167e-05,11592
Supplementary Figure 1,b,"Wandering albatross, 100 m",n_record_runs,614,8.62663906142167e-05,11592
Supplementary Figure 1,b,"Wandering albatross, 100 m",n_record_runs,615,8.62663906142167e-05,11592
Supplementary Figure 1,b,"Wandering albatross, 100 m",n_record_runs,616,8.62663906142167e-05,11592
Supplementary Figure 1,b,"Wandering albatross, 100 m",n_record_runs,617,8.62663906142167e-05,11592
Supplementary Figure 1,b,"Wandering albatross, 100 m",n_record_runs,618,8.62663906142167e-05,11592
Supplementary Figure 1,b,"Wandering albatross, 100 m",n_record_runs,619,8.62663906142167e-05,11592
Supplementary Figure 1,b,"Wandering albatross, 100 m",n_record_runs,620,8.62663906142167e-05,11592
Supplementary Figure 1,b,"Wandering albatross, 100 m",n_record_runs,621,8.62663906142167e-05,11592
Supplementary Figure 1,b,"Wandering albatross, 100 m",n_record_runs,622,8.62663906142167e-05,11592
Supplementary Figure 1,b,"Wandering albatross, 100 m",n_record_runs,623,8.62663906142167e-05,11592
Supplementary Figure 1,b,"Wandering albatross, 100 m",n_record_runs,624,8.62663906142167e-05,11592
Supplementary Figure 1,b,"Wandering albatross, 100 m",n_record_runs,625,8.62663906142167e-05,11592
Supplementary Figure 1,b,"Wandering albatross, 100 m",n_record_runs,626,8.62663906142167e-05,11592
Supplementary Figure 1,b,"Wandering albatross, 100 m",n_record_runs,627,8.62663906142167e-05,11592
Supplementary Figure 1,b,"Wandering albatross, 100 m",n_record_runs,628,8.62663906142167e-05,11592
Supplementary Figure 1,b,"Wandering albatross, 100 m",n_record_runs,629,8.62663906142167e-05,11592
Supplementary Figure 1,b,"Wandering albatross, 100 m",n_record_runs,630,8.62663906142167e-05,11592
Supplementary Figure 1,b,"Wandering albatross, 100 m",n_record_runs,631,8.62663906142167e-05,11592
Supplementary Figure 1,b,"Wandering albatross, 100 m",n_record_runs,632,8.62663906142167e-05,11592
Supplementary Figure 1,b,"Wandering albatross, 100 m",n_record_runs,633,8.62663906142167e-05,11592
Supplementary Figure 1,b,"Wandering albatross, 100 m",n_record_runs,634,8.62663906142167e-05,11592
Supplementary Figure 1,b,"Wandering albatross, 100 m",n_record_runs,635,8.62663906142167e-05,11592
Supplementary Figure 1,b,"Wandering albatross, 100 m",n_record_runs,636,8.62663906142167e-05,11592
Supplementary Figure 1,b,"Wandering albatross, 100 m",n_record_runs,637,8.62663906142167e-05,11592
Supplementary Figure 1,b,"Wandering albatross, 100 m",n_record_runs,638,8.62663906142167e-05,11592
Supplementary Figure 1,b,"Wandering albatross, 100 m",n_record_runs,639,8.62663906142167e-05,11592
Supplementary Figure 1,b,"Wandering albatross, 100 m",n_record_runs,640,8.62663906142167e-05,11592
Supplementary Figure 1,b,"Wandering albatross, 100 m",n_record_runs,641,8.62663906142167e-05,11592
Supplementary Figure 1,b,"Wandering albatross, 100 m",n_record_runs,642,8.62663906142167e-05,11592
Supplementary Figure 1,b,"Wandering albatross, 100 m",n_record_runs,643,8.62663906142167e-05,11592
Supplementary Figure 1,b,"Wandering albatross, 100 m",n_record_runs,644,8.62663906142167e-05,11592
Supplementary Figure 1,b,"Wandering albatross, 100 m",n_record_runs,645,8.62663906142167e-05,11592
Supplementary Figure 1,b,"Wandering albatross, 100 m",n_record_runs,646,8.62663906142167e-05,11592
Supplementary Figure 1,b,"Wandering albatross, 100 m",n_record_runs,647,8.62663906142167e-05,11592
Supplementary Figure 1,b,"Wandering albatross, 100 m",n_record_runs,648,8.62663906142167e-05,11592
Supplementary Figure 1,b,"Wandering albatross, 100 m",n_record_runs,649,8.62663906142167e-05,11592
Supplementary Figure 1,b,"Wandering albatross, 100 m",n_record_runs,650,8.62663906142167e-05,11592
Supplementary Figure 1,b,"Wandering albatross, 100 m",n_record_runs,651,8.62663906142167e-05,11592
Supplementary Figure 1,b,"Wandering albatross, 100 m",n_record_runs,652,8.62663906142167e-05,11592
Supplementary Figure 1,b,"Wandering albatross, 100 m",n_record_runs,653,8.62663906142167e-05,11592
Supplementary Figure 1,b,"Wandering albatross, 100 m",n_record_runs,654,8.62663906142167e-05,11592
Supplementary Figure 1,b,"Wandering albatross, 100 m",n_record_runs,655,8.62663906142167e-05,11592
Supplementary Figure 1,b,"Wandering albatross, 100 m",n_record_runs,656,8.62663906142167e-05,11592
Supplementary Figure 1,b,"Wandering albatross, 100 m",n_record_runs,657,8.62663906142167e-05,11592
Supplementary Figure 1,b,"Wandering albatross, 100 m",n_record_runs,658,8.62663906142167e-05,11592
Supplementary Figure 1,b,"Wandering albatross, 100 m",n_record_runs,659,8.62663906142167e-05,11592
Supplementary Figure 1,b,"Wandering albatross, 100 m",n_record_runs,660,8.62663906142167e-05,11592
Supplementary Figure 1,b,"Wandering albatross, 100 m",n_record_runs,661,8.62663906142167e-05,11592
Supplementary Figure 1,b,"Wandering albatross, 100 m",n_record_runs,662,8.62663906142167e-05,11592
Supplementary Figure 1,b,"Wandering albatross, 100 m",n_record_runs,663,8.62663906142167e-05,11592
Supplementary Figure 1,b,"Wandering albatross, 100 m",n_record_runs,664,8.62663906142167e-05,11592
Supplementary Figure 1,b,"Wandering albatross, 100 m",n_record_runs,665,8.62663906142167e-05,11592
Supplementary Figure 1,b,"Wandering albatross, 100 m",n_record_runs,666,8.62663906142167e-05,11592
Supplementary Figure 1,b,"Wandering albatross, 100 m",n_record_runs,667,8.62663906142167e-05,11592
Supplementary Figure 1,b,"Wandering albatross, 100 m",n_record_runs,668,8.62663906142167e-05,11592
Supplementary Figure 1,b,"Wandering albatross, 100 m",n_record_runs,669,8.62663906142167e-05,11592
Supplementary Figure 1,b,"Wandering albatross, 100 m",n_record_runs,670,8.62663906142167e-05,11592
Supplementary Figure 1,b,"Wandering albatross, 100 m",n_record_runs,671,8.62663906142167e-05,11592
Supplementary Figure 1,b,"Wandering albatross, 100 m",n_record_runs,672,8.62663906142167e-05,11592
Supplementary Figure 1,b,"Wandering albatross, 100 m",n_record_runs,673,8.62663906142167e-05,11592
Supplementary Figure 1,b,"Wandering albatross, 100 m",n_record_runs,674,8.62663906142167e-05,11592
Supplementary Figure 1,b,"Wandering albatross, 100 m",n_record_runs,675,8.62663906142167e-05,11592
Supplementary Figure 1,b,"Wandering albatross, 100 m",n_record_runs,676,8.62663906142167e-05,11592
Supplementary Figure 1,b,"Wandering albatross, 100 m",n_record_runs,677,8.62663906142167e-05,11592
Supplementary Figure 1,b,"Wandering albatross, 100 m",n_record_runs,678,8.62663906142167e-05,11592
Supplementary Figure 1,b,"Wandering albatross, 100 m",n_record_runs,679,8.62663906142167e-05,11592
Supplementary Figure 1,b,"Wandering albatross, 100 m",n_record_runs,680,8.62663906142167e-05,11592
Supplementary Figure 1,b,"Wandering albatross, 100 m",n_record_runs,681,8.62663906142167e-05,11592
Supplementary Figure 1,b,"Wandering albatross, 100 m",n_record_runs,682,8.62663906142167e-05,11592
Supplementary Figure 1,b,"Wandering albatross, 100 m",n_record_runs,683,8.62663906142167e-05,11592
Supplementary Figure 1,b,"Wandering albatross, 100 m",n_record_runs,684,8.62663906142167e-05,11592
Supplementary Figure 1,b,"Wandering albatross, 100 m",n_record_runs,685,8.62663906142167e-05,11592
Supplementary Figure 1,b,"Wandering albatross, 100 m",n_record_runs,686,8.62663906142167e-05,11592
Supplementary Figure 1,b,"Wandering albatross, 100 m",n_record_runs,687,8.62663906142167e-05,11592
Supplementary Figure 1,b,"Wandering albatross, 100 m",n_record_runs,688,8.62663906142167e-05,11592
Supplementary Figure 1,b,"Wandering albatross, 100 m",n_record_runs,689,8.62663906142167e-05,11592
Supplementary Figure 1,b,"Wandering albatross, 100 m",n_record_runs,690,8.62663906142167e-05,11592
Supplementary Figure 1,b,"Wandering albatross, 100 m",n_record_runs,691,8.62663906142167e-05,11592
Supplementary Figure 1,b,"Wandering albatross, 100 m",n_record_runs,692,8.62663906142167e-05,11592
Supplementary Figure 1,b,"Wandering albatross, 100 m",n_record_runs,693,8.62663906142167e-05,11592
Supplementary Figure 1,b,"Wandering albatross, 100 m",n_record_runs,694,8.62663906142167e-05,11592
Supplementary Figure 1,b,"Wandering albatross, 100 m",n_record_runs,695,8.62663906142167e-05,11592
Supplementary Figure 1,b,"Wandering albatross, 100 m",n_record_runs,696,8.62663906142167e-05,11592
Supplementary Figure 1,b,"Wandering albatross, 100 m",n_record_runs,697,8.62663906142167e-05,11592
Supplementary Figure 1,b,"Wandering albatross, 100 m",n_record_runs,698,8.62663906142167e-05,11592
Supplementary Figure 1,b,"Wandering albatross, 100 m",n_record_runs,699,8.62663906142167e-05,11592
Supplementary Figure 1,b,"Wandering albatross, 100 m",n_record_runs,700,8.62663906142167e-05,11592
Supplementary Figure 1,b,"Wandering albatross, 100 m",n_record_runs,701,8.62663906142167e-05,11592
Supplementary Figure 1,b,"Wandering albatross, 100 m",n_record_runs,702,8.62663906142167e-05,11592
Supplementary Figure 1,b,"Wandering albatross, 100 m",n_record_runs,703,8.62663906142167e-05,11592
Supplementary Figure 1,b,"Wandering albatross, 100 m",n_record_runs,704,8.62663906142167e-05,11592
Supplementary Figure 1,b,"Wandering albatross, 100 m",n_record_runs,705,8.62663906142167e-05,11592
Supplementary Figure 1,a,"Red-footed booby, four scales",n_runs,3,1.0,5273
Supplementary Figure 1,a,"Red-footed booby, four scales",n_runs,4,0.8139578987293761,5273
Supplementary Figure 1,a,"Red-footed booby, four scales",n_runs,5,0.6753271382514697,5273
Supplementary Figure 1,a,"Red-footed booby, four scales",n_runs,6,0.5655224729755357,5273
Supplementary Figure 1,a,"Red-footed booby, four scales",n_runs,7,0.4917504267020671,5273
Supplementary Figure 1,a,"Red-footed booby, four scales",n_runs,8,0.427460648587142,5273
Supplementary Figure 1,a,"Red-footed booby, four scales",n_runs,9,0.3753081737151527,5273
Supplementary Figure 1,a,"Red-footed booby, four scales",n_runs,10,0.3341551299070737,5273
Supplementary Figure 1,a,"Red-footed booby, four scales",n_runs,11,0.3013464820785131,5273
Supplementary Figure 1,a,"Red-footed booby, four scales",n_runs,12,0.2742271951450787,5273
Supplementary Figure 1,a,"Red-footed booby, four scales",n_runs,13,0.2484354257538403,5273
Supplementary Figure 1,a,"Red-footed booby, four scales",n_runs,14,0.2247297553574815,5273
Supplementary Figure 1,a,"Red-footed booby, four scales",n_runs,15,0.2010240849611227,5273
Supplementary Figure 1,a,"Red-footed booby, four scales",n_runs,16,0.1826284847335482,5273
Supplementary Figure 1,a,"Red-footed booby, four scales",n_runs,17,0.1663189835008534,5273
Supplementary Figure 1,a,"Red-footed booby, four scales",n_runs,18,0.1553195524369429,5273
Supplementary Figure 1,a,"Red-footed booby, four scales",n_runs,19,0.142044377014982,5273
Supplementary Figure 1,a,"Red-footed booby, four scales",n_runs,20,0.1323724634932676,5273
Supplementary Figure 1,a,"Red-footed booby, four scales",n_runs,21,0.1189076427081357,5273
Supplementary Figure 1,a,"Red-footed booby, four scales",n_runs,22,0.1084771477337379,5273
Supplementary Figure 1,a,"Red-footed booby, four scales",n_runs,23,0.0967191352171439,5273
Supplementary Figure 1,a,"Red-footed booby, four scales",n_runs,24,0.0910297743220178,5273
Supplementary Figure 1,a,"Red-footed booby, four scales",n_runs,25,0.080409633984449,5273
Supplementary Figure 1,a,"Red-footed booby, four scales",n_runs,26,0.0762374359946899,5273
Supplementary Figure 1,a,"Red-footed booby, four scales",n_runs,27,0.0718755926417599,5273
Supplementary Figure 1,a,"Red-footed booby, four scales",n_runs,28,0.064289778114925,5273
Supplementary Figure 1,a,"Red-footed booby, four scales",n_runs,29,0.0610658069410202,5273
Supplementary Figure 1,a,"Red-footed booby, four scales",n_runs,30,0.0576521904039446,5273
Supplementary Figure 1,a,"Red-footed booby, four scales",n_runs,31,0.0534799924141854,5273
Supplementary Figure 1,a,"Red-footed booby, four scales",n_runs,32,0.0498767305139389,5273
Supplementary Figure 1,a,"Red-footed booby, four scales",n_runs,33,0.0460838232505215,5273
Supplementary Figure 1,a,"Red-footed booby, four scales",n_runs,34,0.0419116252607623,5273
Supplementary Figure 1,a,"Red-footed booby, four scales",n_runs,35,0.039446235539541,5273
Supplementary Figure 1,a,"Red-footed booby, four scales",n_runs,36,0.0371704911814906,5273
Supplementary Figure 1,a,"Red-footed booby, four scales",n_runs,37,0.0358429736392945,5273
Supplementary Figure 1,a,"Red-footed booby, four scales",n_runs,38,0.0343258107339275,5273
Supplementary Figure 1,a,"Red-footed booby, four scales",n_runs,39,0.0331879385549023,5273
Supplementary Figure 1,a,"Red-footed booby, four scales",n_runs,40,0.0318604210127062,5273
Supplementary Figure 1,a,"Red-footed booby, four scales",n_runs,41,0.0316707756495353,5273
Supplementary Figure 1,a,"Red-footed booby, four scales",n_runs,42,0.0295846766546557,5273
Supplementary Figure 1,a,"Red-footed booby, four scales",n_runs,43,0.0261710601175801,5273
Supplementary Figure 1,a,"Red-footed booby, four scales",n_runs,44,0.0238953157595296,5273
Supplementary Figure 1,a,"Red-footed booby, four scales",n_runs,45,0.0218092167646501,5273
Supplementary Figure 1,a,"Red-footed booby, four scales",n_runs,46,0.0210506353119666,5273
Supplementary Figure 1,a,"Red-footed booby, four scales",n_runs,47,0.0202920538592831,5273
Supplementary Figure 1,a,"Red-footed booby, four scales",n_runs,48,0.0195334724065996,5273
Supplementary Figure 1,a,"Red-footed booby, four scales",n_runs,49,0.0193438270434287,5273
Supplementary Figure 1,a,"Red-footed booby, four scales",n_runs,50,0.018964536317087,5273
Supplementary Figure 1,a,"Red-footed booby, four scales",n_runs,51,0.0182059548644035,5273
Supplementary Figure 1,a,"Red-footed booby, four scales",n_runs,52,0.0164991465958657,5273
Supplementary Figure 1,a,"Red-footed booby, four scales",n_runs,53,0.0159302105063531,5273
Supplementary Figure 1,a,"Red-footed booby, four scales",n_runs,54,0.0144130476009861,5273
Supplementary Figure 1,a,"Red-footed booby, four scales",n_runs,55,0.0142234022378152,5273
Supplementary Figure 1,a,"Red-footed booby, four scales",n_runs,56,0.0140337568746444,5273
Supplementary Figure 1,a,"Red-footed booby, four scales",n_runs,57,0.0140337568746444,5273
Supplementary Figure 1,a,"Red-footed booby, four scales",n_runs,58,0.0134648207851318,5273
Supplementary Figure 1,a,"Red-footed booby, four scales",n_runs,59,0.0128958846956191,5273
Supplementary Figure 1,a,"Red-footed booby, four scales",n_runs,60,0.0125165939692774,5273
Supplementary Figure 1,a,"Red-footed booby, four scales",n_runs,61,0.0121373032429357,5273
Supplementary Figure 1,a,"Red-footed booby, four scales",n_runs,62,0.0111890764270813,5273
Supplementary Figure 1,a,"Red-footed booby, four scales",n_runs,63,0.0111890764270813,5273
Supplementary Figure 1,a,"Red-footed booby, four scales",n_runs,64,0.0111890764270813,5273
Supplementary Figure 1,a,"Red-footed booby, four scales",n_runs,65,0.0104304949743978,5273
Supplementary Figure 1,a,"Red-footed booby, four scales",n_runs,66,0.0094822681585435,5273
Supplementary Figure 1,a,"Red-footed booby, four scales",n_runs,67,0.0092926227953726,5273
Supplementary Figure 1,a,"Red-footed booby, four scales",n_runs,68,0.0092926227953726,5273
Supplementary Figure 1,a,"Red-footed booby, four scales",n_runs,69,0.0085340413426891,5273
Supplementary Figure 1,a,"Red-footed booby, four scales",n_runs,70,0.0085340413426891,5273
Supplementary Figure 1,a,"Red-footed booby, four scales",n_runs,71,0.0083443959795183,5273
Supplementary Figure 1,a,"Red-footed booby, four scales",n_runs,72,0.0081547506163474,5273
Supplementary Figure 1,a,"Red-footed booby, four scales",n_runs,73,0.0073961691636639,5273
Supplementary Figure 1,a,"Red-footed booby, four scales",n_runs,74,0.0066375877109804,5273
Supplementary Figure 1,a,"Red-footed booby, four scales",n_runs,75,0.0066375877109804,5273
Supplementary Figure 1,a,"Red-footed booby, four scales",n_runs,76,0.0060686516214678,5273
Supplementary Figure 1,a,"Red-footed booby, four scales",n_runs,77,0.0060686516214678,5273
Supplementary Figure 1,a,"Red-footed booby, four scales",n_runs,78,0.0049307794424426,5273
Supplementary Figure 1,a,"Red-footed booby, four scales",n_runs,79,0.0049307794424426,5273
Supplementary Figure 1,a,"Red-footed booby, four scales",n_runs,80,0.0049307794424426,5273
Supplementary Figure 1,a,"Red-footed booby, four scales",n_runs,81,0.0045514887161008,5273
Supplementary Figure 1,a,"Red-footed booby, four scales",n_runs,82,0.0045514887161008,5273
Supplementary Figure 1,a,"Red-footed booby, four scales",n_runs,83,0.0045514887161008,5273
Supplementary Figure 1,a,"Red-footed booby, four scales",n_runs,84,0.0045514887161008,5273
Supplementary Figure 1,a,"Red-footed booby, four scales",n_runs,85,0.0045514887161008,5273
Supplementary Figure 1,a,"Red-footed booby, four scales",n_runs,86,0.0045514887161008,5273
Supplementary Figure 1,a,"Red-footed booby, four scales",n_runs,87,0.0045514887161008,5273
Supplementary Figure 1,a,"Red-footed booby, four scales",n_runs,88,0.00436184335293,5273
Supplementary Figure 1,a,"Red-footed booby, four scales",n_runs,89,0.00436184335293,5273
Supplementary Figure 1,a,"Red-footed booby, four scales",n_runs,90,0.00436184335293,5273
Supplementary Figure 1,a,"Red-footed booby, four scales",n_runs,91,0.00436184335293,5273
Supplementary Figure 1,a,"Red-footed booby, four scales",n_runs,92,0.00436184335293,5273
Supplementary Figure 1,a,"Red-footed booby, four scales",n_runs,93,0.00436184335293,5273
Supplementary Figure 1,a,"Red-footed booby, four scales",n_runs,94,0.0041721979897591,5273
Supplementary Figure 1,a,"Red-footed booby, four scales",n_runs,95,0.0041721979897591,5273
Supplementary Figure 1,a,"Red-footed booby, four scales",n_runs,96,0.0041721979897591,5273
Supplementary Figure 1,a,"Red-footed booby, four scales",n_runs,97,0.0041721979897591,5273
Supplementary Figure 1,a,"Red-footed booby, four scales",n_runs,98,0.0041721979897591,5273
Supplementary Figure 1,a,"Red-footed booby, four scales",n_runs,99,0.0041721979897591,5273
Supplementary Figure 1,a,"Red-footed booby, four scales",n_runs,100,0.0041721979897591,5273
Supplementary Figure 1,a,"Red-footed booby, four scales",n_runs,101,0.0041721979897591,5273
Supplementary Figure 1,a,"Red-footed booby, four scales",n_runs,102,0.0041721979897591,5273
Supplementary Figure 1,a,"Red-footed booby, four scales",n_runs,103,0.0037929072634174,5273
Supplementary Figure 1,a,"Red-footed booby, four scales",n_runs,104,0.0037929072634174,5273
Supplementary Figure 1,a,"Red-footed booby, four scales",n_runs,105,0.0037929072634174,5273
Supplementary Figure 1,a,"Red-footed booby, four scales",n_runs,106,0.0037929072634174,5273
Supplementary Figure 1,a,"Red-footed booby, four scales",n_runs,107,0.0037929072634174,5273
Supplementary Figure 1,a,"Red-footed booby, four scales",n_runs,108,0.0037929072634174,5273
Supplementary Figure 1,a,"Red-footed booby, four scales",n_runs,109,0.0034136165370756,5273
Supplementary Figure 1,a,"Red-footed booby, four scales",n_runs,110,0.0034136165370756,5273
Supplementary Figure 1,a,"Red-footed booby, four scales",n_runs,111,0.0034136165370756,5273
Supplementary Figure 1,a,"Red-footed booby, four scales",n_runs,112,0.0034136165370756,5273
Supplementary Figure 1,a,"Red-footed booby, four scales",n_runs,113,0.0034136165370756,5273
Supplementary Figure 1,a,"Red-footed booby, four scales",n_runs,114,0.0034136165370756,5273
Supplementary Figure 1,a,"Red-footed booby, four scales",n_runs,115,0.0034136165370756,5273
Supplementary Figure 1,a,"Red-footed booby, four scales",n_runs,116,0.0034136165370756,5273
Supplementary Figure 1,a,"Red-footed booby, four scales",n_runs,117,0.0034136165370756,5273
Supplementary Figure 1,a,"Red-footed booby, four scales",n_runs,118,0.0034136165370756,5273
Supplementary Figure 1,a,"Red-footed booby, four scales",n_runs,119,0.0034136165370756,5273
Supplementary Figure 1,a,"Red-footed booby, four scales",n_runs,120,0.0034136165370756,5273
Supplementary Figure 1,a,"Red-footed booby, four scales",n_runs,121,0.0034136165370756,5273
Supplementary Figure 1,a,"Red-footed booby, four scales",n_runs,122,0.0034136165370756,5273
Supplementary Figure 1,a,"Red-footed booby, four scales",n_runs,123,0.0034136165370756,5273
Supplementary Figure 1,a,"Red-footed booby, four scales",n_runs,124,0.0034136165370756,5273
Supplementary Figure 1,a,"Red-footed booby, four scales",n_runs,125,0.0032239711739047,5273
Supplementary Figure 1,a,"Red-footed booby, four scales",n_runs,126,0.0032239711739047,5273
Supplementary Figure 1,a,"Red-footed booby, four scales",n_runs,127,0.0032239711739047,5273
Supplementary Figure 1,a,"Red-footed booby, four scales",n_runs,128,0.0032239711739047,5273
Supplementary Figure 1,a,"Red-footed booby, four scales",n_runs,129,0.0032239711739047,5273
Supplementary Figure 1,a,"Red-footed booby, four scales",n_runs,130,0.0032239711739047,5273
Supplementary Figure 1,a,"Red-footed booby, four scales",n_runs,131,0.0032239711739047,5273
Supplementary Figure 1,a,"Red-footed booby, four scales",n_runs,132,0.0032239711739047,5273
Supplementary Figure 1,a,"Red-footed booby, four scales",n_runs,133,0.0032239711739047,5273
Supplementary Figure 1,a,"Red-footed booby, four scales",n_runs,134,0.0024653897212213,5273
Supplementary Figure 1,a,"Red-footed booby, four scales",n_runs,135,0.0024653897212213,5273
Supplementary Figure 1,a,"Red-footed booby, four scales",n_runs,136,0.0024653897212213,5273
Supplementary Figure 1,a,"Red-footed booby, four scales",n_runs,137,0.0024653897212213,5273
Supplementary Figure 1,a,"Red-footed booby, four scales",n_runs,138,0.0024653897212213,5273
Supplementary Figure 1,a,"Red-footed booby, four scales",n_runs,139,0.0024653897212213,5273
Supplementary Figure 1,a,"Red-footed booby, four scales",n_runs,140,0.0024653897212213,5273
Supplementary Figure 1,a,"Red-footed booby, four scales",n_runs,141,0.0024653897212213,5273
Supplementary Figure 1,a,"Red-footed booby, four scales",n_runs,142,0.0024653897212213,5273
Supplementary Figure 1,a,"Red-footed booby, four scales",n_runs,143,0.0024653897212213,5273
Supplementary Figure 1,a,"Red-footed booby, four scales",n_runs,144,0.0024653897212213,5273
Supplementary Figure 1,a,"Red-footed booby, four scales",n_runs,145,0.0024653897212213,5273
Supplementary Figure 1,a,"Red-footed booby, four scales",n_runs,146,0.0020860989948795,5273
Supplementary Figure 1,a,"Red-footed booby, four scales",n_runs,147,0.0020860989948795,5273
Supplementary Figure 1,a,"Red-footed booby, four scales",n_runs,148,0.0020860989948795,5273
Supplementary Figure 1,a,"Red-footed booby, four scales",n_runs,149,0.0020860989948795,5273
Supplementary Figure 1,a,"Red-footed booby, four scales",n_runs,150,0.0020860989948795,5273
Supplementary Figure 1,a,"Red-footed booby, four scales",n_runs,151,0.001327517542196,5273
Supplementary Figure 1,a,"Red-footed booby, four scales",n_runs,152,0.001327517542196,5273
Supplementary Figure 1,a,"Red-footed booby, four scales",n_runs,153,0.001327517542196,5273
Supplementary Figure 1,a,"Red-footed booby, four scales",n_runs,154,0.001327517542196,5273
Supplementary Figure 1,a,"Red-footed booby, four scales",n_runs,155,0.001327517542196,5273
Supplementary Figure 1,a,"Red-footed booby, four scales",n_runs,156,0.001327517542196,5273
Supplementary Figure 1,a,"Red-footed booby, four scales",n_runs,157,0.001327517542196,5273
Supplementary Figure 1,a,"Red-footed booby, four scales",n_runs,158,0.001327517542196,5273
Supplementary Figure 1,a,"Red-footed booby, four scales",n_runs,159,0.001327517542196,5273
Supplementary Figure 1,a,"Red-footed booby, four scales",n_runs,160,0.001327517542196,5273
Supplementary Figure 1,a,"Red-footed booby, four scales",n_runs,161,0.001327517542196,5273
Supplementary Figure 1,a,"Red-footed booby, four scales",n_runs,162,0.001327517542196,5273
Supplementary Figure 1,a,"Red-footed booby, four scales",n_runs,163,0.001327517542196,5273
Supplementary Figure 1,a,"Red-footed booby, four scales",n_runs,164,0.001327517542196,5273
Supplementary Figure 1,a,"Red-footed booby, four scales",n_runs,165,0.001327517542196,5273
Supplementary Figure 1,a,"Red-footed booby, four scales",n_runs,166,0.001327517542196,5273
Supplementary Figure 1,a,"Red-footed booby, four scales",n_runs,167,0.001327517542196,5273
Supplementary Figure 1,a,"Red-footed booby, four scales",n_runs,168,0.001327517542196,5273
Supplementary Figure 1,a,"Red-footed booby, four scales",n_runs,169,0.001327517542196,5273
Supplementary Figure 1,a,"Red-footed booby, four scales",n_runs,170,0.001327517542196,5273
Supplementary Figure 1,a,"Red-footed booby, four scales",n_runs,171,0.001327517542196,5273
Supplementary Figure 1,a,"Red-footed booby, four scales",n_runs,172,0.001327517542196,5273
Supplementary Figure 1,a,"Red-footed booby, four scales",n_runs,173,0.0007585814526834,5273
Supplementary Figure 1,a,"Red-footed booby, four scales",n_runs,174,0.0007585814526834,5273
Supplementary Figure 1,a,"Red-footed booby, four scales",n_runs,175,0.0007585814526834,5273
Supplementary Figure 1,a,"Red-footed booby, four scales",n_runs,176,0.0007585814526834,5273
Supplementary Figure 1,a,"Red-footed booby, four scales",n_runs,177,0.0007585814526834,5273
Supplementary Figure 1,a,"Red-footed booby, four scales",n_runs,178,0.0007585814526834,5273
Supplementary Figure 1,a,"Red-footed booby, four scales",n_runs,179,0.0007585814526834,5273
Supplementary Figure 1,a,"Red-footed booby, four scales",n_runs,180,0.0007585814526834,5273
Supplementary Figure 1,a,"Red-footed booby, four scales",n_runs,181,0.0007585814526834,5273
Supplementary Figure 1,a,"Red-footed booby, four scales",n_runs,182,0.0007585814526834,5273
Supplementary Figure 1,a,"Red-footed booby, four scales",n_runs,183,0.0007585814526834,5273
Supplementary Figure 1,a,"Red-footed booby, four scales",n_runs,184,0.0007585814526834,5273
Supplementary Figure 1,a,"Red-footed booby, four scales",n_runs,185,0.0007585814526834,5273
Supplementary Figure 1,a,"Red-footed booby, four scales",n_runs,186,0.0007585814526834,5273
Supplementary Figure 1,a,"Red-footed booby, four scales",n_runs,187,0.0007585814526834,5273
Supplementary Figure 1,a,"Red-footed booby, four scales",n_runs,188,0.0007585814526834,5273
Supplementary Figure 1,a,"Red-footed booby, four scales",n_runs,189,0.0007585814526834,5273
Supplementary Figure 1,a,"Red-footed booby, four scales",n_runs,190,0.0007585814526834,5273
Supplementary Figure 1,a,"Red-footed booby, four scales",n_runs,191,0.0007585814526834,5273
Supplementary Figure 1,a,"Red-footed booby, four scales",n_runs,192,0.0007585814526834,5273
Supplementary Figure 1,a,"Red-footed booby, four scales",n_runs,193,0.0007585814526834,5273
Supplementary Figure 1,a,"Red-footed booby, four scales",n_runs,194,0.0007585814526834,5273
Supplementary Figure 1,a,"Red-footed booby, four scales",n_runs,195,0.0007585814526834,5273
Supplementary Figure 1,a,"Red-footed booby, four scales",n_runs,196,0.0007585814526834,5273
Supplementary Figure 1,a,"Red-footed booby, four scales",n_runs,197,0.0007585814526834,5273
Supplementary Figure 1,a,"Red-footed booby, four scales",n_runs,198,0.0007585814526834,5273
Supplementary Figure 1,a,"Red-footed booby, four scales",n_runs,199,0.0007585814526834,5273
Supplementary Figure 1,a,"Red-footed booby, four scales",n_runs,200,0.0007585814526834,5273
Supplementary Figure 1,a,"Red-footed booby, four scales",n_runs,201,0.0007585814526834,5273
Supplementary Figure 1,a,"Red-footed booby, four scales",n_runs,202,0.0007585814526834,5273
Supplementary Figure 1,a,"Red-footed booby, four scales",n_runs,203,0.0007585814526834,5273
Supplementary Figure 1,a,"Red-footed booby, four scales",n_runs,204,0.0007585814526834,5273
Supplementary Figure 1,a,"Red-footed booby, four scales",n_runs,205,0.0007585814526834,5273
Supplementary Figure 1,a,"Red-footed booby, four scales",n_runs,206,0.0007585814526834,5273
Supplementary Figure 1,a,"Red-footed booby, four scales",n_runs,207,0.0007585814526834,5273
Supplementary Figure 1,a,"Red-footed booby, four scales",n_runs,208,0.0007585814526834,5273
Supplementary Figure 1,a,"Red-footed booby, four scales",n_runs,209,0.0007585814526834,5273
Supplementary Figure 1,a,"Red-footed booby, four scales",n_runs,210,0.0007585814526834,5273
Supplementary Figure 1,a,"Red-footed booby, four scales",n_runs,211,0.0007585814526834,5273
Supplementary Figure 1,a,"Red-footed booby, four scales",n_runs,212,0.0007585814526834,5273
Supplementary Figure 1,a,"Red-footed booby, four scales",n_runs,213,0.0007585814526834,5273
Supplementary Figure 1,a,"Red-footed booby, four scales",n_runs,214,0.0007585814526834,5273
Supplementary Figure 1,a,"Red-footed booby, four scales",n_runs,215,0.0007585814526834,5273
Supplementary Figure 1,a,"Red-footed booby, four scales",n_runs,216,0.0007585814526834,5273
Supplementary Figure 1,a,"Red-footed booby, four scales",n_runs,217,0.0007585814526834,5273
Supplementary Figure 1,a,"Red-footed booby, four scales",n_runs,218,0.0007585814526834,5273
Supplementary Figure 1,a,"Red-footed booby, four scales",n_runs,219,0.0007585814526834,5273
Supplementary Figure 1,a,"Red-footed booby, four scales",n_runs,220,0.0007585814526834,5273
Supplementary Figure 1,a,"Red-footed booby, four scales",n_runs,221,0.0007585814526834,5273
Supplementary Figure 1,a,"Red-footed booby, four scales",n_runs,222,0.0007585814526834,5273
Supplementary Figure 1,b,"Red-footed booby, four scales",n_record_runs,2,1.0,5273
Supplementary Figure 1,b,"Red-footed booby, four scales",n_record_runs,3,0.9569505025602124,5273
Supplementary Figure 1,b,"Red-footed booby, four scales",n_record_runs,4,0.770149819836905,5273
Supplementary Figure 1,b,"Red-footed booby, four scales",n_record_runs,5,0.6341740944433909,5273
Supplementary Figure 1,b,"Red-footed booby, four scales",n_record_runs,6,0.522662620898919,5273
Supplementary Figure 1,b,"Red-footed booby, four scales",n_record_runs,7,0.4542006447942348,5273
Supplementary Figure 1,b,"Red-footed booby, four scales",n_record_runs,8,0.3882040584107719,5273
Supplementary Figure 1,b,"Red-footed booby, four scales",n_record_runs,9,0.3430684619761047,5273
Supplementary Figure 1,b,"Red-footed booby, four scales",n_record_runs,10,0.2998293191731462,5273
Supplementary Figure 1,b,"Red-footed booby, four scales",n_record_runs,11,0.2702446425184904,5273
Supplementary Figure 1,b,"Red-footed booby, four scales",n_record_runs,12,0.2435046463113976,5273
Supplementary Figure 1,b,"Red-footed booby, four scales",n_record_runs,13,0.2144889057462545,5273
Supplementary Figure 1,b,"Red-footed booby, four scales",n_record_runs,14,0.1951450787028257,5273
Supplementary Figure 1,b,"Red-footed booby, four scales",n_record_runs,15,0.1718186990328086,5273
Supplementary Figure 1,b,"Red-footed booby, four scales",n_record_runs,16,0.1558884885264555,5273
Supplementary Figure 1,b,"Red-footed booby, four scales",n_record_runs,17,0.1418547316518111,5273
Supplementary Figure 1,b,"Red-footed booby, four scales",n_record_runs,18,0.1278209747771667,5273
Supplementary Figure 1,b,"Red-footed booby, four scales",n_record_runs,19,0.1135975725393514,5273
Supplementary Figure 1,b,"Red-footed booby, four scales",n_record_runs,20,0.1027877868386118,5273
Supplementary Figure 1,b,"Red-footed booby, four scales",n_record_runs,21,0.0889436753271382,5273
Supplementary Figure 1,b,"Red-footed booby, four scales",n_record_runs,22,0.0752892091788355,5273
Supplementary Figure 1,b,"Red-footed booby, four scales",n_record_runs,23,0.0639104873885833,5273
Supplementary Figure 1,b,"Red-footed booby, four scales",n_record_runs,24,0.0563246728617485,5273
Supplementary Figure 1,b,"Red-footed booby, four scales",n_record_runs,25,0.0494974397875971,5273
Supplementary Figure 1,b,"Red-footed booby, four scales",n_record_runs,26,0.0457045325241797,5273
Supplementary Figure 1,b,"Red-footed booby, four scales",n_record_runs,27,0.0402048169922245,5273
Supplementary Figure 1,b,"Red-footed booby, four scales",n_record_runs,28,0.0364119097288071,5273
Supplementary Figure 1,b,"Red-footed booby, four scales",n_record_runs,29,0.0343258107339275,5273
Supplementary Figure 1,b,"Red-footed booby, four scales",n_record_runs,30,0.0312914849231936,5273
Supplementary Figure 1,b,"Red-footed booby, four scales",n_record_runs,31,0.0278778683861179,5273
Supplementary Figure 1,b,"Red-footed booby, four scales",n_record_runs,32,0.0267399962070927,5273
Supplementary Figure 1,b,"Red-footed booby, four scales",n_record_runs,33,0.0227574435805044,5273
Supplementary Figure 1,b,"Red-footed booby, four scales",n_record_runs,34,0.0199127631329414,5273
Supplementary Figure 1,b,"Red-footed booby, four scales",n_record_runs,35,0.0191541816802579,5273
Supplementary Figure 1,b,"Red-footed booby, four scales",n_record_runs,36,0.0183956002275744,5273
Supplementary Figure 1,b,"Red-footed booby, four scales",n_record_runs,37,0.0168784373222074,5273
Supplementary Figure 1,b,"Red-footed booby, four scales",n_record_runs,38,0.0163095012326948,5273
Supplementary Figure 1,b,"Red-footed booby, four scales",n_record_runs,39,0.0144130476009861,5273
Supplementary Figure 1,b,"Red-footed booby, four scales",n_record_runs,40,0.01308553005879,5273
Supplementary Figure 1,b,"Red-footed booby, four scales",n_record_runs,41,0.0104304949743978,5273
Supplementary Figure 1,b,"Red-footed booby, four scales",n_record_runs,42,0.00872368670586,5273
Supplementary Figure 1,b,"Red-footed booby, four scales",n_record_runs,43,0.0073961691636639,5273
Supplementary Figure 1,b,"Red-footed booby, four scales",n_record_runs,44,0.0060686516214678,5273
Supplementary Figure 1,b,"Red-footed booby, four scales",n_record_runs,45,0.0060686516214678,5273
Supplementary Figure 1,b,"Red-footed booby, four scales",n_record_runs,46,0.0060686516214678,5273
Supplementary Figure 1,b,"Red-footed booby, four scales",n_record_runs,47,0.0056893608951261,5273
Supplementary Figure 1,b,"Red-footed booby, four scales",n_record_runs,48,0.0053100701687843,5273
Supplementary Figure 1,b,"Red-footed booby, four scales",n_record_runs,49,0.0049307794424426,5273
Supplementary Figure 1,b,"Red-footed booby, four scales",n_record_runs,50,0.0036032619002465,5273
Supplementary Figure 1,b,"Red-footed booby, four scales",n_record_runs,51,0.0036032619002465,5273
Supplementary Figure 1,b,"Red-footed booby, four scales",n_record_runs,52,0.0036032619002465,5273
Supplementary Figure 1,b,"Red-footed booby, four scales",n_record_runs,53,0.0026550350843921,5273
Supplementary Figure 1,b,"Red-footed booby, four scales",n_record_runs,54,0.0024653897212213,5273
Supplementary Figure 1,b,"Red-footed booby, four scales",n_record_runs,55,0.0024653897212213,5273
Supplementary Figure 1,b,"Red-footed booby, four scales",n_record_runs,56,0.0022757443580504,5273
Supplementary Figure 1,b,"Red-footed booby, four scales",n_record_runs,57,0.0020860989948795,5273
Supplementary Figure 1,b,"Red-footed booby, four scales",n_record_runs,58,0.0018964536317087,5273
Supplementary Figure 1,b,"Red-footed booby, four scales",n_record_runs,59,0.0017068082685378,5273
Supplementary Figure 1,b,"Red-footed booby, four scales",n_record_runs,60,0.0009482268158543,5273
Supplementary Figure 1,b,"Red-footed booby, four scales",n_record_runs,61,0.0007585814526834,5273
Supplementary Figure 1,b,"Red-footed booby, four scales",n_record_runs,62,0.0005689360895126,5273
Supplementary Figure 1,b,"Red-footed booby, four scales",n_record_runs,63,0.0005689360895126,5273
Supplementary Figure 1,b,"Red-footed booby, four scales",n_record_runs,64,0.0005689360895126,5273
Supplementary Figure 1,b,"Red-footed booby, four scales",n_record_runs,65,0.0003792907263417,5273
Supplementary Figure 1,b,"Red-footed booby, four scales",n_record_runs,66,0.0003792907263417,5273
Supplementary Figure 1,b,"Red-footed booby, four scales",n_record_runs,67,0.0003792907263417,5273
Supplementary Figure 1,b,"Red-footed booby, four scales",n_record_runs,68,0.0003792907263417,5273
Supplementary Figure 1,b,"Red-footed booby, four scales",n_record_runs,69,0.0003792907263417,5273
Supplementary Figure 1,b,"Red-footed booby, four scales",n_record_runs,70,0.0003792907263417,5273
Supplementary Figure 1,b,"Red-footed booby, four scales",n_record_runs,71,0.0003792907263417,5273
Supplementary Figure 1,b,"Red-footed booby, four scales",n_record_runs,72,0.0003792907263417,5273
Supplementary Figure 1,b,"Red-footed booby, four scales",n_record_runs,73,0.0003792907263417,5273
Supplementary Figure 1,b,"Red-footed booby, four scales",n_record_runs,74,0.0003792907263417,5273
Supplementary Figure 1,b,"Red-footed booby, four scales",n_record_runs,75,0.0003792907263417,5273
Supplementary Figure 1,b,"Red-footed booby, four scales",n_record_runs,76,0.0003792907263417,5273
