status,merge_period,period_key,env_kind,dataset_id,variables,tile_id,tile_lat_idx,tile_lon_idx,request_lat_min,request_lat_max,request_lon_min,request_lon_max,tile_deg_lat,tile_deg_lon,buffer_deg,lat_span_deg,lon_span_deg,start_date,end_date,n_days,n_observed_days,n_coverage_points,n_events,n_runs,estimated_lat_cells,estimated_lon_cells,estimated_download_bytes_conservative,output_dir,output_filename,output_path,already_exists
planned,month,2016-02,CHL,cmems_obs-oc_glo_bgc-plankton_my_l4-gapfree-multi-4km_P1D,CHL,lat004_lon039,4,39,-70.25,-64.75,14.75,20.25,5.0,5.0,0.25,5.5,5.5,2016-02-19,2016-02-20,2,2,1778,364,2,133,133,849072,external_inputs/environment/goto_chl,CHL_GOTO_PERIOD_month_lat004_lon039_201602_20160219_20160220.nc,external_inputs/environment/goto_chl/CHL_GOTO_PERIOD_month_lat004_lon039_201602_20160219_20160220.nc,0
planned,month,2018-01,CHL,cmems_obs-oc_glo_bgc-plankton_my_l4-gapfree-multi-4km_P1D,CHL,lat004_lon039,4,39,-70.25,-64.75,14.75,20.25,5.0,5.0,0.25,5.5,5.5,2018-01-30,2018-01-30,1,1,105,21,1,133,133,500000,external_inputs/environment/goto_chl,CHL_GOTO_PERIOD_month_lat004_lon039_201801_20180130_20180130.nc,external_inputs/environment/goto_chl/CHL_GOTO_PERIOD_month_lat004_lon039_201801_20180130_20180130.nc,0
planned,month,2018-01,CHL,cmems_obs-oc_glo_bgc-plankton_my_l4-gapfree-multi-4km_P1D,CHL,lat004_lon040,4,40,-70.25,-64.75,19.75,25.25,5.0,5.0,0.25,5.5,5.5,2018-01-31,2018-01-31,1,1,337,81,1,133,133,500000,external_inputs/environment/goto_chl,CHL_GOTO_PERIOD_month_lat004_lon040_201801_20180131_20180131.nc,external_inputs/environment/goto_chl/CHL_GOTO_PERIOD_month_lat004_lon040_201801_20180131_20180131.nc,0
planned,month,2018-02,CHL,cmems_obs-oc_glo_bgc-plankton_my_l4-gapfree-multi-4km_P1D,CHL,lat004_lon040,4,40,-70.25,-64.75,19.75,25.25,5.0,5.0,0.25,5.5,5.5,2018-02-07,2018-02-09,3,3,194,97,3,133,133,1273608,external_inputs/environment/goto_chl,CHL_GOTO_PERIOD_month_lat004_lon040_201802_20180207_20180209.nc,external_inputs/environment/goto_chl/CHL_GOTO_PERIOD_month_lat004_lon040_201802_20180207_20180209.nc,0
planned,month,2016-02,CHL,cmems_obs-oc_glo_bgc-plankton_my_l4-gapfree-multi-4km_P1D,CHL,lat004_lon041,4,41,-70.25,-64.75,24.75,30.25,5.0,5.0,0.25,5.5,5.5,2016-02-19,2016-02-19,1,1,15,3,1,133,133,500000,external_inputs/environment/goto_chl,CHL_GOTO_PERIOD_month_lat004_lon041_201602_20160219_20160219.nc,external_inputs/environment/goto_chl/CHL_GOTO_PERIOD_month_lat004_lon041_201602_20160219_20160219.nc,0
planned,month,2018-01,CHL,cmems_obs-oc_glo_bgc-plankton_my_l4-gapfree-multi-4km_P1D,CHL,lat004_lon041,4,41,-70.25,-64.75,24.75,30.25,5.0,5.0,0.25,5.5,5.5,2018-01-30,2018-01-31,2,2,1485,298,2,133,133,849072,external_inputs/environment/goto_chl,CHL_GOTO_PERIOD_month_lat004_lon041_201801_20180130_20180131.nc,external_inputs/environment/goto_chl/CHL_GOTO_PERIOD_month_lat004_lon041_201801_20180130_20180131.nc,0
planned,month,2018-02,CHL,cmems_obs-oc_glo_bgc-plankton_my_l4-gapfree-multi-4km_P1D,CHL,lat004_lon041,4,41,-70.25,-64.75,24.75,30.25,5.0,5.0,0.25,5.5,5.5,2018-02-07,2018-02-09,3,3,941,227,3,133,133,1273608,external_inputs/environment/goto_chl,CHL_GOTO_PERIOD_month_lat004_lon041_201802_20180207_20180209.nc,external_inputs/environment/goto_chl/CHL_GOTO_PERIOD_month_lat004_lon041_201802_20180207_20180209.nc,0
planned,month,2019-02,CHL,cmems_obs-oc_glo_bgc-plankton_my_l4-gapfree-multi-4km_P1D,CHL,lat004_lon041,4,41,-70.25,-64.75,24.75,30.25,5.0,5.0,0.25,5.5,5.5,2019-02-09,2019-02-09,1,1,43,9,1,133,133,500000,external_inputs/environment/goto_chl,CHL_GOTO_PERIOD_month_lat004_lon041_201902_20190209_20190209.nc,external_inputs/environment/goto_chl/CHL_GOTO_PERIOD_month_lat004_lon041_201902_20190209_20190209.nc,0
planned,month,2016-02,CHL,cmems_obs-oc_glo_bgc-plankton_my_l4-gapfree-multi-4km_P1D,CHL,lat004_lon042,4,42,-70.25,-64.75,29.75,35.25,5.0,5.0,0.25,5.5,5.5,2016-02-18,2016-02-18,1,1,160,32,1,133,133,500000,external_inputs/environment/goto_chl,CHL_GOTO_PERIOD_month_lat004_lon042_201602_20160218_20160218.nc,external_inputs/environment/goto_chl/CHL_GOTO_PERIOD_month_lat004_lon042_201602_20160218_20160218.nc,0
planned,month,2019-02,CHL,cmems_obs-oc_glo_bgc-plankton_my_l4-gapfree-multi-4km_P1D,CHL,lat004_lon042,4,42,-70.25,-64.75,29.75,35.25,5.0,5.0,0.25,5.5,5.5,2019-02-09,2019-02-09,1,1,7,3,1,133,133,500000,external_inputs/environment/goto_chl,CHL_GOTO_PERIOD_month_lat004_lon042_201902_20190209_20190209.nc,external_inputs/environment/goto_chl/CHL_GOTO_PERIOD_month_lat004_lon042_201902_20190209_20190209.nc,0
planned,month,2016-02,CHL,cmems_obs-oc_glo_bgc-plankton_my_l4-gapfree-multi-4km_P1D,CHL,lat004_lon043,4,43,-70.25,-64.75,34.75,40.25,5.0,5.0,0.25,5.5,5.5,2016-02-18,2016-02-18,1,1,10,2,1,133,133,500000,external_inputs/environment/goto_chl,CHL_GOTO_PERIOD_month_lat004_lon043_201602_20160218_20160218.nc,external_inputs/environment/goto_chl/CHL_GOTO_PERIOD_month_lat004_lon043_201602_20160218_20160218.nc,0
planned,month,2019-01,CHL,cmems_obs-oc_glo_bgc-plankton_my_l4-gapfree-multi-4km_P1D,CHL,lat004_lon043,4,43,-70.25,-64.75,34.75,40.25,5.0,5.0,0.25,5.5,5.5,2019-01-30,2019-01-30,1,1,4,4,1,133,133,500000,external_inputs/environment/goto_chl,CHL_GOTO_PERIOD_month_lat004_lon043_201901_20190130_20190130.nc,external_inputs/environment/goto_chl/CHL_GOTO_PERIOD_month_lat004_lon043_201901_20190130_20190130.nc,0
planned,month,2019-02,CHL,cmems_obs-oc_glo_bgc-plankton_my_l4-gapfree-multi-4km_P1D,CHL,lat004_lon043,4,43,-70.25,-64.75,34.75,40.25,5.0,5.0,0.25,5.5,5.5,2019-02-21,2019-02-21,1,1,111,47,1,133,133,500000,external_inputs/environment/goto_chl,CHL_GOTO_PERIOD_month_lat004_lon043_201902_20190221_20190221.nc,external_inputs/environment/goto_chl/CHL_GOTO_PERIOD_month_lat004_lon043_201902_20190221_20190221.nc,0
planned,month,2016-02,CHL,cmems_obs-oc_glo_bgc-plankton_my_l4-gapfree-multi-4km_P1D,CHL,lat004_lon044,4,44,-70.25,-64.75,39.75,45.25,5.0,5.0,0.25,5.5,5.5,2016-02-18,2016-02-18,1,1,30,6,1,133,133,500000,external_inputs/environment/goto_chl,CHL_GOTO_PERIOD_month_lat004_lon044_201602_20160218_20160218.nc,external_inputs/environment/goto_chl/CHL_GOTO_PERIOD_month_lat004_lon044_201602_20160218_20160218.nc,0
planned,month,2019-01,CHL,cmems_obs-oc_glo_bgc-plankton_my_l4-gapfree-multi-4km_P1D,CHL,lat004_lon044,4,44,-70.25,-64.75,39.75,45.25,5.0,5.0,0.25,5.5,5.5,2019-01-30,2019-01-30,1,1,8,4,1,133,133,500000,external_inputs/environment/goto_chl,CHL_GOTO_PERIOD_month_lat004_lon044_201901_20190130_20190130.nc,external_inputs/environment/goto_chl/CHL_GOTO_PERIOD_month_lat004_lon044_201901_20190130_20190130.nc,0
planned,month,2019-02,CHL,cmems_obs-oc_glo_bgc-plankton_my_l4-gapfree-multi-4km_P1D,CHL,lat004_lon044,4,44,-70.25,-64.75,39.75,45.25,5.0,5.0,0.25,5.5,5.5,2019-02-21,2019-02-21,1,1,114,39,1,133,133,500000,external_inputs/environment/goto_chl,CHL_GOTO_PERIOD_month_lat004_lon044_201902_20190221_20190221.nc,external_inputs/environment/goto_chl/CHL_GOTO_PERIOD_month_lat004_lon044_201902_20190221_20190221.nc,0
planned,month,2016-02,CHL,cmems_obs-oc_glo_bgc-plankton_my_l4-gapfree-multi-4km_P1D,CHL,lat004_lon045,4,45,-70.25,-64.75,44.75,50.25,5.0,5.0,0.25,5.5,5.5,2016-02-18,2016-02-18,1,1,6,3,1,133,133,500000,external_inputs/environment/goto_chl,CHL_GOTO_PERIOD_month_lat004_lon045_201602_20160218_20160218.nc,external_inputs/environment/goto_chl/CHL_GOTO_PERIOD_month_lat004_lon045_201602_20160218_20160218.nc,0
planned,month,2019-02,CHL,cmems_obs-oc_glo_bgc-plankton_my_l4-gapfree-multi-4km_P1D,CHL,lat004_lon045,4,45,-70.25,-64.75,44.75,50.25,5.0,5.0,0.25,5.5,5.5,2019-02-22,2019-02-22,1,1,91,24,1,133,133,500000,external_inputs/environment/goto_chl,CHL_GOTO_PERIOD_month_lat004_lon045_201902_20190222_20190222.nc,external_inputs/environment/goto_chl/CHL_GOTO_PERIOD_month_lat004_lon045_201902_20190222_20190222.nc,0
planned,month,2018-02,CHL,cmems_obs-oc_glo_bgc-plankton_my_l4-gapfree-multi-4km_P1D,CHL,lat005_lon033,5,33,-65.25,-59.75,-15.25,-9.75,5.0,5.0,0.25,5.5,5.5,2018-02-03,2018-02-04,2,2,346,71,2,133,133,849072,external_inputs/environment/goto_chl,CHL_GOTO_PERIOD_month_lat005_lon033_201802_20180203_20180204.nc,external_inputs/environment/goto_chl/CHL_GOTO_PERIOD_month_lat005_lon033_201802_20180203_20180204.nc,0
planned,month,2018-02,CHL,cmems_obs-oc_glo_bgc-plankton_my_l4-gapfree-multi-4km_P1D,CHL,lat005_lon034,5,34,-65.25,-59.75,-10.25,-4.75,5.0,5.0,0.25,5.5,5.5,2018-02-02,2018-02-04,3,3,434,140,3,133,133,1273608,external_inputs/environment/goto_chl,CHL_GOTO_PERIOD_month_lat005_lon034_201802_20180202_20180204.nc,external_inputs/environment/goto_chl/CHL_GOTO_PERIOD_month_lat005_lon034_201802_20180202_20180204.nc,0
planned,month,2018-02,CHL,cmems_obs-oc_glo_bgc-plankton_my_l4-gapfree-multi-4km_P1D,CHL,lat005_lon035,5,35,-65.25,-59.75,-5.25,0.25,5.0,5.0,0.25,5.5,5.5,2018-02-02,2018-02-04,3,3,432,121,3,133,133,1273608,external_inputs/environment/goto_chl,CHL_GOTO_PERIOD_month_lat005_lon035_201802_20180202_20180204.nc,external_inputs/environment/goto_chl/CHL_GOTO_PERIOD_month_lat005_lon035_201802_20180202_20180204.nc,0
planned,month,2018-02,CHL,cmems_obs-oc_glo_bgc-plankton_my_l4-gapfree-multi-4km_P1D,CHL,lat005_lon036,5,36,-65.25,-59.75,-0.25,5.25,5.0,5.0,0.25,5.5,5.5,2018-02-04,2018-02-06,3,3,189,113,3,133,133,1273608,external_inputs/environment/goto_chl,CHL_GOTO_PERIOD_month_lat005_lon036_201802_20180204_20180206.nc,external_inputs/environment/goto_chl/CHL_GOTO_PERIOD_month_lat005_lon036_201802_20180204_20180206.nc,0
planned,month,2018-02,CHL,cmems_obs-oc_glo_bgc-plankton_my_l4-gapfree-multi-4km_P1D,CHL,lat005_lon037,5,37,-65.25,-59.75,4.75,10.25,5.0,5.0,0.25,5.5,5.5,2018-02-05,2018-02-06,2,2,337,101,2,133,133,849072,external_inputs/environment/goto_chl,CHL_GOTO_PERIOD_month_lat005_lon037_201802_20180205_20180206.nc,external_inputs/environment/goto_chl/CHL_GOTO_PERIOD_month_lat005_lon037_201802_20180205_20180206.nc,0
planned,month,2016-01,CHL,cmems_obs-oc_glo_bgc-plankton_my_l4-gapfree-multi-4km_P1D,CHL,lat005_lon038,5,38,-65.25,-59.75,9.75,15.25,5.0,5.0,0.25,5.5,5.5,2016-01-24,2016-01-25,2,2,281,130,2,133,133,849072,external_inputs/environment/goto_chl,CHL_GOTO_PERIOD_month_lat005_lon038_201601_20160124_20160125.nc,external_inputs/environment/goto_chl/CHL_GOTO_PERIOD_month_lat005_lon038_201601_20160124_20160125.nc,0
planned,month,2018-02,CHL,cmems_obs-oc_glo_bgc-plankton_my_l4-gapfree-multi-4km_P1D,CHL,lat005_lon038,5,38,-65.25,-59.75,9.75,15.25,5.0,5.0,0.25,5.5,5.5,2018-02-01,2018-02-07,7,3,142,43,3,133,133,2971752,external_inputs/environment/goto_chl,CHL_GOTO_PERIOD_month_lat005_lon038_201802_20180201_20180207.nc,external_inputs/environment/goto_chl/CHL_GOTO_PERIOD_month_lat005_lon038_201802_20180201_20180207.nc,0
planned,month,2016-01,CHL,cmems_obs-oc_glo_bgc-plankton_my_l4-gapfree-multi-4km_P1D,CHL,lat005_lon039,5,39,-65.25,-59.75,14.75,20.25,5.0,5.0,0.25,5.5,5.5,2016-01-24,2016-01-26,3,3,1443,348,3,133,133,1273608,external_inputs/environment/goto_chl,CHL_GOTO_PERIOD_month_lat005_lon039_201601_20160124_20160126.nc,external_inputs/environment/goto_chl/CHL_GOTO_PERIOD_month_lat005_lon039_201601_20160124_20160126.nc,0
planned,month,2016-02,CHL,cmems_obs-oc_glo_bgc-plankton_my_l4-gapfree-multi-4km_P1D,CHL,lat005_lon039,5,39,-65.25,-59.75,14.75,20.25,5.0,5.0,0.25,5.5,5.5,2016-02-20,2016-02-21,2,2,250,58,2,133,133,849072,external_inputs/environment/goto_chl,CHL_GOTO_PERIOD_month_lat005_lon039_201602_20160220_20160221.nc,external_inputs/environment/goto_chl/CHL_GOTO_PERIOD_month_lat005_lon039_201602_20160220_20160221.nc,0
planned,month,2018-01,CHL,cmems_obs-oc_glo_bgc-plankton_my_l4-gapfree-multi-4km_P1D,CHL,lat005_lon039,5,39,-65.25,-59.75,14.75,20.25,5.0,5.0,0.25,5.5,5.5,2018-01-28,2018-01-30,3,2,78,21,2,133,133,1273608,external_inputs/environment/goto_chl,CHL_GOTO_PERIOD_month_lat005_lon039_201801_20180128_20180130.nc,external_inputs/environment/goto_chl/CHL_GOTO_PERIOD_month_lat005_lon039_201801_20180128_20180130.nc,0
planned,month,2018-02,CHL,cmems_obs-oc_glo_bgc-plankton_my_l4-gapfree-multi-4km_P1D,CHL,lat005_lon039,5,39,-65.25,-59.75,14.75,20.25,5.0,5.0,0.25,5.5,5.5,2018-02-01,2018-02-08,8,6,561,130,7,133,133,3396288,external_inputs/environment/goto_chl,CHL_GOTO_PERIOD_month_lat005_lon039_201802_20180201_20180208.nc,external_inputs/environment/goto_chl/CHL_GOTO_PERIOD_month_lat005_lon039_201802_20180201_20180208.nc,0
planned,month,2016-01,CHL,cmems_obs-oc_glo_bgc-plankton_my_l4-gapfree-multi-4km_P1D,CHL,lat005_lon040,5,40,-65.25,-59.75,19.75,25.25,5.0,5.0,0.25,5.5,5.5,2016-01-24,2016-01-27,4,3,920,198,3,133,133,1698144,external_inputs/environment/goto_chl,CHL_GOTO_PERIOD_month_lat005_lon040_201601_20160124_20160127.nc,external_inputs/environment/goto_chl/CHL_GOTO_PERIOD_month_lat005_lon040_201601_20160124_20160127.nc,0
planned,month,2018-01,CHL,cmems_obs-oc_glo_bgc-plankton_my_l4-gapfree-multi-4km_P1D,CHL,lat005_lon040,5,40,-65.25,-59.75,19.75,25.25,5.0,5.0,0.25,5.5,5.5,2018-01-30,2018-01-31,2,2,436,102,3,133,133,849072,external_inputs/environment/goto_chl,CHL_GOTO_PERIOD_month_lat005_lon040_201801_20180130_20180131.nc,external_inputs/environment/goto_chl/CHL_GOTO_PERIOD_month_lat005_lon040_201801_20180130_20180131.nc,0
planned,month,2018-02,CHL,cmems_obs-oc_glo_bgc-plankton_my_l4-gapfree-multi-4km_P1D,CHL,lat005_lon040,5,40,-65.25,-59.75,19.75,25.25,5.0,5.0,0.25,5.5,5.5,2018-02-01,2018-02-07,7,3,495,135,4,133,133,2971752,external_inputs/environment/goto_chl,CHL_GOTO_PERIOD_month_lat005_lon040_201802_20180201_20180207.nc,external_inputs/environment/goto_chl/CHL_GOTO_PERIOD_month_lat005_lon040_201802_20180201_20180207.nc,0
planned,month,2016-01,CHL,cmems_obs-oc_glo_bgc-plankton_my_l4-gapfree-multi-4km_P1D,CHL,lat005_lon041,5,41,-65.25,-59.75,24.75,30.25,5.0,5.0,0.25,5.5,5.5,2016-01-23,2016-01-28,6,4,291,87,4,133,133,2547216,external_inputs/environment/goto_chl,CHL_GOTO_PERIOD_month_lat005_lon041_201601_20160123_20160128.nc,external_inputs/environment/goto_chl/CHL_GOTO_PERIOD_month_lat005_lon041_201601_20160123_20160128.nc,0
planned,month,2018-01,CHL,cmems_obs-oc_glo_bgc-plankton_my_l4-gapfree-multi-4km_P1D,CHL,lat005_lon041,5,41,-65.25,-59.75,24.75,30.25,5.0,5.0,0.25,5.5,5.5,2018-01-29,2018-01-31,3,3,435,115,3,133,133,1273608,external_inputs/environment/goto_chl,CHL_GOTO_PERIOD_month_lat005_lon041_201801_20180129_20180131.nc,external_inputs/environment/goto_chl/CHL_GOTO_PERIOD_month_lat005_lon041_201801_20180129_20180131.nc,0
planned,month,2018-02,CHL,cmems_obs-oc_glo_bgc-plankton_my_l4-gapfree-multi-4km_P1D,CHL,lat005_lon041,5,41,-65.25,-59.75,24.75,30.25,5.0,5.0,0.25,5.5,5.5,2018-02-01,2018-02-09,9,2,177,50,2,133,133,3820824,external_inputs/environment/goto_chl,CHL_GOTO_PERIOD_month_lat005_lon041_201802_20180201_20180209.nc,external_inputs/environment/goto_chl/CHL_GOTO_PERIOD_month_lat005_lon041_201802_20180201_20180209.nc,0
planned,month,2016-01,CHL,cmems_obs-oc_glo_bgc-plankton_my_l4-gapfree-multi-4km_P1D,CHL,lat005_lon042,5,42,-65.25,-59.75,29.75,35.25,5.0,5.0,0.25,5.5,5.5,2016-01-23,2016-01-28,6,3,347,99,3,133,133,2547216,external_inputs/environment/goto_chl,CHL_GOTO_PERIOD_month_lat005_lon042_201601_20160123_20160128.nc,external_inputs/environment/goto_chl/CHL_GOTO_PERIOD_month_lat005_lon042_201601_20160123_20160128.nc,0
planned,month,2018-01,CHL,cmems_obs-oc_glo_bgc-plankton_my_l4-gapfree-multi-4km_P1D,CHL,lat005_lon042,5,42,-65.25,-59.75,29.75,35.25,5.0,5.0,0.25,5.5,5.5,2018-01-29,2018-01-29,1,1,403,103,1,133,133,500000,external_inputs/environment/goto_chl,CHL_GOTO_PERIOD_month_lat005_lon042_201801_20180129_20180129.nc,external_inputs/environment/goto_chl/CHL_GOTO_PERIOD_month_lat005_lon042_201801_20180129_20180129.nc,0
planned,month,2018-02,CHL,cmems_obs-oc_glo_bgc-plankton_my_l4-gapfree-multi-4km_P1D,CHL,lat005_lon042,5,42,-65.25,-59.75,29.75,35.25,5.0,5.0,0.25,5.5,5.5,2018-02-09,2018-02-09,1,1,22,5,1,133,133,500000,external_inputs/environment/goto_chl,CHL_GOTO_PERIOD_month_lat005_lon042_201802_20180209_20180209.nc,external_inputs/environment/goto_chl/CHL_GOTO_PERIOD_month_lat005_lon042_201802_20180209_20180209.nc,0
planned,month,2019-01,CHL,cmems_obs-oc_glo_bgc-plankton_my_l4-gapfree-multi-4km_P1D,CHL,lat005_lon042,5,42,-65.25,-59.75,29.75,35.25,5.0,5.0,0.25,5.5,5.5,2019-01-26,2019-01-26,1,1,70,27,1,133,133,500000,external_inputs/environment/goto_chl,CHL_GOTO_PERIOD_month_lat005_lon042_201901_20190126_20190126.nc,external_inputs/environment/goto_chl/CHL_GOTO_PERIOD_month_lat005_lon042_201901_20190126_20190126.nc,0
planned,month,2019-02,CHL,cmems_obs-oc_glo_bgc-plankton_my_l4-gapfree-multi-4km_P1D,CHL,lat005_lon042,5,42,-65.25,-59.75,29.75,35.25,5.0,5.0,0.25,5.5,5.5,2019-02-08,2019-02-09,2,2,113,28,2,133,133,849072,external_inputs/environment/goto_chl,CHL_GOTO_PERIOD_month_lat005_lon042_201902_20190208_20190209.nc,external_inputs/environment/goto_chl/CHL_GOTO_PERIOD_month_lat005_lon042_201902_20190208_20190209.nc,0
planned,month,2016-01,CHL,cmems_obs-oc_glo_bgc-plankton_my_l4-gapfree-multi-4km_P1D,CHL,lat005_lon043,5,43,-65.25,-59.75,34.75,40.25,5.0,5.0,0.25,5.5,5.5,2016-01-23,2016-01-23,1,1,194,46,1,133,133,500000,external_inputs/environment/goto_chl,CHL_GOTO_PERIOD_month_lat005_lon043_201601_20160123_20160123.nc,external_inputs/environment/goto_chl/CHL_GOTO_PERIOD_month_lat005_lon043_201601_20160123_20160123.nc,0
planned,month,2018-02,CHL,cmems_obs-oc_glo_bgc-plankton_my_l4-gapfree-multi-4km_P1D,CHL,lat005_lon043,5,43,-65.25,-59.75,34.75,40.25,5.0,5.0,0.25,5.5,5.5,2018-02-09,2018-02-09,1,1,65,13,1,133,133,500000,external_inputs/environment/goto_chl,CHL_GOTO_PERIOD_month_lat005_lon043_201802_20180209_20180209.nc,external_inputs/environment/goto_chl/CHL_GOTO_PERIOD_month_lat005_lon043_201802_20180209_20180209.nc,0
planned,month,2019-01,CHL,cmems_obs-oc_glo_bgc-plankton_my_l4-gapfree-multi-4km_P1D,CHL,lat005_lon043,5,43,-65.25,-59.75,34.75,40.25,5.0,5.0,0.25,5.5,5.5,2019-01-26,2019-01-31,6,4,453,123,4,133,133,2547216,external_inputs/environment/goto_chl,CHL_GOTO_PERIOD_month_lat005_lon043_201901_20190126_20190131.nc,external_inputs/environment/goto_chl/CHL_GOTO_PERIOD_month_lat005_lon043_201901_20190126_20190131.nc,0
planned,month,2019-02,CHL,cmems_obs-oc_glo_bgc-plankton_my_l4-gapfree-multi-4km_P1D,CHL,lat005_lon043,5,43,-65.25,-59.75,34.75,40.25,5.0,5.0,0.25,5.5,5.5,2019-02-08,2019-02-21,14,2,266,60,2,133,133,5943504,external_inputs/environment/goto_chl,CHL_GOTO_PERIOD_month_lat005_lon043_201902_20190208_20190221.nc,external_inputs/environment/goto_chl/CHL_GOTO_PERIOD_month_lat005_lon043_201902_20190208_20190221.nc,0
planned,month,2016-01,CHL,cmems_obs-oc_glo_bgc-plankton_my_l4-gapfree-multi-4km_P1D,CHL,lat005_lon044,5,44,-65.25,-59.75,39.75,45.25,5.0,5.0,0.25,5.5,5.5,2016-01-22,2016-01-23,2,2,480,96,2,133,133,849072,external_inputs/environment/goto_chl,CHL_GOTO_PERIOD_month_lat005_lon044_201601_20160122_20160123.nc,external_inputs/environment/goto_chl/CHL_GOTO_PERIOD_month_lat005_lon044_201601_20160122_20160123.nc,0
planned,month,2018-01,CHL,cmems_obs-oc_glo_bgc-plankton_my_l4-gapfree-multi-4km_P1D,CHL,lat005_lon044,5,44,-65.25,-59.75,39.75,45.25,5.0,5.0,0.25,5.5,5.5,2018-01-27,2018-01-30,4,2,32,7,2,133,133,1698144,external_inputs/environment/goto_chl,CHL_GOTO_PERIOD_month_lat005_lon044_201801_20180127_20180130.nc,external_inputs/environment/goto_chl/CHL_GOTO_PERIOD_month_lat005_lon044_201801_20180127_20180130.nc,0
planned,month,2018-02,CHL,cmems_obs-oc_glo_bgc-plankton_my_l4-gapfree-multi-4km_P1D,CHL,lat005_lon044,5,44,-65.25,-59.75,39.75,45.25,5.0,5.0,0.25,5.5,5.5,2018-02-03,2018-02-03,1,1,14,9,1,133,133,500000,external_inputs/environment/goto_chl,CHL_GOTO_PERIOD_month_lat005_lon044_201802_20180203_20180203.nc,external_inputs/environment/goto_chl/CHL_GOTO_PERIOD_month_lat005_lon044_201802_20180203_20180203.nc,0
planned,month,2019-01,CHL,cmems_obs-oc_glo_bgc-plankton_my_l4-gapfree-multi-4km_P1D,CHL,lat005_lon044,5,44,-65.25,-59.75,39.75,45.25,5.0,5.0,0.25,5.5,5.5,2019-01-28,2019-01-31,4,4,684,161,4,133,133,1698144,external_inputs/environment/goto_chl,CHL_GOTO_PERIOD_month_lat005_lon044_201901_20190128_20190131.nc,external_inputs/environment/goto_chl/CHL_GOTO_PERIOD_month_lat005_lon044_201901_20190128_20190131.nc,0
planned,month,2019-02,CHL,cmems_obs-oc_glo_bgc-plankton_my_l4-gapfree-multi-4km_P1D,CHL,lat005_lon044,5,44,-65.25,-59.75,39.75,45.25,5.0,5.0,0.25,5.5,5.5,2019-02-01,2019-02-24,24,16,3774,1093,16,133,133,10188864,external_inputs/environment/goto_chl,CHL_GOTO_PERIOD_month_lat005_lon044_201902_20190201_20190224.nc,external_inputs/environment/goto_chl/CHL_GOTO_PERIOD_month_lat005_lon044_201902_20190201_20190224.nc,0
planned,month,2016-01,CHL,cmems_obs-oc_glo_bgc-plankton_my_l4-gapfree-multi-4km_P1D,CHL,lat005_lon045,5,45,-65.25,-59.75,44.75,50.25,5.0,5.0,0.25,5.5,5.5,2016-01-22,2016-01-22,1,1,620,124,1,133,133,500000,external_inputs/environment/goto_chl,CHL_GOTO_PERIOD_month_lat005_lon045_201601_20160122_20160122.nc,external_inputs/environment/goto_chl/CHL_GOTO_PERIOD_month_lat005_lon045_201601_20160122_20160122.nc,0
planned,month,2016-02,CHL,cmems_obs-oc_glo_bgc-plankton_my_l4-gapfree-multi-4km_P1D,CHL,lat005_lon045,5,45,-65.25,-59.75,44.75,50.25,5.0,5.0,0.25,5.5,5.5,2016-02-17,2016-02-18,2,2,214,44,2,133,133,849072,external_inputs/environment/goto_chl,CHL_GOTO_PERIOD_month_lat005_lon045_201602_20160217_20160218.nc,external_inputs/environment/goto_chl/CHL_GOTO_PERIOD_month_lat005_lon045_201602_20160217_20160218.nc,0
planned,month,2018-01,CHL,cmems_obs-oc_glo_bgc-plankton_my_l4-gapfree-multi-4km_P1D,CHL,lat005_lon045,5,45,-65.25,-59.75,44.75,50.25,5.0,5.0,0.25,5.5,5.5,2018-01-27,2018-01-29,3,2,477,101,2,133,133,1273608,external_inputs/environment/goto_chl,CHL_GOTO_PERIOD_month_lat005_lon045_201801_20180127_20180129.nc,external_inputs/environment/goto_chl/CHL_GOTO_PERIOD_month_lat005_lon045_201801_20180127_20180129.nc,0
planned,month,2018-02,CHL,cmems_obs-oc_glo_bgc-plankton_my_l4-gapfree-multi-4km_P1D,CHL,lat005_lon045,5,45,-65.25,-59.75,44.75,50.25,5.0,5.0,0.25,5.5,5.5,2018-02-03,2018-02-03,1,1,4,4,1,133,133,500000,external_inputs/environment/goto_chl,CHL_GOTO_PERIOD_month_lat005_lon045_201802_20180203_20180203.nc,external_inputs/environment/goto_chl/CHL_GOTO_PERIOD_month_lat005_lon045_201802_20180203_20180203.nc,0
planned,month,2019-01,CHL,cmems_obs-oc_glo_bgc-plankton_my_l4-gapfree-multi-4km_P1D,CHL,lat005_lon045,5,45,-65.25,-59.75,44.75,50.25,5.0,5.0,0.25,5.5,5.5,2019-01-27,2019-01-29,3,3,487,102,3,133,133,1273608,external_inputs/environment/goto_chl,CHL_GOTO_PERIOD_month_lat005_lon045_201901_20190127_20190129.nc,external_inputs/environment/goto_chl/CHL_GOTO_PERIOD_month_lat005_lon045_201901_20190127_20190129.nc,0
planned,month,2019-02,CHL,cmems_obs-oc_glo_bgc-plankton_my_l4-gapfree-multi-4km_P1D,CHL,lat005_lon045,5,45,-65.25,-59.75,44.75,50.25,5.0,5.0,0.25,5.5,5.5,2019-02-03,2019-02-22,20,6,1052,257,6,133,133,8490720,external_inputs/environment/goto_chl,CHL_GOTO_PERIOD_month_lat005_lon045_201902_20190203_20190222.nc,external_inputs/environment/goto_chl/CHL_GOTO_PERIOD_month_lat005_lon045_201902_20190203_20190222.nc,0
planned,month,2016-02,CHL,cmems_obs-oc_glo_bgc-plankton_my_l4-gapfree-multi-4km_P1D,CHL,lat005_lon046,5,46,-65.25,-59.75,49.75,55.25,5.0,5.0,0.25,5.5,5.5,2016-02-17,2016-02-17,1,1,15,3,1,133,133,500000,external_inputs/environment/goto_chl,CHL_GOTO_PERIOD_month_lat005_lon046_201602_20160217_20160217.nc,external_inputs/environment/goto_chl/CHL_GOTO_PERIOD_month_lat005_lon046_201602_20160217_20160217.nc,0
planned,month,2017-02,CHL,cmems_obs-oc_glo_bgc-plankton_my_l4-gapfree-multi-4km_P1D,CHL,lat005_lon046,5,46,-65.25,-59.75,49.75,55.25,5.0,5.0,0.25,5.5,5.5,2017-02-17,2017-02-19,3,3,1086,265,4,133,133,1273608,external_inputs/environment/goto_chl,CHL_GOTO_PERIOD_month_lat005_lon046_201702_20170217_20170219.nc,external_inputs/environment/goto_chl/CHL_GOTO_PERIOD_month_lat005_lon046_201702_20170217_20170219.nc,0
planned,month,2018-01,CHL,cmems_obs-oc_glo_bgc-plankton_my_l4-gapfree-multi-4km_P1D,CHL,lat005_lon046,5,46,-65.25,-59.75,49.75,55.25,5.0,5.0,0.25,5.5,5.5,2018-01-29,2018-01-29,1,1,43,11,1,133,133,500000,external_inputs/environment/goto_chl,CHL_GOTO_PERIOD_month_lat005_lon046_201801_20180129_20180129.nc,external_inputs/environment/goto_chl/CHL_GOTO_PERIOD_month_lat005_lon046_201801_20180129_20180129.nc,0
planned,month,2019-01,CHL,cmems_obs-oc_glo_bgc-plankton_my_l4-gapfree-multi-4km_P1D,CHL,lat005_lon046,5,46,-65.25,-59.75,49.75,55.25,5.0,5.0,0.25,5.5,5.5,2019-01-24,2019-01-28,5,3,636,137,3,133,133,2122680,external_inputs/environment/goto_chl,CHL_GOTO_PERIOD_month_lat005_lon046_201901_20190124_20190128.nc,external_inputs/environment/goto_chl/CHL_GOTO_PERIOD_month_lat005_lon046_201901_20190124_20190128.nc,0
planned,month,2019-02,CHL,cmems_obs-oc_glo_bgc-plankton_my_l4-gapfree-multi-4km_P1D,CHL,lat005_lon046,5,46,-65.25,-59.75,49.75,55.25,5.0,5.0,0.25,5.5,5.5,2019-02-03,2019-02-20,18,3,155,53,3,133,133,7641648,external_inputs/environment/goto_chl,CHL_GOTO_PERIOD_month_lat005_lon046_201902_20190203_20190220.nc,external_inputs/environment/goto_chl/CHL_GOTO_PERIOD_month_lat005_lon046_201902_20190203_20190220.nc,0
planned,month,2016-02,CHL,cmems_obs-oc_glo_bgc-plankton_my_l4-gapfree-multi-4km_P1D,CHL,lat005_lon047,5,47,-65.25,-59.75,54.75,60.25,5.0,5.0,0.25,5.5,5.5,2016-02-16,2016-02-17,2,2,578,120,2,133,133,849072,external_inputs/environment/goto_chl,CHL_GOTO_PERIOD_month_lat005_lon047_201602_20160216_20160217.nc,external_inputs/environment/goto_chl/CHL_GOTO_PERIOD_month_lat005_lon047_201602_20160216_20160217.nc,0
planned,month,2017-02,CHL,cmems_obs-oc_glo_bgc-plankton_my_l4-gapfree-multi-4km_P1D,CHL,lat005_lon047,5,47,-65.25,-59.75,54.75,60.25,5.0,5.0,0.25,5.5,5.5,2017-02-16,2017-02-19,4,4,341,137,5,133,133,1698144,external_inputs/environment/goto_chl,CHL_GOTO_PERIOD_month_lat005_lon047_201702_20170216_20170219.nc,external_inputs/environment/goto_chl/CHL_GOTO_PERIOD_month_lat005_lon047_201702_20170216_20170219.nc,0
planned,month,2018-01,CHL,cmems_obs-oc_glo_bgc-plankton_my_l4-gapfree-multi-4km_P1D,CHL,lat005_lon047,5,47,-65.25,-59.75,54.75,60.25,5.0,5.0,0.25,5.5,5.5,2018-01-29,2018-01-29,1,1,5,1,1,133,133,500000,external_inputs/environment/goto_chl,CHL_GOTO_PERIOD_month_lat005_lon047_201801_20180129_20180129.nc,external_inputs/environment/goto_chl/CHL_GOTO_PERIOD_month_lat005_lon047_201801_20180129_20180129.nc,0
planned,month,2018-02,CHL,cmems_obs-oc_glo_bgc-plankton_my_l4-gapfree-multi-4km_P1D,CHL,lat005_lon047,5,47,-65.25,-59.75,54.75,60.25,5.0,5.0,0.25,5.5,5.5,2018-02-02,2018-02-02,1,1,135,27,1,133,133,500000,external_inputs/environment/goto_chl,CHL_GOTO_PERIOD_month_lat005_lon047_201802_20180202_20180202.nc,external_inputs/environment/goto_chl/CHL_GOTO_PERIOD_month_lat005_lon047_201802_20180202_20180202.nc,0
planned,month,2019-01,CHL,cmems_obs-oc_glo_bgc-plankton_my_l4-gapfree-multi-4km_P1D,CHL,lat005_lon047,5,47,-65.25,-59.75,54.75,60.25,5.0,5.0,0.25,5.5,5.5,2019-01-24,2019-01-24,1,1,204,44,2,133,133,500000,external_inputs/environment/goto_chl,CHL_GOTO_PERIOD_month_lat005_lon047_201901_20190124_20190124.nc,external_inputs/environment/goto_chl/CHL_GOTO_PERIOD_month_lat005_lon047_201901_20190124_20190124.nc,0
planned,month,2019-02,CHL,cmems_obs-oc_glo_bgc-plankton_my_l4-gapfree-multi-4km_P1D,CHL,lat005_lon047,5,47,-65.25,-59.75,54.75,60.25,5.0,5.0,0.25,5.5,5.5,2019-02-19,2019-02-19,1,1,208,56,1,133,133,500000,external_inputs/environment/goto_chl,CHL_GOTO_PERIOD_month_lat005_lon047_201902_20190219_20190219.nc,external_inputs/environment/goto_chl/CHL_GOTO_PERIOD_month_lat005_lon047_201902_20190219_20190219.nc,0
planned,month,2016-02,CHL,cmems_obs-oc_glo_bgc-plankton_my_l4-gapfree-multi-4km_P1D,CHL,lat005_lon048,5,48,-65.25,-59.75,59.75,65.25,5.0,5.0,0.25,5.5,5.5,2016-02-16,2016-02-17,2,2,147,36,2,133,133,849072,external_inputs/environment/goto_chl,CHL_GOTO_PERIOD_month_lat005_lon048_201602_20160216_20160217.nc,external_inputs/environment/goto_chl/CHL_GOTO_PERIOD_month_lat005_lon048_201602_20160216_20160217.nc,0
planned,month,2017-02,CHL,cmems_obs-oc_glo_bgc-plankton_my_l4-gapfree-multi-4km_P1D,CHL,lat005_lon048,5,48,-65.25,-59.75,59.75,65.25,5.0,5.0,0.25,5.5,5.5,2017-02-15,2017-02-16,2,2,340,77,2,133,133,849072,external_inputs/environment/goto_chl,CHL_GOTO_PERIOD_month_lat005_lon048_201702_20170215_20170216.nc,external_inputs/environment/goto_chl/CHL_GOTO_PERIOD_month_lat005_lon048_201702_20170215_20170216.nc,0
planned,month,2018-01,CHL,cmems_obs-oc_glo_bgc-plankton_my_l4-gapfree-multi-4km_P1D,CHL,lat005_lon048,5,48,-65.25,-59.75,59.75,65.25,5.0,5.0,0.25,5.5,5.5,2018-01-29,2018-01-29,1,1,5,1,1,133,133,500000,external_inputs/environment/goto_chl,CHL_GOTO_PERIOD_month_lat005_lon048_201801_20180129_20180129.nc,external_inputs/environment/goto_chl/CHL_GOTO_PERIOD_month_lat005_lon048_201801_20180129_20180129.nc,0
planned,month,2018-02,CHL,cmems_obs-oc_glo_bgc-plankton_my_l4-gapfree-multi-4km_P1D,CHL,lat005_lon048,5,48,-65.25,-59.75,59.75,65.25,5.0,5.0,0.25,5.5,5.5,2018-02-01,2018-02-01,1,1,100,29,1,133,133,500000,external_inputs/environment/goto_chl,CHL_GOTO_PERIOD_month_lat005_lon048_201802_20180201_20180201.nc,external_inputs/environment/goto_chl/CHL_GOTO_PERIOD_month_lat005_lon048_201802_20180201_20180201.nc,0
planned,month,2019-01,CHL,cmems_obs-oc_glo_bgc-plankton_my_l4-gapfree-multi-4km_P1D,CHL,lat005_lon048,5,48,-65.25,-59.75,59.75,65.25,5.0,5.0,0.25,5.5,5.5,2019-01-24,2019-01-24,1,1,95,19,1,133,133,500000,external_inputs/environment/goto_chl,CHL_GOTO_PERIOD_month_lat005_lon048_201901_20190124_20190124.nc,external_inputs/environment/goto_chl/CHL_GOTO_PERIOD_month_lat005_lon048_201901_20190124_20190124.nc,0
planned,month,2019-02,CHL,cmems_obs-oc_glo_bgc-plankton_my_l4-gapfree-multi-4km_P1D,CHL,lat005_lon048,5,48,-65.25,-59.75,59.75,65.25,5.0,5.0,0.25,5.5,5.5,2019-02-18,2019-02-19,2,2,13,6,2,133,133,849072,external_inputs/environment/goto_chl,CHL_GOTO_PERIOD_month_lat005_lon048_201902_20190218_20190219.nc,external_inputs/environment/goto_chl/CHL_GOTO_PERIOD_month_lat005_lon048_201902_20190218_20190219.nc,0
planned,month,2017-02,CHL,cmems_obs-oc_glo_bgc-plankton_my_l4-gapfree-multi-4km_P1D,CHL,lat005_lon049,5,49,-65.25,-59.75,64.75,70.25,5.0,5.0,0.25,5.5,5.5,2017-02-15,2017-02-15,1,1,150,39,1,133,133,500000,external_inputs/environment/goto_chl,CHL_GOTO_PERIOD_month_lat005_lon049_201702_20170215_20170215.nc,external_inputs/environment/goto_chl/CHL_GOTO_PERIOD_month_lat005_lon049_201702_20170215_20170215.nc,0
planned,month,2018-01,CHL,cmems_obs-oc_glo_bgc-plankton_my_l4-gapfree-multi-4km_P1D,CHL,lat005_lon049,5,49,-65.25,-59.75,64.75,70.25,5.0,5.0,0.25,5.5,5.5,2018-01-28,2018-01-28,1,1,230,46,1,133,133,500000,external_inputs/environment/goto_chl,CHL_GOTO_PERIOD_month_lat005_lon049_201801_20180128_20180128.nc,external_inputs/environment/goto_chl/CHL_GOTO_PERIOD_month_lat005_lon049_201801_20180128_20180128.nc,0
planned,month,2018-02,CHL,cmems_obs-oc_glo_bgc-plankton_my_l4-gapfree-multi-4km_P1D,CHL,lat005_lon049,5,49,-65.25,-59.75,64.75,70.25,5.0,5.0,0.25,5.5,5.5,2018-02-01,2018-02-01,1,1,108,36,1,133,133,500000,external_inputs/environment/goto_chl,CHL_GOTO_PERIOD_month_lat005_lon049_201802_20180201_20180201.nc,external_inputs/environment/goto_chl/CHL_GOTO_PERIOD_month_lat005_lon049_201802_20180201_20180201.nc,0
planned,month,2019-01,CHL,cmems_obs-oc_glo_bgc-plankton_my_l4-gapfree-multi-4km_P1D,CHL,lat005_lon049,5,49,-65.25,-59.75,64.75,70.25,5.0,5.0,0.25,5.5,5.5,2019-01-25,2019-01-25,1,1,5,1,1,133,133,500000,external_inputs/environment/goto_chl,CHL_GOTO_PERIOD_month_lat005_lon049_201901_20190125_20190125.nc,external_inputs/environment/goto_chl/CHL_GOTO_PERIOD_month_lat005_lon049_201901_20190125_20190125.nc,0
planned,month,2017-01,CHL,cmems_obs-oc_glo_bgc-plankton_my_l4-gapfree-multi-4km_P1D,CHL,lat005_lon050,5,50,-65.25,-59.75,69.75,75.25,5.0,5.0,0.25,5.5,5.5,2017-01-19,2017-01-20,2,2,400,80,2,133,133,849072,external_inputs/environment/goto_chl,CHL_GOTO_PERIOD_month_lat005_lon050_201701_20170119_20170120.nc,external_inputs/environment/goto_chl/CHL_GOTO_PERIOD_month_lat005_lon050_201701_20170119_20170120.nc,0
planned,month,2018-02,CHL,cmems_obs-oc_glo_bgc-plankton_my_l4-gapfree-multi-4km_P1D,CHL,lat005_lon050,5,50,-65.25,-59.75,69.75,75.25,5.0,5.0,0.25,5.5,5.5,2018-02-01,2018-02-01,1,1,300,66,1,133,133,500000,external_inputs/environment/goto_chl,CHL_GOTO_PERIOD_month_lat005_lon050_201802_20180201_20180201.nc,external_inputs/environment/goto_chl/CHL_GOTO_PERIOD_month_lat005_lon050_201802_20180201_20180201.nc,0
planned,month,2019-01,CHL,cmems_obs-oc_glo_bgc-plankton_my_l4-gapfree-multi-4km_P1D,CHL,lat005_lon050,5,50,-65.25,-59.75,69.75,75.25,5.0,5.0,0.25,5.5,5.5,2019-01-25,2019-01-25,1,1,117,38,1,133,133,500000,external_inputs/environment/goto_chl,CHL_GOTO_PERIOD_month_lat005_lon050_201901_20190125_20190125.nc,external_inputs/environment/goto_chl/CHL_GOTO_PERIOD_month_lat005_lon050_201901_20190125_20190125.nc,0
planned,month,2017-01,CHL,cmems_obs-oc_glo_bgc-plankton_my_l4-gapfree-multi-4km_P1D,CHL,lat005_lon051,5,51,-65.25,-59.75,74.75,80.25,5.0,5.0,0.25,5.5,5.5,2017-01-19,2017-01-20,2,2,125,25,2,133,133,849072,external_inputs/environment/goto_chl,CHL_GOTO_PERIOD_month_lat005_lon051_201701_20170119_20170120.nc,external_inputs/environment/goto_chl/CHL_GOTO_PERIOD_month_lat005_lon051_201701_20170119_20170120.nc,0
planned,month,2018-01,CHL,cmems_obs-oc_glo_bgc-plankton_my_l4-gapfree-multi-4km_P1D,CHL,lat005_lon051,5,51,-65.25,-59.75,74.75,80.25,5.0,5.0,0.25,5.5,5.5,2018-01-31,2018-01-31,1,1,276,59,1,133,133,500000,external_inputs/environment/goto_chl,CHL_GOTO_PERIOD_month_lat005_lon051_201801_20180131_20180131.nc,external_inputs/environment/goto_chl/CHL_GOTO_PERIOD_month_lat005_lon051_201801_20180131_20180131.nc,0
planned,month,2018-02,CHL,cmems_obs-oc_glo_bgc-plankton_my_l4-gapfree-multi-4km_P1D,CHL,lat005_lon051,5,51,-65.25,-59.75,74.75,80.25,5.0,5.0,0.25,5.5,5.5,2018-02-01,2018-02-01,1,1,12,6,1,133,133,500000,external_inputs/environment/goto_chl,CHL_GOTO_PERIOD_month_lat005_lon051_201802_20180201_20180201.nc,external_inputs/environment/goto_chl/CHL_GOTO_PERIOD_month_lat005_lon051_201802_20180201_20180201.nc,0
planned,month,2019-01,CHL,cmems_obs-oc_glo_bgc-plankton_my_l4-gapfree-multi-4km_P1D,CHL,lat005_lon051,5,51,-65.25,-59.75,74.75,80.25,5.0,5.0,0.25,5.5,5.5,2019-01-25,2019-01-31,7,4,314,103,4,133,133,2971752,external_inputs/environment/goto_chl,CHL_GOTO_PERIOD_month_lat005_lon051_201901_20190125_20190131.nc,external_inputs/environment/goto_chl/CHL_GOTO_PERIOD_month_lat005_lon051_201901_20190125_20190131.nc,0
planned,month,2017-01,CHL,cmems_obs-oc_glo_bgc-plankton_my_l4-gapfree-multi-4km_P1D,CHL,lat005_lon052,5,52,-65.25,-59.75,79.75,85.25,5.0,5.0,0.25,5.5,5.5,2017-01-20,2017-01-20,1,1,69,15,1,133,133,500000,external_inputs/environment/goto_chl,CHL_GOTO_PERIOD_month_lat005_lon052_201701_20170120_20170120.nc,external_inputs/environment/goto_chl/CHL_GOTO_PERIOD_month_lat005_lon052_201701_20170120_20170120.nc,0
planned,month,2018-01,CHL,cmems_obs-oc_glo_bgc-plankton_my_l4-gapfree-multi-4km_P1D,CHL,lat005_lon052,5,52,-65.25,-59.75,79.75,85.25,5.0,5.0,0.25,5.5,5.5,2018-01-29,2018-01-31,3,3,812,169,3,133,133,1273608,external_inputs/environment/goto_chl,CHL_GOTO_PERIOD_month_lat005_lon052_201801_20180129_20180131.nc,external_inputs/environment/goto_chl/CHL_GOTO_PERIOD_month_lat005_lon052_201801_20180129_20180131.nc,0
planned,month,2019-01,CHL,cmems_obs-oc_glo_bgc-plankton_my_l4-gapfree-multi-4km_P1D,CHL,lat005_lon052,5,52,-65.25,-59.75,79.75,85.25,5.0,5.0,0.25,5.5,5.5,2019-01-26,2019-01-31,6,5,1922,417,5,133,133,2547216,external_inputs/environment/goto_chl,CHL_GOTO_PERIOD_month_lat005_lon052_201901_20190126_20190131.nc,external_inputs/environment/goto_chl/CHL_GOTO_PERIOD_month_lat005_lon052_201901_20190126_20190131.nc,0
planned,month,2019-02,CHL,cmems_obs-oc_glo_bgc-plankton_my_l4-gapfree-multi-4km_P1D,CHL,lat005_lon052,5,52,-65.25,-59.75,79.75,85.25,5.0,5.0,0.25,5.5,5.5,2019-02-01,2019-02-04,4,4,1291,263,4,133,133,1698144,external_inputs/environment/goto_chl,CHL_GOTO_PERIOD_month_lat005_lon052_201902_20190201_20190204.nc,external_inputs/environment/goto_chl/CHL_GOTO_PERIOD_month_lat005_lon052_201902_20190201_20190204.nc,0
planned,month,2017-01,CHL,cmems_obs-oc_glo_bgc-plankton_my_l4-gapfree-multi-4km_P1D,CHL,lat005_lon053,5,53,-65.25,-59.75,84.75,90.25,5.0,5.0,0.25,5.5,5.5,2017-01-20,2017-01-22,3,3,81,32,3,133,133,1273608,external_inputs/environment/goto_chl,CHL_GOTO_PERIOD_month_lat005_lon053_201701_20170120_20170122.nc,external_inputs/environment/goto_chl/CHL_GOTO_PERIOD_month_lat005_lon053_201701_20170120_20170122.nc,0
planned,month,2018-01,CHL,cmems_obs-oc_glo_bgc-plankton_my_l4-gapfree-multi-4km_P1D,CHL,lat005_lon053,5,53,-65.25,-59.75,84.75,90.25,5.0,5.0,0.25,5.5,5.5,2018-01-28,2018-01-29,2,2,24,10,2,133,133,849072,external_inputs/environment/goto_chl,CHL_GOTO_PERIOD_month_lat005_lon053_201801_20180128_20180129.nc,external_inputs/environment/goto_chl/CHL_GOTO_PERIOD_month_lat005_lon053_201801_20180128_20180129.nc,0
planned,month,2017-01,CHL,cmems_obs-oc_glo_bgc-plankton_my_l4-gapfree-multi-4km_P1D,CHL,lat005_lon054,5,54,-65.25,-59.75,89.75,95.25,5.0,5.0,0.25,5.5,5.5,2017-01-21,2017-01-21,1,1,85,25,1,133,133,500000,external_inputs/environment/goto_chl,CHL_GOTO_PERIOD_month_lat005_lon054_201701_20170121_20170121.nc,external_inputs/environment/goto_chl/CHL_GOTO_PERIOD_month_lat005_lon054_201701_20170121_20170121.nc,0
planned,month,2018-02,CHL,cmems_obs-oc_glo_bgc-plankton_my_l4-gapfree-multi-4km_P1D,CHL,lat006_lon033,6,33,-60.25,-54.75,-15.25,-9.75,5.0,5.0,0.25,5.5,5.5,2018-02-04,2018-02-04,1,1,18,6,1,133,133,500000,external_inputs/environment/goto_chl,CHL_GOTO_PERIOD_month_lat006_lon033_201802_20180204_20180204.nc,external_inputs/environment/goto_chl/CHL_GOTO_PERIOD_month_lat006_lon033_201802_20180204_20180204.nc,0
planned,month,2018-02,CHL,cmems_obs-oc_glo_bgc-plankton_my_l4-gapfree-multi-4km_P1D,CHL,lat006_lon034,6,34,-60.25,-54.75,-10.25,-4.75,5.0,5.0,0.25,5.5,5.5,2018-02-04,2018-02-04,1,1,154,73,1,133,133,500000,external_inputs/environment/goto_chl,CHL_GOTO_PERIOD_month_lat006_lon034_201802_20180204_20180204.nc,external_inputs/environment/goto_chl/CHL_GOTO_PERIOD_month_lat006_lon034_201802_20180204_20180204.nc,0
planned,month,2018-02,CHL,cmems_obs-oc_glo_bgc-plankton_my_l4-gapfree-multi-4km_P1D,CHL,lat006_lon035,6,35,-60.25,-54.75,-5.25,0.25,5.0,5.0,0.25,5.5,5.5,2018-02-02,2018-02-04,3,2,266,72,2,133,133,1273608,external_inputs/environment/goto_chl,CHL_GOTO_PERIOD_month_lat006_lon035_201802_20180202_20180204.nc,external_inputs/environment/goto_chl/CHL_GOTO_PERIOD_month_lat006_lon035_201802_20180202_20180204.nc,0
planned,month,2018-02,CHL,cmems_obs-oc_glo_bgc-plankton_my_l4-gapfree-multi-4km_P1D,CHL,lat006_lon036,6,36,-60.25,-54.75,-0.25,5.25,5.0,5.0,0.25,5.5,5.5,2018-02-01,2018-02-06,6,5,1060,270,5,133,133,2547216,external_inputs/environment/goto_chl,CHL_GOTO_PERIOD_month_lat006_lon036_201802_20180201_20180206.nc,external_inputs/environment/goto_chl/CHL_GOTO_PERIOD_month_lat006_lon036_201802_20180201_20180206.nc,0
planned,month,2018-02,CHL,cmems_obs-oc_glo_bgc-plankton_my_l4-gapfree-multi-4km_P1D,CHL,lat006_lon037,6,37,-60.25,-54.75,4.75,10.25,5.0,5.0,0.25,5.5,5.5,2018-02-05,2018-02-09,5,4,674,165,4,133,133,2122680,external_inputs/environment/goto_chl,CHL_GOTO_PERIOD_month_lat006_lon037_201802_20180205_20180209.nc,external_inputs/environment/goto_chl/CHL_GOTO_PERIOD_month_lat006_lon037_201802_20180205_20180209.nc,0
planned,month,2018-01,CHL,cmems_obs-oc_glo_bgc-plankton_my_l4-gapfree-multi-4km_P1D,CHL,lat006_lon038,6,38,-60.25,-54.75,9.75,15.25,5.0,5.0,0.25,5.5,5.5,2018-01-29,2018-01-30,2,2,124,59,2,133,133,849072,external_inputs/environment/goto_chl,CHL_GOTO_PERIOD_month_lat006_lon038_201801_20180129_20180130.nc,external_inputs/environment/goto_chl/CHL_GOTO_PERIOD_month_lat006_lon038_201801_20180129_20180130.nc,0
planned,month,2016-02,CHL,cmems_obs-oc_glo_bgc-plankton_my_l4-gapfree-multi-4km_P1D,CHL,lat006_lon039,6,39,-60.25,-54.75,14.75,20.25,5.0,5.0,0.25,5.5,5.5,2016-02-21,2016-02-21,1,1,232,53,1,133,133,500000,external_inputs/environment/goto_chl,CHL_GOTO_PERIOD_month_lat006_lon039_201602_20160221_20160221.nc,external_inputs/environment/goto_chl/CHL_GOTO_PERIOD_month_lat006_lon039_201602_20160221_20160221.nc,0
planned,month,2018-01,CHL,cmems_obs-oc_glo_bgc-plankton_my_l4-gapfree-multi-4km_P1D,CHL,lat006_lon039,6,39,-60.25,-54.75,14.75,20.25,5.0,5.0,0.25,5.5,5.5,2018-01-28,2018-01-30,3,3,1782,388,3,133,133,1273608,external_inputs/environment/goto_chl,CHL_GOTO_PERIOD_month_lat006_lon039_201801_20180128_20180130.nc,external_inputs/environment/goto_chl/CHL_GOTO_PERIOD_month_lat006_lon039_201801_20180128_20180130.nc,0
planned,month,2018-02,CHL,cmems_obs-oc_glo_bgc-plankton_my_l4-gapfree-multi-4km_P1D,CHL,lat006_lon039,6,39,-60.25,-54.75,14.75,20.25,5.0,5.0,0.25,5.5,5.5,2018-02-03,2018-02-08,6,5,2304,469,5,133,133,2547216,external_inputs/environment/goto_chl,CHL_GOTO_PERIOD_month_lat006_lon039_201802_20180203_20180208.nc,external_inputs/environment/goto_chl/CHL_GOTO_PERIOD_month_lat006_lon039_201802_20180203_20180208.nc,0
planned,month,2016-02,CHL,cmems_obs-oc_glo_bgc-plankton_my_l4-gapfree-multi-4km_P1D,CHL,lat006_lon040,6,40,-60.25,-54.75,19.75,25.25,5.0,5.0,0.25,5.5,5.5,2016-02-21,2016-02-21,1,1,172,44,1,133,133,500000,external_inputs/environment/goto_chl,CHL_GOTO_PERIOD_month_lat006_lon040_201602_20160221_20160221.nc,external_inputs/environment/goto_chl/CHL_GOTO_PERIOD_month_lat006_lon040_201602_20160221_20160221.nc,0
planned,month,2018-01,CHL,cmems_obs-oc_glo_bgc-plankton_my_l4-gapfree-multi-4km_P1D,CHL,lat006_lon040,6,40,-60.25,-54.75,19.75,25.25,5.0,5.0,0.25,5.5,5.5,2018-01-27,2018-01-28,2,2,1021,213,2,133,133,849072,external_inputs/environment/goto_chl,CHL_GOTO_PERIOD_month_lat006_lon040_201801_20180127_20180128.nc,external_inputs/environment/goto_chl/CHL_GOTO_PERIOD_month_lat006_lon040_201801_20180127_20180128.nc,0
planned,month,2018-02,CHL,cmems_obs-oc_glo_bgc-plankton_my_l4-gapfree-multi-4km_P1D,CHL,lat006_lon040,6,40,-60.25,-54.75,19.75,25.25,5.0,5.0,0.25,5.5,5.5,2018-02-07,2018-02-07,1,1,214,94,1,133,133,500000,external_inputs/environment/goto_chl,CHL_GOTO_PERIOD_month_lat006_lon040_201802_20180207_20180207.nc,external_inputs/environment/goto_chl/CHL_GOTO_PERIOD_month_lat006_lon040_201802_20180207_20180207.nc,0
planned,month,2016-01,CHL,cmems_obs-oc_glo_bgc-plankton_my_l4-gapfree-multi-4km_P1D,CHL,lat006_lon041,6,41,-60.25,-54.75,24.75,30.25,5.0,5.0,0.25,5.5,5.5,2016-01-28,2016-01-28,1,1,74,23,1,133,133,500000,external_inputs/environment/goto_chl,CHL_GOTO_PERIOD_month_lat006_lon041_201601_20160128_20160128.nc,external_inputs/environment/goto_chl/CHL_GOTO_PERIOD_month_lat006_lon041_201601_20160128_20160128.nc,0
planned,month,2018-01,CHL,cmems_obs-oc_glo_bgc-plankton_my_l4-gapfree-multi-4km_P1D,CHL,lat006_lon041,6,41,-60.25,-54.75,24.75,30.25,5.0,5.0,0.25,5.5,5.5,2018-01-27,2018-01-27,1,1,77,22,1,133,133,500000,external_inputs/environment/goto_chl,CHL_GOTO_PERIOD_month_lat006_lon041_201801_20180127_20180127.nc,external_inputs/environment/goto_chl/CHL_GOTO_PERIOD_month_lat006_lon041_201801_20180127_20180127.nc,0
planned,month,2018-02,CHL,cmems_obs-oc_glo_bgc-plankton_my_l4-gapfree-multi-4km_P1D,CHL,lat006_lon041,6,41,-60.25,-54.75,24.75,30.25,5.0,5.0,0.25,5.5,5.5,2018-02-01,2018-02-07,7,3,786,170,3,133,133,2971752,external_inputs/environment/goto_chl,CHL_GOTO_PERIOD_month_lat006_lon041_201802_20180201_20180207.nc,external_inputs/environment/goto_chl/CHL_GOTO_PERIOD_month_lat006_lon041_201802_20180201_20180207.nc,0
planned,month,2016-01,CHL,cmems_obs-oc_glo_bgc-plankton_my_l4-gapfree-multi-4km_P1D,CHL,lat006_lon042,6,42,-60.25,-54.75,29.75,35.25,5.0,5.0,0.25,5.5,5.5,2016-01-28,2016-01-29,2,2,335,70,3,133,133,849072,external_inputs/environment/goto_chl,CHL_GOTO_PERIOD_month_lat006_lon042_201601_20160128_20160129.nc,external_inputs/environment/goto_chl/CHL_GOTO_PERIOD_month_lat006_lon042_201601_20160128_20160129.nc,0
planned,month,2018-01,CHL,cmems_obs-oc_glo_bgc-plankton_my_l4-gapfree-multi-4km_P1D,CHL,lat006_lon042,6,42,-60.25,-54.75,29.75,35.25,5.0,5.0,0.25,5.5,5.5,2018-01-26,2018-01-29,4,4,332,75,4,133,133,1698144,external_inputs/environment/goto_chl,CHL_GOTO_PERIOD_month_lat006_lon042_201801_20180126_20180129.nc,external_inputs/environment/goto_chl/CHL_GOTO_PERIOD_month_lat006_lon042_201801_20180126_20180129.nc,0
planned,month,2018-02,CHL,cmems_obs-oc_glo_bgc-plankton_my_l4-gapfree-multi-4km_P1D,CHL,lat006_lon042,6,42,-60.25,-54.75,29.75,35.25,5.0,5.0,0.25,5.5,5.5,2018-02-01,2018-02-11,11,3,515,103,3,133,133,4669896,external_inputs/environment/goto_chl,CHL_GOTO_PERIOD_month_lat006_lon042_201802_20180201_20180211.nc,external_inputs/environment/goto_chl/CHL_GOTO_PERIOD_month_lat006_lon042_201802_20180201_20180211.nc,0
planned,month,2019-01,CHL,cmems_obs-oc_glo_bgc-plankton_my_l4-gapfree-multi-4km_P1D,CHL,lat006_lon042,6,42,-60.25,-54.75,29.75,35.25,5.0,5.0,0.25,5.5,5.5,2019-01-25,2019-01-25,1,1,110,23,1,133,133,500000,external_inputs/environment/goto_chl,CHL_GOTO_PERIOD_month_lat006_lon042_201901_20190125_20190125.nc,external_inputs/environment/goto_chl/CHL_GOTO_PERIOD_month_lat006_lon042_201901_20190125_20190125.nc,0
planned,month,2019-02,CHL,cmems_obs-oc_glo_bgc-plankton_my_l4-gapfree-multi-4km_P1D,CHL,lat006_lon042,6,42,-60.25,-54.75,29.75,35.25,5.0,5.0,0.25,5.5,5.5,2019-02-08,2019-02-09,2,2,82,23,2,133,133,849072,external_inputs/environment/goto_chl,CHL_GOTO_PERIOD_month_lat006_lon042_201902_20190208_20190209.nc,external_inputs/environment/goto_chl/CHL_GOTO_PERIOD_month_lat006_lon042_201902_20190208_20190209.nc,0
planned,month,2018-01,CHL,cmems_obs-oc_glo_bgc-plankton_my_l4-gapfree-multi-4km_P1D,CHL,lat006_lon043,6,43,-60.25,-54.75,34.75,40.25,5.0,5.0,0.25,5.5,5.5,2018-01-21,2018-01-28,8,6,1538,412,6,133,133,3396288,external_inputs/environment/goto_chl,CHL_GOTO_PERIOD_month_lat006_lon043_201801_20180121_20180128.nc,external_inputs/environment/goto_chl/CHL_GOTO_PERIOD_month_lat006_lon043_201801_20180121_20180128.nc,0
planned,month,2018-02,CHL,cmems_obs-oc_glo_bgc-plankton_my_l4-gapfree-multi-4km_P1D,CHL,lat006_lon043,6,43,-60.25,-54.75,34.75,40.25,5.0,5.0,0.25,5.5,5.5,2018-02-01,2018-02-11,11,3,480,96,3,133,133,4669896,external_inputs/environment/goto_chl,CHL_GOTO_PERIOD_month_lat006_lon043_201802_20180201_20180211.nc,external_inputs/environment/goto_chl/CHL_GOTO_PERIOD_month_lat006_lon043_201802_20180201_20180211.nc,0
planned,month,2019-01,CHL,cmems_obs-oc_glo_bgc-plankton_my_l4-gapfree-multi-4km_P1D,CHL,lat006_lon043,6,43,-60.25,-54.75,34.75,40.25,5.0,5.0,0.25,5.5,5.5,2019-01-24,2019-01-26,3,3,276,59,3,133,133,1273608,external_inputs/environment/goto_chl,CHL_GOTO_PERIOD_month_lat006_lon043_201901_20190124_20190126.nc,external_inputs/environment/goto_chl/CHL_GOTO_PERIOD_month_lat006_lon043_201901_20190124_20190126.nc,0
planned,month,2019-02,CHL,cmems_obs-oc_glo_bgc-plankton_my_l4-gapfree-multi-4km_P1D,CHL,lat006_lon043,6,43,-60.25,-54.75,34.75,40.25,5.0,5.0,0.25,5.5,5.5,2019-02-08,2019-02-09,2,2,239,51,2,133,133,849072,external_inputs/environment/goto_chl,CHL_GOTO_PERIOD_month_lat006_lon043_201902_20190208_20190209.nc,external_inputs/environment/goto_chl/CHL_GOTO_PERIOD_month_lat006_lon043_201902_20190208_20190209.nc,0
planned,month,2018-01,CHL,cmems_obs-oc_glo_bgc-plankton_my_l4-gapfree-multi-4km_P1D,CHL,lat006_lon044,6,44,-60.25,-54.75,39.75,45.25,5.0,5.0,0.25,5.5,5.5,2018-01-19,2018-01-27,9,8,3094,715,8,133,133,3820824,external_inputs/environment/goto_chl,CHL_GOTO_PERIOD_month_lat006_lon044_201801_20180119_20180127.nc,external_inputs/environment/goto_chl/CHL_GOTO_PERIOD_month_lat006_lon044_201801_20180119_20180127.nc,0
planned,month,2018-02,CHL,cmems_obs-oc_glo_bgc-plankton_my_l4-gapfree-multi-4km_P1D,CHL,lat006_lon044,6,44,-60.25,-54.75,39.75,45.25,5.0,5.0,0.25,5.5,5.5,2018-02-03,2018-02-10,8,3,642,137,4,133,133,3396288,external_inputs/environment/goto_chl,CHL_GOTO_PERIOD_month_lat006_lon044_201802_20180203_20180210.nc,external_inputs/environment/goto_chl/CHL_GOTO_PERIOD_month_lat006_lon044_201802_20180203_20180210.nc,0
planned,month,2019-01,CHL,cmems_obs-oc_glo_bgc-plankton_my_l4-gapfree-multi-4km_P1D,CHL,lat006_lon044,6,44,-60.25,-54.75,39.75,45.25,5.0,5.0,0.25,5.5,5.5,2019-01-24,2019-01-31,8,2,129,33,2,133,133,3396288,external_inputs/environment/goto_chl,CHL_GOTO_PERIOD_month_lat006_lon044_201901_20190124_20190131.nc,external_inputs/environment/goto_chl/CHL_GOTO_PERIOD_month_lat006_lon044_201901_20190124_20190131.nc,0
planned,month,2019-02,CHL,cmems_obs-oc_glo_bgc-plankton_my_l4-gapfree-multi-4km_P1D,CHL,lat006_lon044,6,44,-60.25,-54.75,39.75,45.25,5.0,5.0,0.25,5.5,5.5,2019-02-01,2019-02-25,25,15,3539,1063,15,133,133,10613400,external_inputs/environment/goto_chl,CHL_GOTO_PERIOD_month_lat006_lon044_201902_20190201_20190225.nc,external_inputs/environment/goto_chl/CHL_GOTO_PERIOD_month_lat006_lon044_201902_20190201_20190225.nc,0
planned,month,2016-01,CHL,cmems_obs-oc_glo_bgc-plankton_my_l4-gapfree-multi-4km_P1D,CHL,lat006_lon045,6,45,-60.25,-54.75,44.75,50.25,5.0,5.0,0.25,5.5,5.5,2016-01-21,2016-01-21,1,1,265,53,1,133,133,500000,external_inputs/environment/goto_chl,CHL_GOTO_PERIOD_month_lat006_lon045_201601_20160121_20160121.nc,external_inputs/environment/goto_chl/CHL_GOTO_PERIOD_month_lat006_lon045_201601_20160121_20160121.nc,0
planned,month,2018-01,CHL,cmems_obs-oc_glo_bgc-plankton_my_l4-gapfree-multi-4km_P1D,CHL,lat006_lon045,6,45,-60.25,-54.75,44.75,50.25,5.0,5.0,0.25,5.5,5.5,2018-01-27,2018-01-27,1,1,20,7,1,133,133,500000,external_inputs/environment/goto_chl,CHL_GOTO_PERIOD_month_lat006_lon045_201801_20180127_20180127.nc,external_inputs/environment/goto_chl/CHL_GOTO_PERIOD_month_lat006_lon045_201801_20180127_20180127.nc,0
planned,month,2018-02,CHL,cmems_obs-oc_glo_bgc-plankton_my_l4-gapfree-multi-4km_P1D,CHL,lat006_lon045,6,45,-60.25,-54.75,44.75,50.25,5.0,5.0,0.25,5.5,5.5,2018-02-01,2018-02-03,3,2,256,58,2,133,133,1273608,external_inputs/environment/goto_chl,CHL_GOTO_PERIOD_month_lat006_lon045_201802_20180201_20180203.nc,external_inputs/environment/goto_chl/CHL_GOTO_PERIOD_month_lat006_lon045_201802_20180201_20180203.nc,0
planned,month,2019-02,CHL,cmems_obs-oc_glo_bgc-plankton_my_l4-gapfree-multi-4km_P1D,CHL,lat006_lon045,6,45,-60.25,-54.75,44.75,50.25,5.0,5.0,0.25,5.5,5.5,2019-02-03,2019-02-14,12,8,1998,478,9,133,133,5094432,external_inputs/environment/goto_chl,CHL_GOTO_PERIOD_month_lat006_lon045_201902_20190203_20190214.nc,external_inputs/environment/goto_chl/CHL_GOTO_PERIOD_month_lat006_lon045_201902_20190203_20190214.nc,0
planned,month,2017-02,CHL,cmems_obs-oc_glo_bgc-plankton_my_l4-gapfree-multi-4km_P1D,CHL,lat006_lon046,6,46,-60.25,-54.75,49.75,55.25,5.0,5.0,0.25,5.5,5.5,2017-02-16,2017-02-17,2,2,129,41,2,133,133,849072,external_inputs/environment/goto_chl,CHL_GOTO_PERIOD_month_lat006_lon046_201702_20170216_20170217.nc,external_inputs/environment/goto_chl/CHL_GOTO_PERIOD_month_lat006_lon046_201702_20170216_20170217.nc,0
planned,month,2018-02,CHL,cmems_obs-oc_glo_bgc-plankton_my_l4-gapfree-multi-4km_P1D,CHL,lat006_lon046,6,46,-60.25,-54.75,49.75,55.25,5.0,5.0,0.25,5.5,5.5,2018-02-02,2018-02-02,1,1,55,11,1,133,133,500000,external_inputs/environment/goto_chl,CHL_GOTO_PERIOD_month_lat006_lon046_201802_20180202_20180202.nc,external_inputs/environment/goto_chl/CHL_GOTO_PERIOD_month_lat006_lon046_201802_20180202_20180202.nc,0
planned,month,2019-01,CHL,cmems_obs-oc_glo_bgc-plankton_my_l4-gapfree-multi-4km_P1D,CHL,lat006_lon046,6,46,-60.25,-54.75,49.75,55.25,5.0,5.0,0.25,5.5,5.5,2019-01-23,2019-01-24,2,2,474,99,2,133,133,849072,external_inputs/environment/goto_chl,CHL_GOTO_PERIOD_month_lat006_lon046_201901_20190123_20190124.nc,external_inputs/environment/goto_chl/CHL_GOTO_PERIOD_month_lat006_lon046_201901_20190123_20190124.nc,0
planned,month,2019-02,CHL,cmems_obs-oc_glo_bgc-plankton_my_l4-gapfree-multi-4km_P1D,CHL,lat006_lon046,6,46,-60.25,-54.75,49.75,55.25,5.0,5.0,0.25,5.5,5.5,2019-02-03,2019-02-05,3,3,160,36,3,133,133,1273608,external_inputs/environment/goto_chl,CHL_GOTO_PERIOD_month_lat006_lon046_201902_20190203_20190205.nc,external_inputs/environment/goto_chl/CHL_GOTO_PERIOD_month_lat006_lon046_201902_20190203_20190205.nc,0
planned,month,2017-02,CHL,cmems_obs-oc_glo_bgc-plankton_my_l4-gapfree-multi-4km_P1D,CHL,lat006_lon047,6,47,-60.25,-54.75,54.75,60.25,5.0,5.0,0.25,5.5,5.5,2017-02-16,2017-02-20,5,3,348,86,3,133,133,2122680,external_inputs/environment/goto_chl,CHL_GOTO_PERIOD_month_lat006_lon047_201702_20170216_20170220.nc,external_inputs/environment/goto_chl/CHL_GOTO_PERIOD_month_lat006_lon047_201702_20170216_20170220.nc,0
planned,month,2018-02,CHL,cmems_obs-oc_glo_bgc-plankton_my_l4-gapfree-multi-4km_P1D,CHL,lat006_lon047,6,47,-60.25,-54.75,54.75,60.25,5.0,5.0,0.25,5.5,5.5,2018-02-01,2018-02-01,1,1,114,39,2,133,133,500000,external_inputs/environment/goto_chl,CHL_GOTO_PERIOD_month_lat006_lon047_201802_20180201_20180201.nc,external_inputs/environment/goto_chl/CHL_GOTO_PERIOD_month_lat006_lon047_201802_20180201_20180201.nc,0
planned,month,2016-02,CHL,cmems_obs-oc_glo_bgc-plankton_my_l4-gapfree-multi-4km_P1D,CHL,lat006_lon048,6,48,-60.25,-54.75,59.75,65.25,5.0,5.0,0.25,5.5,5.5,2016-02-16,2016-02-16,1,1,10,2,1,133,133,500000,external_inputs/environment/goto_chl,CHL_GOTO_PERIOD_month_lat006_lon048_201602_20160216_20160216.nc,external_inputs/environment/goto_chl/CHL_GOTO_PERIOD_month_lat006_lon048_201602_20160216_20160216.nc,0
planned,month,2017-01,CHL,cmems_obs-oc_glo_bgc-plankton_my_l4-gapfree-multi-4km_P1D,CHL,lat006_lon048,6,48,-60.25,-54.75,59.75,65.25,5.0,5.0,0.25,5.5,5.5,2017-01-23,2017-01-24,2,2,18,9,2,133,133,849072,external_inputs/environment/goto_chl,CHL_GOTO_PERIOD_month_lat006_lon048_201701_20170123_20170124.nc,external_inputs/environment/goto_chl/CHL_GOTO_PERIOD_month_lat006_lon048_201701_20170123_20170124.nc,0
planned,month,2018-01,CHL,cmems_obs-oc_glo_bgc-plankton_my_l4-gapfree-multi-4km_P1D,CHL,lat006_lon048,6,48,-60.25,-54.75,59.75,65.25,5.0,5.0,0.25,5.5,5.5,2018-01-31,2018-01-31,1,1,35,13,1,133,133,500000,external_inputs/environment/goto_chl,CHL_GOTO_PERIOD_month_lat006_lon048_201801_20180131_20180131.nc,external_inputs/environment/goto_chl/CHL_GOTO_PERIOD_month_lat006_lon048_201801_20180131_20180131.nc,0
planned,month,2018-02,CHL,cmems_obs-oc_glo_bgc-plankton_my_l4-gapfree-multi-4km_P1D,CHL,lat006_lon048,6,48,-60.25,-54.75,59.75,65.25,5.0,5.0,0.25,5.5,5.5,2018-02-01,2018-02-01,1,1,145,31,1,133,133,500000,external_inputs/environment/goto_chl,CHL_GOTO_PERIOD_month_lat006_lon048_201802_20180201_20180201.nc,external_inputs/environment/goto_chl/CHL_GOTO_PERIOD_month_lat006_lon048_201802_20180201_20180201.nc,0
planned,month,2019-02,CHL,cmems_obs-oc_glo_bgc-plankton_my_l4-gapfree-multi-4km_P1D,CHL,lat006_lon048,6,48,-60.25,-54.75,59.75,65.25,5.0,5.0,0.25,5.5,5.5,2019-02-17,2019-02-18,2,2,396,84,3,133,133,849072,external_inputs/environment/goto_chl,CHL_GOTO_PERIOD_month_lat006_lon048_201902_20190217_20190218.nc,external_inputs/environment/goto_chl/CHL_GOTO_PERIOD_month_lat006_lon048_201902_20190217_20190218.nc,0
planned,month,2016-02,CHL,cmems_obs-oc_glo_bgc-plankton_my_l4-gapfree-multi-4km_P1D,CHL,lat006_lon049,6,49,-60.25,-54.75,64.75,70.25,5.0,5.0,0.25,5.5,5.5,2016-02-16,2016-02-16,1,1,7,2,1,133,133,500000,external_inputs/environment/goto_chl,CHL_GOTO_PERIOD_month_lat006_lon049_201602_20160216_20160216.nc,external_inputs/environment/goto_chl/CHL_GOTO_PERIOD_month_lat006_lon049_201602_20160216_20160216.nc,0
planned,month,2017-01,CHL,cmems_obs-oc_glo_bgc-plankton_my_l4-gapfree-multi-4km_P1D,CHL,lat006_lon049,6,49,-60.25,-54.75,64.75,70.25,5.0,5.0,0.25,5.5,5.5,2017-01-23,2017-01-24,2,2,148,32,2,133,133,849072,external_inputs/environment/goto_chl,CHL_GOTO_PERIOD_month_lat006_lon049_201701_20170123_20170124.nc,external_inputs/environment/goto_chl/CHL_GOTO_PERIOD_month_lat006_lon049_201701_20170123_20170124.nc,0
planned,month,2017-02,CHL,cmems_obs-oc_glo_bgc-plankton_my_l4-gapfree-multi-4km_P1D,CHL,lat006_lon049,6,49,-60.25,-54.75,64.75,70.25,5.0,5.0,0.25,5.5,5.5,2017-02-15,2017-02-15,1,1,180,40,1,133,133,500000,external_inputs/environment/goto_chl,CHL_GOTO_PERIOD_month_lat006_lon049_201702_20170215_20170215.nc,external_inputs/environment/goto_chl/CHL_GOTO_PERIOD_month_lat006_lon049_201702_20170215_20170215.nc,0
planned,month,2018-01,CHL,cmems_obs-oc_glo_bgc-plankton_my_l4-gapfree-multi-4km_P1D,CHL,lat006_lon049,6,49,-60.25,-54.75,64.75,70.25,5.0,5.0,0.25,5.5,5.5,2018-01-28,2018-01-28,1,1,56,12,1,133,133,500000,external_inputs/environment/goto_chl,CHL_GOTO_PERIOD_month_lat006_lon049_201801_20180128_20180128.nc,external_inputs/environment/goto_chl/CHL_GOTO_PERIOD_month_lat006_lon049_201801_20180128_20180128.nc,0
planned,month,2017-01,CHL,cmems_obs-oc_glo_bgc-plankton_my_l4-gapfree-multi-4km_P1D,CHL,lat006_lon050,6,50,-60.25,-54.75,69.75,75.25,5.0,5.0,0.25,5.5,5.5,2017-01-23,2017-01-23,1,1,71,16,1,133,133,500000,external_inputs/environment/goto_chl,CHL_GOTO_PERIOD_month_lat006_lon050_201701_20170123_20170123.nc,external_inputs/environment/goto_chl/CHL_GOTO_PERIOD_month_lat006_lon050_201701_20170123_20170123.nc,0
planned,month,2017-02,CHL,cmems_obs-oc_glo_bgc-plankton_my_l4-gapfree-multi-4km_P1D,CHL,lat006_lon050,6,50,-60.25,-54.75,69.75,75.25,5.0,5.0,0.25,5.5,5.5,2017-02-15,2017-02-15,1,1,12,6,1,133,133,500000,external_inputs/environment/goto_chl,CHL_GOTO_PERIOD_month_lat006_lon050_201702_20170215_20170215.nc,external_inputs/environment/goto_chl/CHL_GOTO_PERIOD_month_lat006_lon050_201702_20170215_20170215.nc,0
planned,month,2019-02,CHL,cmems_obs-oc_glo_bgc-plankton_my_l4-gapfree-multi-4km_P1D,CHL,lat006_lon050,6,50,-60.25,-54.75,69.75,75.25,5.0,5.0,0.25,5.5,5.5,2019-02-07,2019-02-08,2,2,170,36,2,133,133,849072,external_inputs/environment/goto_chl,CHL_GOTO_PERIOD_month_lat006_lon050_201902_20190207_20190208.nc,external_inputs/environment/goto_chl/CHL_GOTO_PERIOD_month_lat006_lon050_201902_20190207_20190208.nc,0
planned,month,2017-01,CHL,cmems_obs-oc_glo_bgc-plankton_my_l4-gapfree-multi-4km_P1D,CHL,lat006_lon051,6,51,-60.25,-54.75,74.75,80.25,5.0,5.0,0.25,5.5,5.5,2017-01-19,2017-01-23,5,3,451,116,3,133,133,2122680,external_inputs/environment/goto_chl,CHL_GOTO_PERIOD_month_lat006_lon051_201701_20170119_20170123.nc,external_inputs/environment/goto_chl/CHL_GOTO_PERIOD_month_lat006_lon051_201701_20170119_20170123.nc,0
planned,month,2019-01,CHL,cmems_obs-oc_glo_bgc-plankton_my_l4-gapfree-multi-4km_P1D,CHL,lat006_lon051,6,51,-60.25,-54.75,74.75,80.25,5.0,5.0,0.25,5.5,5.5,2019-01-25,2019-01-30,6,5,774,171,6,133,133,2547216,external_inputs/environment/goto_chl,CHL_GOTO_PERIOD_month_lat006_lon051_201901_20190125_20190130.nc,external_inputs/environment/goto_chl/CHL_GOTO_PERIOD_month_lat006_lon051_201901_20190125_20190130.nc,0
planned,month,2019-02,CHL,cmems_obs-oc_glo_bgc-plankton_my_l4-gapfree-multi-4km_P1D,CHL,lat006_lon051,6,51,-60.25,-54.75,74.75,80.25,5.0,5.0,0.25,5.5,5.5,2019-02-06,2019-02-07,2,2,150,30,2,133,133,849072,external_inputs/environment/goto_chl,CHL_GOTO_PERIOD_month_lat006_lon051_201902_20190206_20190207.nc,external_inputs/environment/goto_chl/CHL_GOTO_PERIOD_month_lat006_lon051_201902_20190206_20190207.nc,0
planned,month,2017-01,CHL,cmems_obs-oc_glo_bgc-plankton_my_l4-gapfree-multi-4km_P1D,CHL,lat006_lon052,6,52,-60.25,-54.75,79.75,85.25,5.0,5.0,0.25,5.5,5.5,2017-01-22,2017-01-23,2,2,155,54,2,133,133,849072,external_inputs/environment/goto_chl,CHL_GOTO_PERIOD_month_lat006_lon052_201701_20170122_20170123.nc,external_inputs/environment/goto_chl/CHL_GOTO_PERIOD_month_lat006_lon052_201701_20170122_20170123.nc,0
planned,month,2018-01,CHL,cmems_obs-oc_glo_bgc-plankton_my_l4-gapfree-multi-4km_P1D,CHL,lat006_lon052,6,52,-60.25,-54.75,79.75,85.25,5.0,5.0,0.25,5.5,5.5,2018-01-26,2018-01-26,1,1,60,15,1,133,133,500000,external_inputs/environment/goto_chl,CHL_GOTO_PERIOD_month_lat006_lon052_201801_20180126_20180126.nc,external_inputs/environment/goto_chl/CHL_GOTO_PERIOD_month_lat006_lon052_201801_20180126_20180126.nc,0
planned,month,2019-01,CHL,cmems_obs-oc_glo_bgc-plankton_my_l4-gapfree-multi-4km_P1D,CHL,lat006_lon052,6,52,-60.25,-54.75,79.75,85.25,5.0,5.0,0.25,5.5,5.5,2019-01-26,2019-01-31,6,3,113,54,3,133,133,2547216,external_inputs/environment/goto_chl,CHL_GOTO_PERIOD_month_lat006_lon052_201901_20190126_20190131.nc,external_inputs/environment/goto_chl/CHL_GOTO_PERIOD_month_lat006_lon052_201901_20190126_20190131.nc,0
planned,month,2019-02,CHL,cmems_obs-oc_glo_bgc-plankton_my_l4-gapfree-multi-4km_P1D,CHL,lat006_lon052,6,52,-60.25,-54.75,79.75,85.25,5.0,5.0,0.25,5.5,5.5,2019-02-04,2019-02-05,2,2,321,74,2,133,133,849072,external_inputs/environment/goto_chl,CHL_GOTO_PERIOD_month_lat006_lon052_201902_20190204_20190205.nc,external_inputs/environment/goto_chl/CHL_GOTO_PERIOD_month_lat006_lon052_201902_20190204_20190205.nc,0
planned,month,2017-01,CHL,cmems_obs-oc_glo_bgc-plankton_my_l4-gapfree-multi-4km_P1D,CHL,lat006_lon053,6,53,-60.25,-54.75,84.75,90.25,5.0,5.0,0.25,5.5,5.5,2017-01-22,2017-01-22,1,1,120,28,1,133,133,500000,external_inputs/environment/goto_chl,CHL_GOTO_PERIOD_month_lat006_lon053_201701_20170122_20170122.nc,external_inputs/environment/goto_chl/CHL_GOTO_PERIOD_month_lat006_lon053_201701_20170122_20170122.nc,0
planned,month,2018-01,CHL,cmems_obs-oc_glo_bgc-plankton_my_l4-gapfree-multi-4km_P1D,CHL,lat006_lon053,6,53,-60.25,-54.75,84.75,90.25,5.0,5.0,0.25,5.5,5.5,2018-01-26,2018-01-28,3,3,626,128,3,133,133,1273608,external_inputs/environment/goto_chl,CHL_GOTO_PERIOD_month_lat006_lon053_201801_20180126_20180128.nc,external_inputs/environment/goto_chl/CHL_GOTO_PERIOD_month_lat006_lon053_201801_20180126_20180128.nc,0
planned,month,2018-02,CHL,cmems_obs-oc_glo_bgc-plankton_my_l4-gapfree-multi-4km_P1D,CHL,lat007_lon037,7,37,-55.25,-49.75,4.75,10.25,5.0,5.0,0.25,5.5,5.5,2018-02-08,2018-02-08,1,1,24,12,1,133,133,500000,external_inputs/environment/goto_chl,CHL_GOTO_PERIOD_month_lat007_lon037_201802_20180208_20180208.nc,external_inputs/environment/goto_chl/CHL_GOTO_PERIOD_month_lat007_lon037_201802_20180208_20180208.nc,0
planned,month,2018-01,CHL,cmems_obs-oc_glo_bgc-plankton_my_l4-gapfree-multi-4km_P1D,CHL,lat007_lon038,7,38,-55.25,-49.75,9.75,15.25,5.0,5.0,0.25,5.5,5.5,2018-01-30,2018-01-30,1,1,93,32,1,133,133,500000,external_inputs/environment/goto_chl,CHL_GOTO_PERIOD_month_lat007_lon038_201801_20180130_20180130.nc,external_inputs/environment/goto_chl/CHL_GOTO_PERIOD_month_lat007_lon038_201801_20180130_20180130.nc,0
planned,month,2018-02,CHL,cmems_obs-oc_glo_bgc-plankton_my_l4-gapfree-multi-4km_P1D,CHL,lat007_lon038,7,38,-55.25,-49.75,9.75,15.25,5.0,5.0,0.25,5.5,5.5,2018-02-09,2018-02-09,1,1,5,1,1,133,133,500000,external_inputs/environment/goto_chl,CHL_GOTO_PERIOD_month_lat007_lon038_201802_20180209_20180209.nc,external_inputs/environment/goto_chl/CHL_GOTO_PERIOD_month_lat007_lon038_201802_20180209_20180209.nc,0
planned,month,2018-01,CHL,cmems_obs-oc_glo_bgc-plankton_my_l4-gapfree-multi-4km_P1D,CHL,lat007_lon039,7,39,-55.25,-49.75,14.75,20.25,5.0,5.0,0.25,5.5,5.5,2018-01-30,2018-01-30,1,1,16,16,1,133,133,500000,external_inputs/environment/goto_chl,CHL_GOTO_PERIOD_month_lat007_lon039_201801_20180130_20180130.nc,external_inputs/environment/goto_chl/CHL_GOTO_PERIOD_month_lat007_lon039_201801_20180130_20180130.nc,0
planned,month,2018-02,CHL,cmems_obs-oc_glo_bgc-plankton_my_l4-gapfree-multi-4km_P1D,CHL,lat007_lon039,7,39,-55.25,-49.75,14.75,20.25,5.0,5.0,0.25,5.5,5.5,2018-02-10,2018-02-10,1,1,10,2,1,133,133,500000,external_inputs/environment/goto_chl,CHL_GOTO_PERIOD_month_lat007_lon039_201802_20180210_20180210.nc,external_inputs/environment/goto_chl/CHL_GOTO_PERIOD_month_lat007_lon039_201802_20180210_20180210.nc,0
planned,month,2016-02,CHL,cmems_obs-oc_glo_bgc-plankton_my_l4-gapfree-multi-4km_P1D,CHL,lat007_lon040,7,40,-55.25,-49.75,19.75,25.25,5.0,5.0,0.25,5.5,5.5,2016-02-21,2016-02-22,2,2,235,52,2,133,133,849072,external_inputs/environment/goto_chl,CHL_GOTO_PERIOD_month_lat007_lon040_201602_20160221_20160222.nc,external_inputs/environment/goto_chl/CHL_GOTO_PERIOD_month_lat007_lon040_201602_20160221_20160222.nc,0
planned,month,2016-02,CHL,cmems_obs-oc_glo_bgc-plankton_my_l4-gapfree-multi-4km_P1D,CHL,lat007_lon041,7,41,-55.25,-49.75,24.75,30.25,5.0,5.0,0.25,5.5,5.5,2016-02-22,2016-02-22,1,1,3,2,1,133,133,500000,external_inputs/environment/goto_chl,CHL_GOTO_PERIOD_month_lat007_lon041_201602_20160222_20160222.nc,external_inputs/environment/goto_chl/CHL_GOTO_PERIOD_month_lat007_lon041_201602_20160222_20160222.nc,0
planned,month,2018-02,CHL,cmems_obs-oc_glo_bgc-plankton_my_l4-gapfree-multi-4km_P1D,CHL,lat007_lon041,7,41,-55.25,-49.75,24.75,30.25,5.0,5.0,0.25,5.5,5.5,2018-02-05,2018-02-06,2,2,363,75,2,133,133,849072,external_inputs/environment/goto_chl,CHL_GOTO_PERIOD_month_lat007_lon041_201802_20180205_20180206.nc,external_inputs/environment/goto_chl/CHL_GOTO_PERIOD_month_lat007_lon041_201802_20180205_20180206.nc,0
planned,month,2019-01,CHL,cmems_obs-oc_glo_bgc-plankton_my_l4-gapfree-multi-4km_P1D,CHL,lat007_lon041,7,41,-55.25,-49.75,24.75,30.25,5.0,5.0,0.25,5.5,5.5,2019-01-23,2019-01-23,1,1,167,70,2,133,133,500000,external_inputs/environment/goto_chl,CHL_GOTO_PERIOD_month_lat007_lon041_201901_20190123_20190123.nc,external_inputs/environment/goto_chl/CHL_GOTO_PERIOD_month_lat007_lon041_201901_20190123_20190123.nc,0
planned,month,2016-01,CHL,cmems_obs-oc_glo_bgc-plankton_my_l4-gapfree-multi-4km_P1D,CHL,lat007_lon042,7,42,-55.25,-49.75,29.75,35.25,5.0,5.0,0.25,5.5,5.5,2016-01-29,2016-01-29,1,1,6,2,1,133,133,500000,external_inputs/environment/goto_chl,CHL_GOTO_PERIOD_month_lat007_lon042_201601_20160129_20160129.nc,external_inputs/environment/goto_chl/CHL_GOTO_PERIOD_month_lat007_lon042_201601_20160129_20160129.nc,0
planned,month,2018-01,CHL,cmems_obs-oc_glo_bgc-plankton_my_l4-gapfree-multi-4km_P1D,CHL,lat007_lon042,7,42,-55.25,-49.75,29.75,35.25,5.0,5.0,0.25,5.5,5.5,2018-01-31,2018-01-31,1,1,30,15,1,133,133,500000,external_inputs/environment/goto_chl,CHL_GOTO_PERIOD_month_lat007_lon042_201801_20180131_20180131.nc,external_inputs/environment/goto_chl/CHL_GOTO_PERIOD_month_lat007_lon042_201801_20180131_20180131.nc,0
planned,month,2018-02,CHL,cmems_obs-oc_glo_bgc-plankton_my_l4-gapfree-multi-4km_P1D,CHL,lat007_lon042,7,42,-55.25,-49.75,29.75,35.25,5.0,5.0,0.25,5.5,5.5,2018-02-06,2018-02-06,1,1,12,6,1,133,133,500000,external_inputs/environment/goto_chl,CHL_GOTO_PERIOD_month_lat007_lon042_201802_20180206_20180206.nc,external_inputs/environment/goto_chl/CHL_GOTO_PERIOD_month_lat007_lon042_201802_20180206_20180206.nc,0
planned,month,2019-01,CHL,cmems_obs-oc_glo_bgc-plankton_my_l4-gapfree-multi-4km_P1D,CHL,lat007_lon042,7,42,-55.25,-49.75,29.75,35.25,5.0,5.0,0.25,5.5,5.5,2019-01-23,2019-01-28,6,2,209,50,2,133,133,2547216,external_inputs/environment/goto_chl,CHL_GOTO_PERIOD_month_lat007_lon042_201901_20190123_20190128.nc,external_inputs/environment/goto_chl/CHL_GOTO_PERIOD_month_lat007_lon042_201901_20190123_20190128.nc,0
planned,month,2016-01,CHL,cmems_obs-oc_glo_bgc-plankton_my_l4-gapfree-multi-4km_P1D,CHL,lat007_lon043,7,43,-55.25,-49.75,34.75,40.25,5.0,5.0,0.25,5.5,5.5,2016-01-29,2016-01-29,1,1,9,3,1,133,133,500000,external_inputs/environment/goto_chl,CHL_GOTO_PERIOD_month_lat007_lon043_201601_20160129_20160129.nc,external_inputs/environment/goto_chl/CHL_GOTO_PERIOD_month_lat007_lon043_201601_20160129_20160129.nc,0
planned,month,2018-02,CHL,cmems_obs-oc_glo_bgc-plankton_my_l4-gapfree-multi-4km_P1D,CHL,lat007_lon043,7,43,-55.25,-49.75,34.75,40.25,5.0,5.0,0.25,5.5,5.5,2018-02-01,2018-02-01,1,1,45,9,1,133,133,500000,external_inputs/environment/goto_chl,CHL_GOTO_PERIOD_month_lat007_lon043_201802_20180201_20180201.nc,external_inputs/environment/goto_chl/CHL_GOTO_PERIOD_month_lat007_lon043_201802_20180201_20180201.nc,0
planned,month,2019-01,CHL,cmems_obs-oc_glo_bgc-plankton_my_l4-gapfree-multi-4km_P1D,CHL,lat007_lon043,7,43,-55.25,-49.75,34.75,40.25,5.0,5.0,0.25,5.5,5.5,2019-01-22,2019-01-29,8,5,836,188,10,133,133,3396288,external_inputs/environment/goto_chl,CHL_GOTO_PERIOD_month_lat007_lon043_201901_20190122_20190129.nc,external_inputs/environment/goto_chl/CHL_GOTO_PERIOD_month_lat007_lon043_201901_20190122_20190129.nc,0
planned,month,2019-02,CHL,cmems_obs-oc_glo_bgc-plankton_my_l4-gapfree-multi-4km_P1D,CHL,lat007_lon043,7,43,-55.25,-49.75,34.75,40.25,5.0,5.0,0.25,5.5,5.5,2019-02-09,2019-02-09,1,1,10,6,1,133,133,500000,external_inputs/environment/goto_chl,CHL_GOTO_PERIOD_month_lat007_lon043_201902_20190209_20190209.nc,external_inputs/environment/goto_chl/CHL_GOTO_PERIOD_month_lat007_lon043_201902_20190209_20190209.nc,0
planned,month,2018-01,CHL,cmems_obs-oc_glo_bgc-plankton_my_l4-gapfree-multi-4km_P1D,CHL,lat007_lon044,7,44,-55.25,-49.75,39.75,45.25,5.0,5.0,0.25,5.5,5.5,2018-01-19,2018-01-26,8,4,2553,574,6,133,133,3396288,external_inputs/environment/goto_chl,CHL_GOTO_PERIOD_month_lat007_lon044_201801_20180119_20180126.nc,external_inputs/environment/goto_chl/CHL_GOTO_PERIOD_month_lat007_lon044_201801_20180119_20180126.nc,0
planned,month,2018-02,CHL,cmems_obs-oc_glo_bgc-plankton_my_l4-gapfree-multi-4km_P1D,CHL,lat007_lon044,7,44,-55.25,-49.75,39.75,45.25,5.0,5.0,0.25,5.5,5.5,2018-02-04,2018-02-11,8,2,257,62,2,133,133,3396288,external_inputs/environment/goto_chl,CHL_GOTO_PERIOD_month_lat007_lon044_201802_20180204_20180211.nc,external_inputs/environment/goto_chl/CHL_GOTO_PERIOD_month_lat007_lon044_201802_20180204_20180211.nc,0
planned,month,2019-01,CHL,cmems_obs-oc_glo_bgc-plankton_my_l4-gapfree-multi-4km_P1D,CHL,lat007_lon044,7,44,-55.25,-49.75,39.75,45.25,5.0,5.0,0.25,5.5,5.5,2019-01-23,2019-01-25,3,3,555,123,7,133,133,1273608,external_inputs/environment/goto_chl,CHL_GOTO_PERIOD_month_lat007_lon044_201901_20190123_20190125.nc,external_inputs/environment/goto_chl/CHL_GOTO_PERIOD_month_lat007_lon044_201901_20190123_20190125.nc,0
planned,month,2019-02,CHL,cmems_obs-oc_glo_bgc-plankton_my_l4-gapfree-multi-4km_P1D,CHL,lat007_lon044,7,44,-55.25,-49.75,39.75,45.25,5.0,5.0,0.25,5.5,5.5,2019-02-09,2019-02-26,18,5,513,115,5,133,133,7641648,external_inputs/environment/goto_chl,CHL_GOTO_PERIOD_month_lat007_lon044_201902_20190209_20190226.nc,external_inputs/environment/goto_chl/CHL_GOTO_PERIOD_month_lat007_lon044_201902_20190209_20190226.nc,0
planned,month,2017-02,CHL,cmems_obs-oc_glo_bgc-plankton_my_l4-gapfree-multi-4km_P1D,CHL,lat007_lon045,7,45,-55.25,-49.75,44.75,50.25,5.0,5.0,0.25,5.5,5.5,2017-02-19,2017-02-19,1,1,20,4,1,133,133,500000,external_inputs/environment/goto_chl,CHL_GOTO_PERIOD_month_lat007_lon045_201702_20170219_20170219.nc,external_inputs/environment/goto_chl/CHL_GOTO_PERIOD_month_lat007_lon045_201702_20170219_20170219.nc,0
planned,month,2018-01,CHL,cmems_obs-oc_glo_bgc-plankton_my_l4-gapfree-multi-4km_P1D,CHL,lat007_lon045,7,45,-55.25,-49.75,44.75,50.25,5.0,5.0,0.25,5.5,5.5,2018-01-18,2018-01-26,9,5,887,258,11,133,133,3820824,external_inputs/environment/goto_chl,CHL_GOTO_PERIOD_month_lat007_lon045_201801_20180118_20180126.nc,external_inputs/environment/goto_chl/CHL_GOTO_PERIOD_month_lat007_lon045_201801_20180118_20180126.nc,0
planned,month,2018-02,CHL,cmems_obs-oc_glo_bgc-plankton_my_l4-gapfree-multi-4km_P1D,CHL,lat007_lon045,7,45,-55.25,-49.75,44.75,50.25,5.0,5.0,0.25,5.5,5.5,2018-02-01,2018-02-04,4,3,548,120,3,133,133,1698144,external_inputs/environment/goto_chl,CHL_GOTO_PERIOD_month_lat007_lon045_201802_20180201_20180204.nc,external_inputs/environment/goto_chl/CHL_GOTO_PERIOD_month_lat007_lon045_201802_20180201_20180204.nc,0
planned,month,2019-01,CHL,cmems_obs-oc_glo_bgc-plankton_my_l4-gapfree-multi-4km_P1D,CHL,lat007_lon045,7,45,-55.25,-49.75,44.75,50.25,5.0,5.0,0.25,5.5,5.5,2019-01-23,2019-01-24,2,2,781,160,5,133,133,849072,external_inputs/environment/goto_chl,CHL_GOTO_PERIOD_month_lat007_lon045_201901_20190123_20190124.nc,external_inputs/environment/goto_chl/CHL_GOTO_PERIOD_month_lat007_lon045_201901_20190123_20190124.nc,0
planned,month,2019-02,CHL,cmems_obs-oc_glo_bgc-plankton_my_l4-gapfree-multi-4km_P1D,CHL,lat007_lon045,7,45,-55.25,-49.75,44.75,50.25,5.0,5.0,0.25,5.5,5.5,2019-02-05,2019-02-27,23,4,407,102,5,133,133,9764328,external_inputs/environment/goto_chl,CHL_GOTO_PERIOD_month_lat007_lon045_201902_20190205_20190227.nc,external_inputs/environment/goto_chl/CHL_GOTO_PERIOD_month_lat007_lon045_201902_20190205_20190227.nc,0
planned,month,2016-01,CHL,cmems_obs-oc_glo_bgc-plankton_my_l4-gapfree-multi-4km_P1D,CHL,lat007_lon046,7,46,-55.25,-49.75,49.75,55.25,5.0,5.0,0.25,5.5,5.5,2016-01-20,2016-01-21,2,2,460,97,2,133,133,849072,external_inputs/environment/goto_chl,CHL_GOTO_PERIOD_month_lat007_lon046_201601_20160120_20160121.nc,external_inputs/environment/goto_chl/CHL_GOTO_PERIOD_month_lat007_lon046_201601_20160120_20160121.nc,0
planned,month,2016-02,CHL,cmems_obs-oc_glo_bgc-plankton_my_l4-gapfree-multi-4km_P1D,CHL,lat007_lon046,7,46,-55.25,-49.75,49.75,55.25,5.0,5.0,0.25,5.5,5.5,2016-02-24,2016-02-24,1,1,525,108,1,133,133,500000,external_inputs/environment/goto_chl,CHL_GOTO_PERIOD_month_lat007_lon046_201602_20160224_20160224.nc,external_inputs/environment/goto_chl/CHL_GOTO_PERIOD_month_lat007_lon046_201602_20160224_20160224.nc,0
planned,month,2017-02,CHL,cmems_obs-oc_glo_bgc-plankton_my_l4-gapfree-multi-4km_P1D,CHL,lat007_lon046,7,46,-55.25,-49.75,49.75,55.25,5.0,5.0,0.25,5.5,5.5,2017-02-16,2017-02-17,2,2,174,43,2,133,133,849072,external_inputs/environment/goto_chl,CHL_GOTO_PERIOD_month_lat007_lon046_201702_20170216_20170217.nc,external_inputs/environment/goto_chl/CHL_GOTO_PERIOD_month_lat007_lon046_201702_20170216_20170217.nc,0
planned,month,2018-02,CHL,cmems_obs-oc_glo_bgc-plankton_my_l4-gapfree-multi-4km_P1D,CHL,lat007_lon046,7,46,-55.25,-49.75,49.75,55.25,5.0,5.0,0.25,5.5,5.5,2018-02-01,2018-02-02,2,2,12,3,2,133,133,849072,external_inputs/environment/goto_chl,CHL_GOTO_PERIOD_month_lat007_lon046_201802_20180201_20180202.nc,external_inputs/environment/goto_chl/CHL_GOTO_PERIOD_month_lat007_lon046_201802_20180201_20180202.nc,0
planned,month,2019-01,CHL,cmems_obs-oc_glo_bgc-plankton_my_l4-gapfree-multi-4km_P1D,CHL,lat007_lon046,7,46,-55.25,-49.75,49.75,55.25,5.0,5.0,0.25,5.5,5.5,2019-01-23,2019-01-23,1,1,44,14,2,133,133,500000,external_inputs/environment/goto_chl,CHL_GOTO_PERIOD_month_lat007_lon046_201901_20190123_20190123.nc,external_inputs/environment/goto_chl/CHL_GOTO_PERIOD_month_lat007_lon046_201901_20190123_20190123.nc,0
planned,month,2019-02,CHL,cmems_obs-oc_glo_bgc-plankton_my_l4-gapfree-multi-4km_P1D,CHL,lat007_lon046,7,46,-55.25,-49.75,49.75,55.25,5.0,5.0,0.25,5.5,5.5,2019-02-04,2019-02-05,2,2,366,90,5,133,133,849072,external_inputs/environment/goto_chl,CHL_GOTO_PERIOD_month_lat007_lon046_201902_20190204_20190205.nc,external_inputs/environment/goto_chl/CHL_GOTO_PERIOD_month_lat007_lon046_201902_20190204_20190205.nc,0
planned,month,2019-03,CHL,cmems_obs-oc_glo_bgc-plankton_my_l4-gapfree-multi-4km_P1D,CHL,lat007_lon046,7,46,-55.25,-49.75,49.75,55.25,5.0,5.0,0.25,5.5,5.5,2019-03-03,2019-03-03,1,1,18,4,1,133,133,500000,external_inputs/environment/goto_chl,CHL_GOTO_PERIOD_month_lat007_lon046_201903_20190303_20190303.nc,external_inputs/environment/goto_chl/CHL_GOTO_PERIOD_month_lat007_lon046_201903_20190303_20190303.nc,0
planned,month,2016-01,CHL,cmems_obs-oc_glo_bgc-plankton_my_l4-gapfree-multi-4km_P1D,CHL,lat007_lon047,7,47,-55.25,-49.75,54.75,60.25,5.0,5.0,0.25,5.5,5.5,2016-01-23,2016-01-23,1,1,55,11,1,133,133,500000,external_inputs/environment/goto_chl,CHL_GOTO_PERIOD_month_lat007_lon047_201601_20160123_20160123.nc,external_inputs/environment/goto_chl/CHL_GOTO_PERIOD_month_lat007_lon047_201601_20160123_20160123.nc,0
planned,month,2016-02,CHL,cmems_obs-oc_glo_bgc-plankton_my_l4-gapfree-multi-4km_P1D,CHL,lat007_lon047,7,47,-55.25,-49.75,54.75,60.25,5.0,5.0,0.25,5.5,5.5,2016-02-23,2016-02-24,2,2,54,12,2,133,133,849072,external_inputs/environment/goto_chl,CHL_GOTO_PERIOD_month_lat007_lon047_201602_20160223_20160224.nc,external_inputs/environment/goto_chl/CHL_GOTO_PERIOD_month_lat007_lon047_201602_20160223_20160224.nc,0
planned,month,2017-02,CHL,cmems_obs-oc_glo_bgc-plankton_my_l4-gapfree-multi-4km_P1D,CHL,lat007_lon047,7,47,-55.25,-49.75,54.75,60.25,5.0,5.0,0.25,5.5,5.5,2017-02-12,2017-02-21,10,5,580,130,7,133,133,4245360,external_inputs/environment/goto_chl,CHL_GOTO_PERIOD_month_lat007_lon047_201702_20170212_20170221.nc,external_inputs/environment/goto_chl/CHL_GOTO_PERIOD_month_lat007_lon047_201702_20170212_20170221.nc,0
planned,month,2018-01,CHL,cmems_obs-oc_glo_bgc-plankton_my_l4-gapfree-multi-4km_P1D,CHL,lat007_lon047,7,47,-55.25,-49.75,54.75,60.25,5.0,5.0,0.25,5.5,5.5,2018-01-27,2018-01-28,2,2,157,34,2,133,133,849072,external_inputs/environment/goto_chl,CHL_GOTO_PERIOD_month_lat007_lon047_201801_20180127_20180128.nc,external_inputs/environment/goto_chl/CHL_GOTO_PERIOD_month_lat007_lon047_201801_20180127_20180128.nc,0
planned,month,2018-02,CHL,cmems_obs-oc_glo_bgc-plankton_my_l4-gapfree-multi-4km_P1D,CHL,lat007_lon047,7,47,-55.25,-49.75,54.75,60.25,5.0,5.0,0.25,5.5,5.5,2018-02-01,2018-02-26,26,3,177,79,4,133,133,11037936,external_inputs/environment/goto_chl,CHL_GOTO_PERIOD_month_lat007_lon047_201802_20180201_20180226.nc,external_inputs/environment/goto_chl/CHL_GOTO_PERIOD_month_lat007_lon047_201802_20180201_20180226.nc,0
planned,month,2018-03,CHL,cmems_obs-oc_glo_bgc-plankton_my_l4-gapfree-multi-4km_P1D,CHL,lat007_lon047,7,47,-55.25,-49.75,54.75,60.25,5.0,5.0,0.25,5.5,5.5,2018-03-10,2018-03-10,1,1,128,43,1,133,133,500000,external_inputs/environment/goto_chl,CHL_GOTO_PERIOD_month_lat007_lon047_201803_20180310_20180310.nc,external_inputs/environment/goto_chl/CHL_GOTO_PERIOD_month_lat007_lon047_201803_20180310_20180310.nc,0
planned,month,2019-01,CHL,cmems_obs-oc_glo_bgc-plankton_my_l4-gapfree-multi-4km_P1D,CHL,lat007_lon047,7,47,-55.25,-49.75,54.75,60.25,5.0,5.0,0.25,5.5,5.5,2019-01-28,2019-01-28,1,1,9,3,1,133,133,500000,external_inputs/environment/goto_chl,CHL_GOTO_PERIOD_month_lat007_lon047_201901_20190128_20190128.nc,external_inputs/environment/goto_chl/CHL_GOTO_PERIOD_month_lat007_lon047_201901_20190128_20190128.nc,0
planned,month,2019-02,CHL,cmems_obs-oc_glo_bgc-plankton_my_l4-gapfree-multi-4km_P1D,CHL,lat007_lon047,7,47,-55.25,-49.75,54.75,60.25,5.0,5.0,0.25,5.5,5.5,2019-02-02,2019-02-24,23,5,1207,273,8,133,133,9764328,external_inputs/environment/goto_chl,CHL_GOTO_PERIOD_month_lat007_lon047_201902_20190202_20190224.nc,external_inputs/environment/goto_chl/CHL_GOTO_PERIOD_month_lat007_lon047_201902_20190202_20190224.nc,0
planned,month,2019-03,CHL,cmems_obs-oc_glo_bgc-plankton_my_l4-gapfree-multi-4km_P1D,CHL,lat007_lon047,7,47,-55.25,-49.75,54.75,60.25,5.0,5.0,0.25,5.5,5.5,2019-03-01,2019-03-03,3,3,1435,289,3,133,133,1273608,external_inputs/environment/goto_chl,CHL_GOTO_PERIOD_month_lat007_lon047_201903_20190301_20190303.nc,external_inputs/environment/goto_chl/CHL_GOTO_PERIOD_month_lat007_lon047_201903_20190301_20190303.nc,0
planned,month,2016-01,CHL,cmems_obs-oc_glo_bgc-plankton_my_l4-gapfree-multi-4km_P1D,CHL,lat007_lon048,7,48,-55.25,-49.75,59.75,65.25,5.0,5.0,0.25,5.5,5.5,2016-01-22,2016-01-23,2,2,135,27,2,133,133,849072,external_inputs/environment/goto_chl,CHL_GOTO_PERIOD_month_lat007_lon048_201601_20160122_20160123.nc,external_inputs/environment/goto_chl/CHL_GOTO_PERIOD_month_lat007_lon048_201601_20160122_20160123.nc,0
planned,month,2016-02,CHL,cmems_obs-oc_glo_bgc-plankton_my_l4-gapfree-multi-4km_P1D,CHL,lat007_lon048,7,48,-55.25,-49.75,59.75,65.25,5.0,5.0,0.25,5.5,5.5,2016-02-14,2016-02-23,10,4,412,119,4,133,133,4245360,external_inputs/environment/goto_chl,CHL_GOTO_PERIOD_month_lat007_lon048_201602_20160214_20160223.nc,external_inputs/environment/goto_chl/CHL_GOTO_PERIOD_month_lat007_lon048_201602_20160214_20160223.nc,0
planned,month,2017-01,CHL,cmems_obs-oc_glo_bgc-plankton_my_l4-gapfree-multi-4km_P1D,CHL,lat007_lon048,7,48,-55.25,-49.75,59.75,65.25,5.0,5.0,0.25,5.5,5.5,2017-01-24,2017-01-24,1,1,55,13,1,133,133,500000,external_inputs/environment/goto_chl,CHL_GOTO_PERIOD_month_lat007_lon048_201701_20170124_20170124.nc,external_inputs/environment/goto_chl/CHL_GOTO_PERIOD_month_lat007_lon048_201701_20170124_20170124.nc,0
planned,month,2017-02,CHL,cmems_obs-oc_glo_bgc-plankton_my_l4-gapfree-multi-4km_P1D,CHL,lat007_lon048,7,48,-55.25,-49.75,59.75,65.25,5.0,5.0,0.25,5.5,5.5,2017-02-12,2017-02-20,9,3,480,135,4,133,133,3820824,external_inputs/environment/goto_chl,CHL_GOTO_PERIOD_month_lat007_lon048_201702_20170212_20170220.nc,external_inputs/environment/goto_chl/CHL_GOTO_PERIOD_month_lat007_lon048_201702_20170212_20170220.nc,0
planned,month,2018-01,CHL,cmems_obs-oc_glo_bgc-plankton_my_l4-gapfree-multi-4km_P1D,CHL,lat007_lon048,7,48,-55.25,-49.75,59.75,65.25,5.0,5.0,0.25,5.5,5.5,2018-01-19,2018-01-31,13,13,3941,1230,26,133,133,5518968,external_inputs/environment/goto_chl,CHL_GOTO_PERIOD_month_lat007_lon048_201801_20180119_20180131.nc,external_inputs/environment/goto_chl/CHL_GOTO_PERIOD_month_lat007_lon048_201801_20180119_20180131.nc,0
planned,month,2018-02,CHL,cmems_obs-oc_glo_bgc-plankton_my_l4-gapfree-multi-4km_P1D,CHL,lat007_lon048,7,48,-55.25,-49.75,59.75,65.25,5.0,5.0,0.25,5.5,5.5,2018-02-01,2018-02-26,26,2,514,161,4,133,133,11037936,external_inputs/environment/goto_chl,CHL_GOTO_PERIOD_month_lat007_lon048_201802_20180201_20180226.nc,external_inputs/environment/goto_chl/CHL_GOTO_PERIOD_month_lat007_lon048_201802_20180201_20180226.nc,0
planned,month,2019-01,CHL,cmems_obs-oc_glo_bgc-plankton_my_l4-gapfree-multi-4km_P1D,CHL,lat007_lon048,7,48,-55.25,-49.75,59.75,65.25,5.0,5.0,0.25,5.5,5.5,2019-01-28,2019-01-31,4,3,187,55,3,133,133,1698144,external_inputs/environment/goto_chl,CHL_GOTO_PERIOD_month_lat007_lon048_201901_20190128_20190131.nc,external_inputs/environment/goto_chl/CHL_GOTO_PERIOD_month_lat007_lon048_201901_20190128_20190131.nc,0
planned,month,2019-02,CHL,cmems_obs-oc_glo_bgc-plankton_my_l4-gapfree-multi-4km_P1D,CHL,lat007_lon048,7,48,-55.25,-49.75,59.75,65.25,5.0,5.0,0.25,5.5,5.5,2019-02-01,2019-02-28,28,8,1830,447,11,133,133,11887008,external_inputs/environment/goto_chl,CHL_GOTO_PERIOD_month_lat007_lon048_201902_20190201_20190228.nc,external_inputs/environment/goto_chl/CHL_GOTO_PERIOD_month_lat007_lon048_201902_20190201_20190228.nc,0
planned,month,2019-03,CHL,cmems_obs-oc_glo_bgc-plankton_my_l4-gapfree-multi-4km_P1D,CHL,lat007_lon048,7,48,-55.25,-49.75,59.75,65.25,5.0,5.0,0.25,5.5,5.5,2019-03-01,2019-03-01,1,1,77,17,1,133,133,500000,external_inputs/environment/goto_chl,CHL_GOTO_PERIOD_month_lat007_lon048_201903_20190301_20190301.nc,external_inputs/environment/goto_chl/CHL_GOTO_PERIOD_month_lat007_lon048_201903_20190301_20190301.nc,0
planned,month,2016-01,CHL,cmems_obs-oc_glo_bgc-plankton_my_l4-gapfree-multi-4km_P1D,CHL,lat007_lon049,7,49,-55.25,-49.75,64.75,70.25,5.0,5.0,0.25,5.5,5.5,2016-01-23,2016-01-23,1,1,4,2,1,133,133,500000,external_inputs/environment/goto_chl,CHL_GOTO_PERIOD_month_lat007_lon049_201601_20160123_20160123.nc,external_inputs/environment/goto_chl/CHL_GOTO_PERIOD_month_lat007_lon049_201601_20160123_20160123.nc,0
planned,month,2016-02,CHL,cmems_obs-oc_glo_bgc-plankton_my_l4-gapfree-multi-4km_P1D,CHL,lat007_lon049,7,49,-55.25,-49.75,64.75,70.25,5.0,5.0,0.25,5.5,5.5,2016-02-05,2016-02-23,19,5,814,261,5,133,133,8066184,external_inputs/environment/goto_chl,CHL_GOTO_PERIOD_month_lat007_lon049_201602_20160205_20160223.nc,external_inputs/environment/goto_chl/CHL_GOTO_PERIOD_month_lat007_lon049_201602_20160205_20160223.nc,0
planned,month,2017-01,CHL,cmems_obs-oc_glo_bgc-plankton_my_l4-gapfree-multi-4km_P1D,CHL,lat007_lon049,7,49,-55.25,-49.75,64.75,70.25,5.0,5.0,0.25,5.5,5.5,2017-01-26,2017-01-26,1,1,10,5,1,133,133,500000,external_inputs/environment/goto_chl,CHL_GOTO_PERIOD_month_lat007_lon049_201701_20170126_20170126.nc,external_inputs/environment/goto_chl/CHL_GOTO_PERIOD_month_lat007_lon049_201701_20170126_20170126.nc,0
planned,month,2017-02,CHL,cmems_obs-oc_glo_bgc-plankton_my_l4-gapfree-multi-4km_P1D,CHL,lat007_lon049,7,49,-55.25,-49.75,64.75,70.25,5.0,5.0,0.25,5.5,5.5,2017-02-13,2017-02-23,11,8,765,236,8,133,133,4669896,external_inputs/environment/goto_chl,CHL_GOTO_PERIOD_month_lat007_lon049_201702_20170213_20170223.nc,external_inputs/environment/goto_chl/CHL_GOTO_PERIOD_month_lat007_lon049_201702_20170213_20170223.nc,0
planned,month,2018-01,CHL,cmems_obs-oc_glo_bgc-plankton_my_l4-gapfree-multi-4km_P1D,CHL,lat007_lon049,7,49,-55.25,-49.75,64.75,70.25,5.0,5.0,0.25,5.5,5.5,2018-01-19,2018-01-30,12,12,4429,1623,29,133,133,5094432,external_inputs/environment/goto_chl,CHL_GOTO_PERIOD_month_lat007_lon049_201801_20180119_20180130.nc,external_inputs/environment/goto_chl/CHL_GOTO_PERIOD_month_lat007_lon049_201801_20180119_20180130.nc,0
planned,month,2018-02,CHL,cmems_obs-oc_glo_bgc-plankton_my_l4-gapfree-multi-4km_P1D,CHL,lat007_lon049,7,49,-55.25,-49.75,64.75,70.25,5.0,5.0,0.25,5.5,5.5,2018-02-24,2018-02-28,5,4,2023,775,5,133,133,2122680,external_inputs/environment/goto_chl,CHL_GOTO_PERIOD_month_lat007_lon049_201802_20180224_20180228.nc,external_inputs/environment/goto_chl/CHL_GOTO_PERIOD_month_lat007_lon049_201802_20180224_20180228.nc,0
planned,month,2018-03,CHL,cmems_obs-oc_glo_bgc-plankton_my_l4-gapfree-multi-4km_P1D,CHL,lat007_lon049,7,49,-55.25,-49.75,64.75,70.25,5.0,5.0,0.25,5.5,5.5,2018-03-01,2018-03-01,1,1,74,33,1,133,133,500000,external_inputs/environment/goto_chl,CHL_GOTO_PERIOD_month_lat007_lon049_201803_20180301_20180301.nc,external_inputs/environment/goto_chl/CHL_GOTO_PERIOD_month_lat007_lon049_201803_20180301_20180301.nc,0
planned,month,2019-01,CHL,cmems_obs-oc_glo_bgc-plankton_my_l4-gapfree-multi-4km_P1D,CHL,lat007_lon049,7,49,-55.25,-49.75,64.75,70.25,5.0,5.0,0.25,5.5,5.5,2019-01-28,2019-01-31,4,4,724,230,5,133,133,1698144,external_inputs/environment/goto_chl,CHL_GOTO_PERIOD_month_lat007_lon049_201901_20190128_20190131.nc,external_inputs/environment/goto_chl/CHL_GOTO_PERIOD_month_lat007_lon049_201901_20190128_20190131.nc,0
planned,month,2019-02,CHL,cmems_obs-oc_glo_bgc-plankton_my_l4-gapfree-multi-4km_P1D,CHL,lat007_lon049,7,49,-55.25,-49.75,64.75,70.25,5.0,5.0,0.25,5.5,5.5,2019-02-01,2019-02-28,28,14,8882,4303,14,133,133,11887008,external_inputs/environment/goto_chl,CHL_GOTO_PERIOD_month_lat007_lon049_201902_20190201_20190228.nc,external_inputs/environment/goto_chl/CHL_GOTO_PERIOD_month_lat007_lon049_201902_20190201_20190228.nc,0
planned,month,2019-03,CHL,cmems_obs-oc_glo_bgc-plankton_my_l4-gapfree-multi-4km_P1D,CHL,lat007_lon049,7,49,-55.25,-49.75,64.75,70.25,5.0,5.0,0.25,5.5,5.5,2019-03-01,2019-03-03,3,3,1775,832,3,133,133,1273608,external_inputs/environment/goto_chl,CHL_GOTO_PERIOD_month_lat007_lon049_201903_20190301_20190303.nc,external_inputs/environment/goto_chl/CHL_GOTO_PERIOD_month_lat007_lon049_201903_20190301_20190303.nc,0
planned,month,2017-01,CHL,cmems_obs-oc_glo_bgc-plankton_my_l4-gapfree-multi-4km_P1D,CHL,lat007_lon050,7,50,-55.25,-49.75,69.75,75.25,5.0,5.0,0.25,5.5,5.5,2017-01-17,2017-01-18,2,2,2983,636,3,133,133,849072,external_inputs/environment/goto_chl,CHL_GOTO_PERIOD_month_lat007_lon050_201701_20170117_20170118.nc,external_inputs/environment/goto_chl/CHL_GOTO_PERIOD_month_lat007_lon050_201701_20170117_20170118.nc,0
planned,month,2018-01,CHL,cmems_obs-oc_glo_bgc-plankton_my_l4-gapfree-multi-4km_P1D,CHL,lat007_lon050,7,50,-55.25,-49.75,69.75,75.25,5.0,5.0,0.25,5.5,5.5,2018-01-23,2018-01-29,7,7,1325,319,8,133,133,2971752,external_inputs/environment/goto_chl,CHL_GOTO_PERIOD_month_lat007_lon050_201801_20180123_20180129.nc,external_inputs/environment/goto_chl/CHL_GOTO_PERIOD_month_lat007_lon050_201801_20180123_20180129.nc,0
planned,month,2019-01,CHL,cmems_obs-oc_glo_bgc-plankton_my_l4-gapfree-multi-4km_P1D,CHL,lat007_lon050,7,50,-55.25,-49.75,69.75,75.25,5.0,5.0,0.25,5.5,5.5,2019-01-29,2019-01-30,2,2,260,52,2,133,133,849072,external_inputs/environment/goto_chl,CHL_GOTO_PERIOD_month_lat007_lon050_201901_20190129_20190130.nc,external_inputs/environment/goto_chl/CHL_GOTO_PERIOD_month_lat007_lon050_201901_20190129_20190130.nc,0
planned,month,2019-02,CHL,cmems_obs-oc_glo_bgc-plankton_my_l4-gapfree-multi-4km_P1D,CHL,lat007_lon050,7,50,-55.25,-49.75,69.75,75.25,5.0,5.0,0.25,5.5,5.5,2019-02-08,2019-02-14,7,3,95,34,4,133,133,2971752,external_inputs/environment/goto_chl,CHL_GOTO_PERIOD_month_lat007_lon050_201902_20190208_20190214.nc,external_inputs/environment/goto_chl/CHL_GOTO_PERIOD_month_lat007_lon050_201902_20190208_20190214.nc,0
planned,month,2017-01,CHL,cmems_obs-oc_glo_bgc-plankton_my_l4-gapfree-multi-4km_P1D,CHL,lat007_lon051,7,51,-55.25,-49.75,74.75,80.25,5.0,5.0,0.25,5.5,5.5,2017-01-17,2017-01-23,7,4,213,107,4,133,133,2971752,external_inputs/environment/goto_chl,CHL_GOTO_PERIOD_month_lat007_lon051_201701_20170117_20170123.nc,external_inputs/environment/goto_chl/CHL_GOTO_PERIOD_month_lat007_lon051_201701_20170117_20170123.nc,0
planned,month,2018-01,CHL,cmems_obs-oc_glo_bgc-plankton_my_l4-gapfree-multi-4km_P1D,CHL,lat007_lon051,7,51,-55.25,-49.75,74.75,80.25,5.0,5.0,0.25,5.5,5.5,2018-01-25,2018-01-25,1,1,40,8,1,133,133,500000,external_inputs/environment/goto_chl,CHL_GOTO_PERIOD_month_lat007_lon051_201801_20180125_20180125.nc,external_inputs/environment/goto_chl/CHL_GOTO_PERIOD_month_lat007_lon051_201801_20180125_20180125.nc,0
planned,month,2019-01,CHL,cmems_obs-oc_glo_bgc-plankton_my_l4-gapfree-multi-4km_P1D,CHL,lat007_lon051,7,51,-55.25,-49.75,74.75,80.25,5.0,5.0,0.25,5.5,5.5,2019-01-29,2019-01-30,2,2,50,12,3,133,133,849072,external_inputs/environment/goto_chl,CHL_GOTO_PERIOD_month_lat007_lon051_201901_20190129_20190130.nc,external_inputs/environment/goto_chl/CHL_GOTO_PERIOD_month_lat007_lon051_201901_20190129_20190130.nc,0
planned,month,2019-02,CHL,cmems_obs-oc_glo_bgc-plankton_my_l4-gapfree-multi-4km_P1D,CHL,lat007_lon051,7,51,-55.25,-49.75,74.75,80.25,5.0,5.0,0.25,5.5,5.5,2019-02-05,2019-02-06,2,2,216,93,2,133,133,849072,external_inputs/environment/goto_chl,CHL_GOTO_PERIOD_month_lat007_lon051_201902_20190205_20190206.nc,external_inputs/environment/goto_chl/CHL_GOTO_PERIOD_month_lat007_lon051_201902_20190205_20190206.nc,0
planned,month,2017-01,CHL,cmems_obs-oc_glo_bgc-plankton_my_l4-gapfree-multi-4km_P1D,CHL,lat007_lon052,7,52,-55.25,-49.75,79.75,85.25,5.0,5.0,0.25,5.5,5.5,2017-01-22,2017-01-23,2,2,22,12,2,133,133,849072,external_inputs/environment/goto_chl,CHL_GOTO_PERIOD_month_lat007_lon052_201701_20170122_20170123.nc,external_inputs/environment/goto_chl/CHL_GOTO_PERIOD_month_lat007_lon052_201701_20170122_20170123.nc,0
planned,month,2018-01,CHL,cmems_obs-oc_glo_bgc-plankton_my_l4-gapfree-multi-4km_P1D,CHL,lat007_lon052,7,52,-55.25,-49.75,79.75,85.25,5.0,5.0,0.25,5.5,5.5,2018-01-26,2018-01-26,1,1,252,53,1,133,133,500000,external_inputs/environment/goto_chl,CHL_GOTO_PERIOD_month_lat007_lon052_201801_20180126_20180126.nc,external_inputs/environment/goto_chl/CHL_GOTO_PERIOD_month_lat007_lon052_201801_20180126_20180126.nc,0
planned,month,2019-02,CHL,cmems_obs-oc_glo_bgc-plankton_my_l4-gapfree-multi-4km_P1D,CHL,lat007_lon052,7,52,-55.25,-49.75,79.75,85.25,5.0,5.0,0.25,5.5,5.5,2019-02-04,2019-02-06,3,3,762,188,3,133,133,1273608,external_inputs/environment/goto_chl,CHL_GOTO_PERIOD_month_lat007_lon052_201902_20190204_20190206.nc,external_inputs/environment/goto_chl/CHL_GOTO_PERIOD_month_lat007_lon052_201902_20190204_20190206.nc,0
planned,month,2018-01,CHL,cmems_obs-oc_glo_bgc-plankton_my_l4-gapfree-multi-4km_P1D,CHL,lat008_lon038,8,38,-50.25,-44.75,9.75,15.25,5.0,5.0,0.25,5.5,5.5,2018-01-30,2018-01-30,1,1,94,38,1,133,133,500000,external_inputs/environment/goto_chl,CHL_GOTO_PERIOD_month_lat008_lon038_201801_20180130_20180130.nc,external_inputs/environment/goto_chl/CHL_GOTO_PERIOD_month_lat008_lon038_201801_20180130_20180130.nc,0
planned,month,2018-02,CHL,cmems_obs-oc_glo_bgc-plankton_my_l4-gapfree-multi-4km_P1D,CHL,lat008_lon039,8,39,-50.25,-44.75,14.75,20.25,5.0,5.0,0.25,5.5,5.5,2018-02-10,2018-02-10,1,1,3,1,1,133,133,500000,external_inputs/environment/goto_chl,CHL_GOTO_PERIOD_month_lat008_lon039_201802_20180210_20180210.nc,external_inputs/environment/goto_chl/CHL_GOTO_PERIOD_month_lat008_lon039_201802_20180210_20180210.nc,0
planned,month,2016-02,CHL,cmems_obs-oc_glo_bgc-plankton_my_l4-gapfree-multi-4km_P1D,CHL,lat008_lon040,8,40,-50.25,-44.75,19.75,25.25,5.0,5.0,0.25,5.5,5.5,2016-02-22,2016-02-22,1,1,2,2,1,133,133,500000,external_inputs/environment/goto_chl,CHL_GOTO_PERIOD_month_lat008_lon040_201602_20160222_20160222.nc,external_inputs/environment/goto_chl/CHL_GOTO_PERIOD_month_lat008_lon040_201602_20160222_20160222.nc,0
planned,month,2018-01,CHL,cmems_obs-oc_glo_bgc-plankton_my_l4-gapfree-multi-4km_P1D,CHL,lat008_lon040,8,40,-50.25,-44.75,19.75,25.25,5.0,5.0,0.25,5.5,5.5,2018-01-31,2018-01-31,1,1,25,5,1,133,133,500000,external_inputs/environment/goto_chl,CHL_GOTO_PERIOD_month_lat008_lon040_201801_20180131_20180131.nc,external_inputs/environment/goto_chl/CHL_GOTO_PERIOD_month_lat008_lon040_201801_20180131_20180131.nc,0
planned,month,2018-02,CHL,cmems_obs-oc_glo_bgc-plankton_my_l4-gapfree-multi-4km_P1D,CHL,lat008_lon040,8,40,-50.25,-44.75,19.75,25.25,5.0,5.0,0.25,5.5,5.5,2018-02-10,2018-02-10,1,1,517,104,1,133,133,500000,external_inputs/environment/goto_chl,CHL_GOTO_PERIOD_month_lat008_lon040_201802_20180210_20180210.nc,external_inputs/environment/goto_chl/CHL_GOTO_PERIOD_month_lat008_lon040_201802_20180210_20180210.nc,0
planned,month,2019-01,CHL,cmems_obs-oc_glo_bgc-plankton_my_l4-gapfree-multi-4km_P1D,CHL,lat008_lon040,8,40,-50.25,-44.75,19.75,25.25,5.0,5.0,0.25,5.5,5.5,2019-01-23,2019-01-27,5,2,444,100,3,133,133,2122680,external_inputs/environment/goto_chl,CHL_GOTO_PERIOD_month_lat008_lon040_201901_20190123_20190127.nc,external_inputs/environment/goto_chl/CHL_GOTO_PERIOD_month_lat008_lon040_201901_20190123_20190127.nc,0
planned,month,2016-02,CHL,cmems_obs-oc_glo_bgc-plankton_my_l4-gapfree-multi-4km_P1D,CHL,lat008_lon041,8,41,-50.25,-44.75,24.75,30.25,5.0,5.0,0.25,5.5,5.5,2016-02-13,2016-02-22,10,3,367,91,3,133,133,4245360,external_inputs/environment/goto_chl,CHL_GOTO_PERIOD_month_lat008_lon041_201602_20160213_20160222.nc,external_inputs/environment/goto_chl/CHL_GOTO_PERIOD_month_lat008_lon041_201602_20160213_20160222.nc,0
planned,month,2018-01,CHL,cmems_obs-oc_glo_bgc-plankton_my_l4-gapfree-multi-4km_P1D,CHL,lat008_lon041,8,41,-50.25,-44.75,24.75,30.25,5.0,5.0,0.25,5.5,5.5,2018-01-31,2018-01-31,1,1,30,6,1,133,133,500000,external_inputs/environment/goto_chl,CHL_GOTO_PERIOD_month_lat008_lon041_201801_20180131_20180131.nc,external_inputs/environment/goto_chl/CHL_GOTO_PERIOD_month_lat008_lon041_201801_20180131_20180131.nc,0
planned,month,2019-01,CHL,cmems_obs-oc_glo_bgc-plankton_my_l4-gapfree-multi-4km_P1D,CHL,lat008_lon041,8,41,-50.25,-44.75,24.75,30.25,5.0,5.0,0.25,5.5,5.5,2019-01-23,2019-01-28,6,3,341,108,3,133,133,2547216,external_inputs/environment/goto_chl,CHL_GOTO_PERIOD_month_lat008_lon041_201901_20190123_20190128.nc,external_inputs/environment/goto_chl/CHL_GOTO_PERIOD_month_lat008_lon041_201901_20190123_20190128.nc,0
planned,month,2016-02,CHL,cmems_obs-oc_glo_bgc-plankton_my_l4-gapfree-multi-4km_P1D,CHL,lat008_lon042,8,42,-50.25,-44.75,29.75,35.25,5.0,5.0,0.25,5.5,5.5,2016-02-13,2016-02-15,3,3,223,68,4,133,133,1273608,external_inputs/environment/goto_chl,CHL_GOTO_PERIOD_month_lat008_lon042_201602_20160213_20160215.nc,external_inputs/environment/goto_chl/CHL_GOTO_PERIOD_month_lat008_lon042_201602_20160213_20160215.nc,0
planned,month,2017-01,CHL,cmems_obs-oc_glo_bgc-plankton_my_l4-gapfree-multi-4km_P1D,CHL,lat008_lon042,8,42,-50.25,-44.75,29.75,35.25,5.0,5.0,0.25,5.5,5.5,2017-01-29,2017-01-29,1,1,31,7,1,133,133,500000,external_inputs/environment/goto_chl,CHL_GOTO_PERIOD_month_lat008_lon042_201701_20170129_20170129.nc,external_inputs/environment/goto_chl/CHL_GOTO_PERIOD_month_lat008_lon042_201701_20170129_20170129.nc,0
planned,month,2017-02,CHL,cmems_obs-oc_glo_bgc-plankton_my_l4-gapfree-multi-4km_P1D,CHL,lat008_lon042,8,42,-50.25,-44.75,29.75,35.25,5.0,5.0,0.25,5.5,5.5,2017-02-21,2017-02-22,2,2,152,32,2,133,133,849072,external_inputs/environment/goto_chl,CHL_GOTO_PERIOD_month_lat008_lon042_201702_20170221_20170222.nc,external_inputs/environment/goto_chl/CHL_GOTO_PERIOD_month_lat008_lon042_201702_20170221_20170222.nc,0
planned,month,2018-01,CHL,cmems_obs-oc_glo_bgc-plankton_my_l4-gapfree-multi-4km_P1D,CHL,lat008_lon042,8,42,-50.25,-44.75,29.75,35.25,5.0,5.0,0.25,5.5,5.5,2018-01-31,2018-01-31,1,1,45,15,1,133,133,500000,external_inputs/environment/goto_chl,CHL_GOTO_PERIOD_month_lat008_lon042_201801_20180131_20180131.nc,external_inputs/environment/goto_chl/CHL_GOTO_PERIOD_month_lat008_lon042_201801_20180131_20180131.nc,0
planned,month,2018-02,CHL,cmems_obs-oc_glo_bgc-plankton_my_l4-gapfree-multi-4km_P1D,CHL,lat008_lon042,8,42,-50.25,-44.75,29.75,35.25,5.0,5.0,0.25,5.5,5.5,2018-02-10,2018-02-17,8,8,825,363,9,133,133,3396288,external_inputs/environment/goto_chl,CHL_GOTO_PERIOD_month_lat008_lon042_201802_20180210_20180217.nc,external_inputs/environment/goto_chl/CHL_GOTO_PERIOD_month_lat008_lon042_201802_20180210_20180217.nc,0
planned,month,2019-01,CHL,cmems_obs-oc_glo_bgc-plankton_my_l4-gapfree-multi-4km_P1D,CHL,lat008_lon042,8,42,-50.25,-44.75,29.75,35.25,5.0,5.0,0.25,5.5,5.5,2019-01-22,2019-01-28,7,4,214,44,5,133,133,2971752,external_inputs/environment/goto_chl,CHL_GOTO_PERIOD_month_lat008_lon042_201901_20190122_20190128.nc,external_inputs/environment/goto_chl/CHL_GOTO_PERIOD_month_lat008_lon042_201901_20190122_20190128.nc,0
planned,month,2016-02,CHL,cmems_obs-oc_glo_bgc-plankton_my_l4-gapfree-multi-4km_P1D,CHL,lat008_lon043,8,43,-50.25,-44.75,34.75,40.25,5.0,5.0,0.25,5.5,5.5,2016-02-09,2016-02-16,8,5,391,95,8,133,133,3396288,external_inputs/environment/goto_chl,CHL_GOTO_PERIOD_month_lat008_lon043_201602_20160209_20160216.nc,external_inputs/environment/goto_chl/CHL_GOTO_PERIOD_month_lat008_lon043_201602_20160209_20160216.nc,0
planned,month,2017-01,CHL,cmems_obs-oc_glo_bgc-plankton_my_l4-gapfree-multi-4km_P1D,CHL,lat008_lon043,8,43,-50.25,-44.75,34.75,40.25,5.0,5.0,0.25,5.5,5.5,2017-01-29,2017-01-31,3,3,745,229,3,133,133,1273608,external_inputs/environment/goto_chl,CHL_GOTO_PERIOD_month_lat008_lon043_201701_20170129_20170131.nc,external_inputs/environment/goto_chl/CHL_GOTO_PERIOD_month_lat008_lon043_201701_20170129_20170131.nc,0
planned,month,2017-02,CHL,cmems_obs-oc_glo_bgc-plankton_my_l4-gapfree-multi-4km_P1D,CHL,lat008_lon043,8,43,-50.25,-44.75,34.75,40.25,5.0,5.0,0.25,5.5,5.5,2017-02-20,2017-02-21,2,2,90,18,2,133,133,849072,external_inputs/environment/goto_chl,CHL_GOTO_PERIOD_month_lat008_lon043_201702_20170220_20170221.nc,external_inputs/environment/goto_chl/CHL_GOTO_PERIOD_month_lat008_lon043_201702_20170220_20170221.nc,0
planned,month,2018-02,CHL,cmems_obs-oc_glo_bgc-plankton_my_l4-gapfree-multi-4km_P1D,CHL,lat008_lon043,8,43,-50.25,-44.75,34.75,40.25,5.0,5.0,0.25,5.5,5.5,2018-02-06,2018-02-20,15,12,9409,2171,15,133,133,6368040,external_inputs/environment/goto_chl,CHL_GOTO_PERIOD_month_lat008_lon043_201802_20180206_20180220.nc,external_inputs/environment/goto_chl/CHL_GOTO_PERIOD_month_lat008_lon043_201802_20180206_20180220.nc,0
planned,month,2018-04,CHL,cmems_obs-oc_glo_bgc-plankton_my_l4-gapfree-multi-4km_P1D,CHL,lat008_lon043,8,43,-50.25,-44.75,34.75,40.25,5.0,5.0,0.25,5.5,5.5,2018-04-03,2018-04-03,1,1,196,51,2,133,133,500000,external_inputs/environment/goto_chl,CHL_GOTO_PERIOD_month_lat008_lon043_201804_20180403_20180403.nc,external_inputs/environment/goto_chl/CHL_GOTO_PERIOD_month_lat008_lon043_201804_20180403_20180403.nc,0
planned,month,2019-01,CHL,cmems_obs-oc_glo_bgc-plankton_my_l4-gapfree-multi-4km_P1D,CHL,lat008_lon043,8,43,-50.25,-44.75,34.75,40.25,5.0,5.0,0.25,5.5,5.5,2019-01-22,2019-01-30,9,9,3504,853,17,133,133,3820824,external_inputs/environment/goto_chl,CHL_GOTO_PERIOD_month_lat008_lon043_201901_20190122_20190130.nc,external_inputs/environment/goto_chl/CHL_GOTO_PERIOD_month_lat008_lon043_201901_20190122_20190130.nc,0
planned,month,2019-02,CHL,cmems_obs-oc_glo_bgc-plankton_my_l4-gapfree-multi-4km_P1D,CHL,lat008_lon043,8,43,-50.25,-44.75,34.75,40.25,5.0,5.0,0.25,5.5,5.5,2019-02-04,2019-02-14,11,2,202,58,2,133,133,4669896,external_inputs/environment/goto_chl,CHL_GOTO_PERIOD_month_lat008_lon043_201902_20190204_20190214.nc,external_inputs/environment/goto_chl/CHL_GOTO_PERIOD_month_lat008_lon043_201902_20190204_20190214.nc,0
planned,month,2003-03,CHL,cmems_obs-oc_glo_bgc-plankton_my_l4-gapfree-multi-4km_P1D,CHL,lat008_lon044,8,44,-50.25,-44.75,39.75,45.25,5.0,5.0,0.25,5.5,5.5,2003-03-30,2003-03-31,2,2,383,94,3,133,133,849072,external_inputs/environment/goto_chl,CHL_GOTO_PERIOD_month_lat008_lon044_200303_20030330_20030331.nc,external_inputs/environment/goto_chl/CHL_GOTO_PERIOD_month_lat008_lon044_200303_20030330_20030331.nc,0
planned,month,2003-04,CHL,cmems_obs-oc_glo_bgc-plankton_my_l4-gapfree-multi-4km_P1D,CHL,lat008_lon044,8,44,-50.25,-44.75,39.75,45.25,5.0,5.0,0.25,5.5,5.5,2003-04-12,2003-04-14,3,3,1194,240,3,133,133,1273608,external_inputs/environment/goto_chl,CHL_GOTO_PERIOD_month_lat008_lon044_200304_20030412_20030414.nc,external_inputs/environment/goto_chl/CHL_GOTO_PERIOD_month_lat008_lon044_200304_20030412_20030414.nc,0
planned,month,2004-03,CHL,cmems_obs-oc_glo_bgc-plankton_my_l4-gapfree-multi-4km_P1D,CHL,lat008_lon044,8,44,-50.25,-44.75,39.75,45.25,5.0,5.0,0.25,5.5,5.5,2004-03-22,2004-03-23,2,2,529,135,3,133,133,849072,external_inputs/environment/goto_chl,CHL_GOTO_PERIOD_month_lat008_lon044_200403_20040322_20040323.nc,external_inputs/environment/goto_chl/CHL_GOTO_PERIOD_month_lat008_lon044_200403_20040322_20040323.nc,0
planned,month,2005-03,CHL,cmems_obs-oc_glo_bgc-plankton_my_l4-gapfree-multi-4km_P1D,CHL,lat008_lon044,8,44,-50.25,-44.75,39.75,45.25,5.0,5.0,0.25,5.5,5.5,2005-03-25,2005-03-27,3,3,1227,290,4,133,133,1273608,external_inputs/environment/goto_chl,CHL_GOTO_PERIOD_month_lat008_lon044_200503_20050325_20050327.nc,external_inputs/environment/goto_chl/CHL_GOTO_PERIOD_month_lat008_lon044_200503_20050325_20050327.nc,0
planned,month,2016-01,CHL,cmems_obs-oc_glo_bgc-plankton_my_l4-gapfree-multi-4km_P1D,CHL,lat008_lon044,8,44,-50.25,-44.75,39.75,45.25,5.0,5.0,0.25,5.5,5.5,2016-01-14,2016-01-30,17,9,3724,766,11,133,133,7217112,external_inputs/environment/goto_chl,CHL_GOTO_PERIOD_month_lat008_lon044_201601_20160114_20160130.nc,external_inputs/environment/goto_chl/CHL_GOTO_PERIOD_month_lat008_lon044_201601_20160114_20160130.nc,0
planned,month,2016-02,CHL,cmems_obs-oc_glo_bgc-plankton_my_l4-gapfree-multi-4km_P1D,CHL,lat008_lon044,8,44,-50.25,-44.75,39.75,45.25,5.0,5.0,0.25,5.5,5.5,2016-02-08,2016-02-18,11,8,797,180,9,133,133,4669896,external_inputs/environment/goto_chl,CHL_GOTO_PERIOD_month_lat008_lon044_201602_20160208_20160218.nc,external_inputs/environment/goto_chl/CHL_GOTO_PERIOD_month_lat008_lon044_201602_20160208_20160218.nc,0
planned,month,2017-01,CHL,cmems_obs-oc_glo_bgc-plankton_my_l4-gapfree-multi-4km_P1D,CHL,lat008_lon044,8,44,-50.25,-44.75,39.75,45.25,5.0,5.0,0.25,5.5,5.5,2017-01-31,2017-01-31,1,1,86,19,1,133,133,500000,external_inputs/environment/goto_chl,CHL_GOTO_PERIOD_month_lat008_lon044_201701_20170131_20170131.nc,external_inputs/environment/goto_chl/CHL_GOTO_PERIOD_month_lat008_lon044_201701_20170131_20170131.nc,0
planned,month,2017-02,CHL,cmems_obs-oc_glo_bgc-plankton_my_l4-gapfree-multi-4km_P1D,CHL,lat008_lon044,8,44,-50.25,-44.75,39.75,45.25,5.0,5.0,0.25,5.5,5.5,2017-02-01,2017-02-28,28,6,2465,527,8,133,133,11887008,external_inputs/environment/goto_chl,CHL_GOTO_PERIOD_month_lat008_lon044_201702_20170201_20170228.nc,external_inputs/environment/goto_chl/CHL_GOTO_PERIOD_month_lat008_lon044_201702_20170201_20170228.nc,0
planned,month,2017-03,CHL,cmems_obs-oc_glo_bgc-plankton_my_l4-gapfree-multi-4km_P1D,CHL,lat008_lon044,8,44,-50.25,-44.75,39.75,45.25,5.0,5.0,0.25,5.5,5.5,2017-03-01,2017-03-02,2,2,668,137,2,133,133,849072,external_inputs/environment/goto_chl,CHL_GOTO_PERIOD_month_lat008_lon044_201703_20170301_20170302.nc,external_inputs/environment/goto_chl/CHL_GOTO_PERIOD_month_lat008_lon044_201703_20170301_20170302.nc,0
planned,month,2018-01,CHL,cmems_obs-oc_glo_bgc-plankton_my_l4-gapfree-multi-4km_P1D,CHL,lat008_lon044,8,44,-50.25,-44.75,39.75,45.25,5.0,5.0,0.25,5.5,5.5,2018-01-18,2018-01-25,8,7,1164,383,10,133,133,3396288,external_inputs/environment/goto_chl,CHL_GOTO_PERIOD_month_lat008_lon044_201801_20180118_20180125.nc,external_inputs/environment/goto_chl/CHL_GOTO_PERIOD_month_lat008_lon044_201801_20180118_20180125.nc,0
planned,month,2018-02,CHL,cmems_obs-oc_glo_bgc-plankton_my_l4-gapfree-multi-4km_P1D,CHL,lat008_lon044,8,44,-50.25,-44.75,39.75,45.25,5.0,5.0,0.25,5.5,5.5,2018-02-03,2018-02-28,26,21,6229,1998,36,133,133,11037936,external_inputs/environment/goto_chl,CHL_GOTO_PERIOD_month_lat008_lon044_201802_20180203_20180228.nc,external_inputs/environment/goto_chl/CHL_GOTO_PERIOD_month_lat008_lon044_201802_20180203_20180228.nc,0
planned,month,2018-03,CHL,cmems_obs-oc_glo_bgc-plankton_my_l4-gapfree-multi-4km_P1D,CHL,lat008_lon044,8,44,-50.25,-44.75,39.75,45.25,5.0,5.0,0.25,5.5,5.5,2018-03-01,2018-03-30,30,5,2092,458,7,133,133,12736080,external_inputs/environment/goto_chl,CHL_GOTO_PERIOD_month_lat008_lon044_201803_20180301_20180330.nc,external_inputs/environment/goto_chl/CHL_GOTO_PERIOD_month_lat008_lon044_201803_20180301_20180330.nc,0
planned,month,2018-04,CHL,cmems_obs-oc_glo_bgc-plankton_my_l4-gapfree-multi-4km_P1D,CHL,lat008_lon044,8,44,-50.25,-44.75,39.75,45.25,5.0,5.0,0.25,5.5,5.5,2018-04-03,2018-04-04,2,2,191,47,3,133,133,849072,external_inputs/environment/goto_chl,CHL_GOTO_PERIOD_month_lat008_lon044_201804_20180403_20180404.nc,external_inputs/environment/goto_chl/CHL_GOTO_PERIOD_month_lat008_lon044_201804_20180403_20180404.nc,0
planned,month,2019-01,CHL,cmems_obs-oc_glo_bgc-plankton_my_l4-gapfree-multi-4km_P1D,CHL,lat008_lon044,8,44,-50.25,-44.75,39.75,45.25,5.0,5.0,0.25,5.5,5.5,2019-01-22,2019-01-31,10,10,4391,1077,26,133,133,4245360,external_inputs/environment/goto_chl,CHL_GOTO_PERIOD_month_lat008_lon044_201901_20190122_20190131.nc,external_inputs/environment/goto_chl/CHL_GOTO_PERIOD_month_lat008_lon044_201901_20190122_20190131.nc,0
planned,month,2019-02,CHL,cmems_obs-oc_glo_bgc-plankton_my_l4-gapfree-multi-4km_P1D,CHL,lat008_lon044,8,44,-50.25,-44.75,39.75,45.25,5.0,5.0,0.25,5.5,5.5,2019-02-04,2019-02-27,24,15,6358,1388,21,133,133,10188864,external_inputs/environment/goto_chl,CHL_GOTO_PERIOD_month_lat008_lon044_201902_20190204_20190227.nc,external_inputs/environment/goto_chl/CHL_GOTO_PERIOD_month_lat008_lon044_201902_20190204_20190227.nc,0
planned,month,2003-03,CHL,cmems_obs-oc_glo_bgc-plankton_my_l4-gapfree-multi-4km_P1D,CHL,lat008_lon045,8,45,-50.25,-44.75,44.75,50.25,5.0,5.0,0.25,5.5,5.5,2003-03-29,2003-03-31,3,3,250,59,3,133,133,1273608,external_inputs/environment/goto_chl,CHL_GOTO_PERIOD_month_lat008_lon045_200303_20030329_20030331.nc,external_inputs/environment/goto_chl/CHL_GOTO_PERIOD_month_lat008_lon045_200303_20030329_20030331.nc,0
planned,month,2003-04,CHL,cmems_obs-oc_glo_bgc-plankton_my_l4-gapfree-multi-4km_P1D,CHL,lat008_lon045,8,45,-50.25,-44.75,44.75,50.25,5.0,5.0,0.25,5.5,5.5,2003-04-12,2003-04-14,3,3,247,52,4,133,133,1273608,external_inputs/environment/goto_chl,CHL_GOTO_PERIOD_month_lat008_lon045_200304_20030412_20030414.nc,external_inputs/environment/goto_chl/CHL_GOTO_PERIOD_month_lat008_lon045_200304_20030412_20030414.nc,0
planned,month,2004-03,CHL,cmems_obs-oc_glo_bgc-plankton_my_l4-gapfree-multi-4km_P1D,CHL,lat008_lon045,8,45,-50.25,-44.75,44.75,50.25,5.0,5.0,0.25,5.5,5.5,2004-03-20,2004-03-24,5,5,1551,392,12,133,133,2122680,external_inputs/environment/goto_chl,CHL_GOTO_PERIOD_month_lat008_lon045_200403_20040320_20040324.nc,external_inputs/environment/goto_chl/CHL_GOTO_PERIOD_month_lat008_lon045_200403_20040320_20040324.nc,0
planned,month,2005-03,CHL,cmems_obs-oc_glo_bgc-plankton_my_l4-gapfree-multi-4km_P1D,CHL,lat008_lon045,8,45,-50.25,-44.75,44.75,50.25,5.0,5.0,0.25,5.5,5.5,2005-03-25,2005-03-27,3,3,916,232,3,133,133,1273608,external_inputs/environment/goto_chl,CHL_GOTO_PERIOD_month_lat008_lon045_200503_20050325_20050327.nc,external_inputs/environment/goto_chl/CHL_GOTO_PERIOD_month_lat008_lon045_200503_20050325_20050327.nc,0
planned,month,2016-01,CHL,cmems_obs-oc_glo_bgc-plankton_my_l4-gapfree-multi-4km_P1D,CHL,lat008_lon045,8,45,-50.25,-44.75,44.75,50.25,5.0,5.0,0.25,5.5,5.5,2016-01-14,2016-01-30,17,15,12403,3553,43,133,133,7217112,external_inputs/environment/goto_chl,CHL_GOTO_PERIOD_month_lat008_lon045_201601_20160114_20160130.nc,external_inputs/environment/goto_chl/CHL_GOTO_PERIOD_month_lat008_lon045_201601_20160114_20160130.nc,0
planned,month,2016-02,CHL,cmems_obs-oc_glo_bgc-plankton_my_l4-gapfree-multi-4km_P1D,CHL,lat008_lon045,8,45,-50.25,-44.75,44.75,50.25,5.0,5.0,0.25,5.5,5.5,2016-02-02,2016-02-25,24,22,13663,3047,51,133,133,10188864,external_inputs/environment/goto_chl,CHL_GOTO_PERIOD_month_lat008_lon045_201602_20160202_20160225.nc,external_inputs/environment/goto_chl/CHL_GOTO_PERIOD_month_lat008_lon045_201602_20160202_20160225.nc,0
planned,month,2016-03,CHL,cmems_obs-oc_glo_bgc-plankton_my_l4-gapfree-multi-4km_P1D,CHL,lat008_lon045,8,45,-50.25,-44.75,44.75,50.25,5.0,5.0,0.25,5.5,5.5,2016-03-02,2016-03-03,2,2,98,20,2,133,133,849072,external_inputs/environment/goto_chl,CHL_GOTO_PERIOD_month_lat008_lon045_201603_20160302_20160303.nc,external_inputs/environment/goto_chl/CHL_GOTO_PERIOD_month_lat008_lon045_201603_20160302_20160303.nc,0
planned,month,2017-02,CHL,cmems_obs-oc_glo_bgc-plankton_my_l4-gapfree-multi-4km_P1D,CHL,lat008_lon045,8,45,-50.25,-44.75,44.75,50.25,5.0,5.0,0.25,5.5,5.5,2017-02-01,2017-02-28,28,19,19132,4118,47,133,133,11887008,external_inputs/environment/goto_chl,CHL_GOTO_PERIOD_month_lat008_lon045_201702_20170201_20170228.nc,external_inputs/environment/goto_chl/CHL_GOTO_PERIOD_month_lat008_lon045_201702_20170201_20170228.nc,0
planned,month,2017-03,CHL,cmems_obs-oc_glo_bgc-plankton_my_l4-gapfree-multi-4km_P1D,CHL,lat008_lon045,8,45,-50.25,-44.75,44.75,50.25,5.0,5.0,0.25,5.5,5.5,2017-03-01,2017-03-05,5,4,460,112,8,133,133,2122680,external_inputs/environment/goto_chl,CHL_GOTO_PERIOD_month_lat008_lon045_201703_20170301_20170305.nc,external_inputs/environment/goto_chl/CHL_GOTO_PERIOD_month_lat008_lon045_201703_20170301_20170305.nc,0
planned,month,2018-01,CHL,cmems_obs-oc_glo_bgc-plankton_my_l4-gapfree-multi-4km_P1D,CHL,lat008_lon045,8,45,-50.25,-44.75,44.75,50.25,5.0,5.0,0.25,5.5,5.5,2018-01-16,2018-01-31,16,16,24672,5183,64,133,133,6792576,external_inputs/environment/goto_chl,CHL_GOTO_PERIOD_month_lat008_lon045_201801_20180116_20180131.nc,external_inputs/environment/goto_chl/CHL_GOTO_PERIOD_month_lat008_lon045_201801_20180116_20180131.nc,0
planned,month,2018-02,CHL,cmems_obs-oc_glo_bgc-plankton_my_l4-gapfree-multi-4km_P1D,CHL,lat008_lon045,8,45,-50.25,-44.75,44.75,50.25,5.0,5.0,0.25,5.5,5.5,2018-02-02,2018-02-28,27,26,14313,3898,70,133,133,11462472,external_inputs/environment/goto_chl,CHL_GOTO_PERIOD_month_lat008_lon045_201802_20180202_20180228.nc,external_inputs/environment/goto_chl/CHL_GOTO_PERIOD_month_lat008_lon045_201802_20180202_20180228.nc,0
planned,month,2018-03,CHL,cmems_obs-oc_glo_bgc-plankton_my_l4-gapfree-multi-4km_P1D,CHL,lat008_lon045,8,45,-50.25,-44.75,44.75,50.25,5.0,5.0,0.25,5.5,5.5,2018-03-01,2018-03-30,30,18,5426,1377,27,133,133,12736080,external_inputs/environment/goto_chl,CHL_GOTO_PERIOD_month_lat008_lon045_201803_20180301_20180330.nc,external_inputs/environment/goto_chl/CHL_GOTO_PERIOD_month_lat008_lon045_201803_20180301_20180330.nc,0
planned,month,2018-04,CHL,cmems_obs-oc_glo_bgc-plankton_my_l4-gapfree-multi-4km_P1D,CHL,lat008_lon045,8,45,-50.25,-44.75,44.75,50.25,5.0,5.0,0.25,5.5,5.5,2018-04-04,2018-04-04,1,1,43,14,1,133,133,500000,external_inputs/environment/goto_chl,CHL_GOTO_PERIOD_month_lat008_lon045_201804_20180404_20180404.nc,external_inputs/environment/goto_chl/CHL_GOTO_PERIOD_month_lat008_lon045_201804_20180404_20180404.nc,0
planned,month,2019-01,CHL,cmems_obs-oc_glo_bgc-plankton_my_l4-gapfree-multi-4km_P1D,CHL,lat008_lon045,8,45,-50.25,-44.75,44.75,50.25,5.0,5.0,0.25,5.5,5.5,2019-01-19,2019-01-31,13,13,7880,1924,47,133,133,5518968,external_inputs/environment/goto_chl,CHL_GOTO_PERIOD_month_lat008_lon045_201901_20190119_20190131.nc,external_inputs/environment/goto_chl/CHL_GOTO_PERIOD_month_lat008_lon045_201901_20190119_20190131.nc,0
planned,month,2019-02,CHL,cmems_obs-oc_glo_bgc-plankton_my_l4-gapfree-multi-4km_P1D,CHL,lat008_lon045,8,45,-50.25,-44.75,44.75,50.25,5.0,5.0,0.25,5.5,5.5,2019-02-02,2019-02-28,27,27,17357,4044,65,133,133,11462472,external_inputs/environment/goto_chl,CHL_GOTO_PERIOD_month_lat008_lon045_201902_20190202_20190228.nc,external_inputs/environment/goto_chl/CHL_GOTO_PERIOD_month_lat008_lon045_201902_20190202_20190228.nc,0
planned,month,2019-03,CHL,cmems_obs-oc_glo_bgc-plankton_my_l4-gapfree-multi-4km_P1D,CHL,lat008_lon045,8,45,-50.25,-44.75,44.75,50.25,5.0,5.0,0.25,5.5,5.5,2019-03-01,2019-03-06,6,6,1428,365,16,133,133,2547216,external_inputs/environment/goto_chl,CHL_GOTO_PERIOD_month_lat008_lon045_201903_20190301_20190306.nc,external_inputs/environment/goto_chl/CHL_GOTO_PERIOD_month_lat008_lon045_201903_20190301_20190306.nc,0
planned,month,2003-03,CHL,cmems_obs-oc_glo_bgc-plankton_my_l4-gapfree-multi-4km_P1D,CHL,lat008_lon046,8,46,-50.25,-44.75,49.75,55.25,5.0,5.0,0.25,5.5,5.5,2003-03-20,2003-03-29,10,5,1803,377,9,133,133,4245360,external_inputs/environment/goto_chl,CHL_GOTO_PERIOD_month_lat008_lon046_200303_20030320_20030329.nc,external_inputs/environment/goto_chl/CHL_GOTO_PERIOD_month_lat008_lon046_200303_20030320_20030329.nc,0
planned,month,2003-04,CHL,cmems_obs-oc_glo_bgc-plankton_my_l4-gapfree-multi-4km_P1D,CHL,lat008_lon046,8,46,-50.25,-44.75,49.75,55.25,5.0,5.0,0.25,5.5,5.5,2003-04-01,2003-04-15,15,12,8722,1770,25,133,133,6368040,external_inputs/environment/goto_chl,CHL_GOTO_PERIOD_month_lat008_lon046_200304_20030401_20030415.nc,external_inputs/environment/goto_chl/CHL_GOTO_PERIOD_month_lat008_lon046_200304_20030401_20030415.nc,0
planned,month,2004-03,CHL,cmems_obs-oc_glo_bgc-plankton_my_l4-gapfree-multi-4km_P1D,CHL,lat008_lon046,8,46,-50.25,-44.75,49.75,55.25,5.0,5.0,0.25,5.5,5.5,2004-03-19,2004-03-27,9,6,2390,560,26,133,133,3820824,external_inputs/environment/goto_chl,CHL_GOTO_PERIOD_month_lat008_lon046_200403_20040319_20040327.nc,external_inputs/environment/goto_chl/CHL_GOTO_PERIOD_month_lat008_lon046_200403_20040319_20040327.nc,0
planned,month,2004-04,CHL,cmems_obs-oc_glo_bgc-plankton_my_l4-gapfree-multi-4km_P1D,CHL,lat008_lon046,8,46,-50.25,-44.75,49.75,55.25,5.0,5.0,0.25,5.5,5.5,2004-04-07,2004-04-10,4,4,3145,629,8,133,133,1698144,external_inputs/environment/goto_chl,CHL_GOTO_PERIOD_month_lat008_lon046_200404_20040407_20040410.nc,external_inputs/environment/goto_chl/CHL_GOTO_PERIOD_month_lat008_lon046_200404_20040407_20040410.nc,0
planned,month,2005-03,CHL,cmems_obs-oc_glo_bgc-plankton_my_l4-gapfree-multi-4km_P1D,CHL,lat008_lon046,8,46,-50.25,-44.75,49.75,55.25,5.0,5.0,0.25,5.5,5.5,2005-03-24,2005-03-28,5,4,879,183,6,133,133,2122680,external_inputs/environment/goto_chl,CHL_GOTO_PERIOD_month_lat008_lon046_200503_20050324_20050328.nc,external_inputs/environment/goto_chl/CHL_GOTO_PERIOD_month_lat008_lon046_200503_20050324_20050328.nc,0
planned,month,2016-01,CHL,cmems_obs-oc_glo_bgc-plankton_my_l4-gapfree-multi-4km_P1D,CHL,lat008_lon046,8,46,-50.25,-44.75,49.75,55.25,5.0,5.0,0.25,5.5,5.5,2016-01-13,2016-01-31,19,19,21867,5404,79,133,133,8066184,external_inputs/environment/goto_chl,CHL_GOTO_PERIOD_month_lat008_lon046_201601_20160113_20160131.nc,external_inputs/environment/goto_chl/CHL_GOTO_PERIOD_month_lat008_lon046_201601_20160113_20160131.nc,0
planned,month,2016-02,CHL,cmems_obs-oc_glo_bgc-plankton_my_l4-gapfree-multi-4km_P1D,CHL,lat008_lon046,8,46,-50.25,-44.75,49.75,55.25,5.0,5.0,0.25,5.5,5.5,2016-02-01,2016-02-26,26,20,11891,2674,61,133,133,11037936,external_inputs/environment/goto_chl,CHL_GOTO_PERIOD_month_lat008_lon046_201602_20160201_20160226.nc,external_inputs/environment/goto_chl/CHL_GOTO_PERIOD_month_lat008_lon046_201602_20160201_20160226.nc,0
planned,month,2016-03,CHL,cmems_obs-oc_glo_bgc-plankton_my_l4-gapfree-multi-4km_P1D,CHL,lat008_lon046,8,46,-50.25,-44.75,49.75,55.25,5.0,5.0,0.25,5.5,5.5,2016-03-03,2016-03-03,1,1,112,23,1,133,133,500000,external_inputs/environment/goto_chl,CHL_GOTO_PERIOD_month_lat008_lon046_201603_20160303_20160303.nc,external_inputs/environment/goto_chl/CHL_GOTO_PERIOD_month_lat008_lon046_201603_20160303_20160303.nc,0
planned,month,2017-01,CHL,cmems_obs-oc_glo_bgc-plankton_my_l4-gapfree-multi-4km_P1D,CHL,lat008_lon046,8,46,-50.25,-44.75,49.75,55.25,5.0,5.0,0.25,5.5,5.5,2017-01-20,2017-01-30,11,9,956,200,12,133,133,4669896,external_inputs/environment/goto_chl,CHL_GOTO_PERIOD_month_lat008_lon046_201701_20170120_20170130.nc,external_inputs/environment/goto_chl/CHL_GOTO_PERIOD_month_lat008_lon046_201701_20170120_20170130.nc,0
planned,month,2017-02,CHL,cmems_obs-oc_glo_bgc-plankton_my_l4-gapfree-multi-4km_P1D,CHL,lat008_lon046,8,46,-50.25,-44.75,49.75,55.25,5.0,5.0,0.25,5.5,5.5,2017-02-01,2017-02-28,28,22,13235,2956,64,133,133,11887008,external_inputs/environment/goto_chl,CHL_GOTO_PERIOD_month_lat008_lon046_201702_20170201_20170228.nc,external_inputs/environment/goto_chl/CHL_GOTO_PERIOD_month_lat008_lon046_201702_20170201_20170228.nc,0
planned,month,2017-03,CHL,cmems_obs-oc_glo_bgc-plankton_my_l4-gapfree-multi-4km_P1D,CHL,lat008_lon046,8,46,-50.25,-44.75,49.75,55.25,5.0,5.0,0.25,5.5,5.5,2017-03-01,2017-03-10,10,7,1697,392,18,133,133,4245360,external_inputs/environment/goto_chl,CHL_GOTO_PERIOD_month_lat008_lon046_201703_20170301_20170310.nc,external_inputs/environment/goto_chl/CHL_GOTO_PERIOD_month_lat008_lon046_201703_20170301_20170310.nc,0
planned,month,2018-01,CHL,cmems_obs-oc_glo_bgc-plankton_my_l4-gapfree-multi-4km_P1D,CHL,lat008_lon046,8,46,-50.25,-44.75,49.75,55.25,5.0,5.0,0.25,5.5,5.5,2018-01-16,2018-01-31,16,16,12917,2787,80,133,133,6792576,external_inputs/environment/goto_chl,CHL_GOTO_PERIOD_month_lat008_lon046_201801_20180116_20180131.nc,external_inputs/environment/goto_chl/CHL_GOTO_PERIOD_month_lat008_lon046_201801_20180116_20180131.nc,0
planned,month,2018-02,CHL,cmems_obs-oc_glo_bgc-plankton_my_l4-gapfree-multi-4km_P1D,CHL,lat008_lon046,8,46,-50.25,-44.75,49.75,55.25,5.0,5.0,0.25,5.5,5.5,2018-02-01,2018-02-28,28,28,28451,5883,115,133,133,11887008,external_inputs/environment/goto_chl,CHL_GOTO_PERIOD_month_lat008_lon046_201802_20180201_20180228.nc,external_inputs/environment/goto_chl/CHL_GOTO_PERIOD_month_lat008_lon046_201802_20180201_20180228.nc,0
planned,month,2018-03,CHL,cmems_obs-oc_glo_bgc-plankton_my_l4-gapfree-multi-4km_P1D,CHL,lat008_lon046,8,46,-50.25,-44.75,49.75,55.25,5.0,5.0,0.25,5.5,5.5,2018-03-01,2018-03-30,30,27,16271,3401,74,133,133,12736080,external_inputs/environment/goto_chl,CHL_GOTO_PERIOD_month_lat008_lon046_201803_20180301_20180330.nc,external_inputs/environment/goto_chl/CHL_GOTO_PERIOD_month_lat008_lon046_201803_20180301_20180330.nc,0
planned,month,2018-04,CHL,cmems_obs-oc_glo_bgc-plankton_my_l4-gapfree-multi-4km_P1D,CHL,lat008_lon046,8,46,-50.25,-44.75,49.75,55.25,5.0,5.0,0.25,5.5,5.5,2018-04-05,2018-04-05,1,1,25,5,1,133,133,500000,external_inputs/environment/goto_chl,CHL_GOTO_PERIOD_month_lat008_lon046_201804_20180405_20180405.nc,external_inputs/environment/goto_chl/CHL_GOTO_PERIOD_month_lat008_lon046_201804_20180405_20180405.nc,0
planned,month,2019-01,CHL,cmems_obs-oc_glo_bgc-plankton_my_l4-gapfree-multi-4km_P1D,CHL,lat008_lon046,8,46,-50.25,-44.75,49.75,55.25,5.0,5.0,0.25,5.5,5.5,2019-01-20,2019-01-31,12,12,13056,2910,72,133,133,5094432,external_inputs/environment/goto_chl,CHL_GOTO_PERIOD_month_lat008_lon046_201901_20190120_20190131.nc,external_inputs/environment/goto_chl/CHL_GOTO_PERIOD_month_lat008_lon046_201901_20190120_20190131.nc,0
planned,month,2019-02,CHL,cmems_obs-oc_glo_bgc-plankton_my_l4-gapfree-multi-4km_P1D,CHL,lat008_lon046,8,46,-50.25,-44.75,49.75,55.25,5.0,5.0,0.25,5.5,5.5,2019-02-01,2019-02-28,28,28,38229,8224,158,133,133,11887008,external_inputs/environment/goto_chl,CHL_GOTO_PERIOD_month_lat008_lon046_201902_20190201_20190228.nc,external_inputs/environment/goto_chl/CHL_GOTO_PERIOD_month_lat008_lon046_201902_20190201_20190228.nc,0
planned,month,2019-03,CHL,cmems_obs-oc_glo_bgc-plankton_my_l4-gapfree-multi-4km_P1D,CHL,lat008_lon046,8,46,-50.25,-44.75,49.75,55.25,5.0,5.0,0.25,5.5,5.5,2019-03-01,2019-03-06,6,6,4103,906,21,133,133,2547216,external_inputs/environment/goto_chl,CHL_GOTO_PERIOD_month_lat008_lon046_201903_20190301_20190306.nc,external_inputs/environment/goto_chl/CHL_GOTO_PERIOD_month_lat008_lon046_201903_20190301_20190306.nc,0
planned,month,2016-01,CHL,cmems_obs-oc_glo_bgc-plankton_my_l4-gapfree-multi-4km_P1D,CHL,lat008_lon047,8,47,-50.25,-44.75,54.75,60.25,5.0,5.0,0.25,5.5,5.5,2016-01-13,2016-01-29,17,5,813,166,8,133,133,7217112,external_inputs/environment/goto_chl,CHL_GOTO_PERIOD_month_lat008_lon047_201601_20160113_20160129.nc,external_inputs/environment/goto_chl/CHL_GOTO_PERIOD_month_lat008_lon047_201601_20160113_20160129.nc,0
planned,month,2016-02,CHL,cmems_obs-oc_glo_bgc-plankton_my_l4-gapfree-multi-4km_P1D,CHL,lat008_lon047,8,47,-50.25,-44.75,54.75,60.25,5.0,5.0,0.25,5.5,5.5,2016-02-03,2016-02-18,16,5,525,105,5,133,133,6792576,external_inputs/environment/goto_chl,CHL_GOTO_PERIOD_month_lat008_lon047_201602_20160203_20160218.nc,external_inputs/environment/goto_chl/CHL_GOTO_PERIOD_month_lat008_lon047_201602_20160203_20160218.nc,0
planned,month,2017-01,CHL,cmems_obs-oc_glo_bgc-plankton_my_l4-gapfree-multi-4km_P1D,CHL,lat008_lon047,8,47,-50.25,-44.75,54.75,60.25,5.0,5.0,0.25,5.5,5.5,2017-01-23,2017-01-28,6,3,192,41,3,133,133,2547216,external_inputs/environment/goto_chl,CHL_GOTO_PERIOD_month_lat008_lon047_201701_20170123_20170128.nc,external_inputs/environment/goto_chl/CHL_GOTO_PERIOD_month_lat008_lon047_201701_20170123_20170128.nc,0
planned,month,2017-02,CHL,cmems_obs-oc_glo_bgc-plankton_my_l4-gapfree-multi-4km_P1D,CHL,lat008_lon047,8,47,-50.25,-44.75,54.75,60.25,5.0,5.0,0.25,5.5,5.5,2017-02-12,2017-02-28,17,8,1782,493,11,133,133,7217112,external_inputs/environment/goto_chl,CHL_GOTO_PERIOD_month_lat008_lon047_201702_20170212_20170228.nc,external_inputs/environment/goto_chl/CHL_GOTO_PERIOD_month_lat008_lon047_201702_20170212_20170228.nc,0
planned,month,2017-03,CHL,cmems_obs-oc_glo_bgc-plankton_my_l4-gapfree-multi-4km_P1D,CHL,lat008_lon047,8,47,-50.25,-44.75,54.75,60.25,5.0,5.0,0.25,5.5,5.5,2017-03-01,2017-03-04,4,4,3203,796,8,133,133,1698144,external_inputs/environment/goto_chl,CHL_GOTO_PERIOD_month_lat008_lon047_201703_20170301_20170304.nc,external_inputs/environment/goto_chl/CHL_GOTO_PERIOD_month_lat008_lon047_201703_20170301_20170304.nc,0
planned,month,2018-01,CHL,cmems_obs-oc_glo_bgc-plankton_my_l4-gapfree-multi-4km_P1D,CHL,lat008_lon047,8,47,-50.25,-44.75,54.75,60.25,5.0,5.0,0.25,5.5,5.5,2018-01-17,2018-01-31,15,9,2292,507,18,133,133,6368040,external_inputs/environment/goto_chl,CHL_GOTO_PERIOD_month_lat008_lon047_201801_20180117_20180131.nc,external_inputs/environment/goto_chl/CHL_GOTO_PERIOD_month_lat008_lon047_201801_20180117_20180131.nc,0
planned,month,2018-02,CHL,cmems_obs-oc_glo_bgc-plankton_my_l4-gapfree-multi-4km_P1D,CHL,lat008_lon047,8,47,-50.25,-44.75,54.75,60.25,5.0,5.0,0.25,5.5,5.5,2018-02-02,2018-02-28,27,10,1499,336,11,133,133,11462472,external_inputs/environment/goto_chl,CHL_GOTO_PERIOD_month_lat008_lon047_201802_20180202_20180228.nc,external_inputs/environment/goto_chl/CHL_GOTO_PERIOD_month_lat008_lon047_201802_20180202_20180228.nc,0
planned,month,2018-03,CHL,cmems_obs-oc_glo_bgc-plankton_my_l4-gapfree-multi-4km_P1D,CHL,lat008_lon047,8,47,-50.25,-44.75,54.75,60.25,5.0,5.0,0.25,5.5,5.5,2018-03-10,2018-03-12,3,3,1789,383,3,133,133,1273608,external_inputs/environment/goto_chl,CHL_GOTO_PERIOD_month_lat008_lon047_201803_20180310_20180312.nc,external_inputs/environment/goto_chl/CHL_GOTO_PERIOD_month_lat008_lon047_201803_20180310_20180312.nc,0
planned,month,2019-01,CHL,cmems_obs-oc_glo_bgc-plankton_my_l4-gapfree-multi-4km_P1D,CHL,lat008_lon047,8,47,-50.25,-44.75,54.75,60.25,5.0,5.0,0.25,5.5,5.5,2019-01-20,2019-01-29,10,10,3664,833,18,133,133,4245360,external_inputs/environment/goto_chl,CHL_GOTO_PERIOD_month_lat008_lon047_201901_20190120_20190129.nc,external_inputs/environment/goto_chl/CHL_GOTO_PERIOD_month_lat008_lon047_201901_20190120_20190129.nc,0
planned,month,2019-02,CHL,cmems_obs-oc_glo_bgc-plankton_my_l4-gapfree-multi-4km_P1D,CHL,lat008_lon047,8,47,-50.25,-44.75,54.75,60.25,5.0,5.0,0.25,5.5,5.5,2019-02-02,2019-02-24,23,20,5983,1397,37,133,133,9764328,external_inputs/environment/goto_chl,CHL_GOTO_PERIOD_month_lat008_lon047_201902_20190202_20190224.nc,external_inputs/environment/goto_chl/CHL_GOTO_PERIOD_month_lat008_lon047_201902_20190202_20190224.nc,0
planned,month,2019-03,CHL,cmems_obs-oc_glo_bgc-plankton_my_l4-gapfree-multi-4km_P1D,CHL,lat008_lon047,8,47,-50.25,-44.75,54.75,60.25,5.0,5.0,0.25,5.5,5.5,2019-03-04,2019-03-05,2,2,105,21,2,133,133,849072,external_inputs/environment/goto_chl,CHL_GOTO_PERIOD_month_lat008_lon047_201903_20190304_20190305.nc,external_inputs/environment/goto_chl/CHL_GOTO_PERIOD_month_lat008_lon047_201903_20190304_20190305.nc,0
planned,month,2016-01,CHL,cmems_obs-oc_glo_bgc-plankton_my_l4-gapfree-multi-4km_P1D,CHL,lat008_lon048,8,48,-50.25,-44.75,59.75,65.25,5.0,5.0,0.25,5.5,5.5,2016-01-14,2016-01-29,16,5,800,172,7,133,133,6792576,external_inputs/environment/goto_chl,CHL_GOTO_PERIOD_month_lat008_lon048_201601_20160114_20160129.nc,external_inputs/environment/goto_chl/CHL_GOTO_PERIOD_month_lat008_lon048_201601_20160114_20160129.nc,0
planned,month,2016-02,CHL,cmems_obs-oc_glo_bgc-plankton_my_l4-gapfree-multi-4km_P1D,CHL,lat008_lon048,8,48,-50.25,-44.75,59.75,65.25,5.0,5.0,0.25,5.5,5.5,2016-02-04,2016-02-22,19,9,1685,372,10,133,133,8066184,external_inputs/environment/goto_chl,CHL_GOTO_PERIOD_month_lat008_lon048_201602_20160204_20160222.nc,external_inputs/environment/goto_chl/CHL_GOTO_PERIOD_month_lat008_lon048_201602_20160204_20160222.nc,0
planned,month,2017-01,CHL,cmems_obs-oc_glo_bgc-plankton_my_l4-gapfree-multi-4km_P1D,CHL,lat008_lon048,8,48,-50.25,-44.75,59.75,65.25,5.0,5.0,0.25,5.5,5.5,2017-01-23,2017-01-28,6,4,265,64,4,133,133,2547216,external_inputs/environment/goto_chl,CHL_GOTO_PERIOD_month_lat008_lon048_201701_20170123_20170128.nc,external_inputs/environment/goto_chl/CHL_GOTO_PERIOD_month_lat008_lon048_201701_20170123_20170128.nc,0
planned,month,2017-02,CHL,cmems_obs-oc_glo_bgc-plankton_my_l4-gapfree-multi-4km_P1D,CHL,lat008_lon048,8,48,-50.25,-44.75,59.75,65.25,5.0,5.0,0.25,5.5,5.5,2017-02-12,2017-02-28,17,10,1703,444,12,133,133,7217112,external_inputs/environment/goto_chl,CHL_GOTO_PERIOD_month_lat008_lon048_201702_20170212_20170228.nc,external_inputs/environment/goto_chl/CHL_GOTO_PERIOD_month_lat008_lon048_201702_20170212_20170228.nc,0
planned,month,2017-03,CHL,cmems_obs-oc_glo_bgc-plankton_my_l4-gapfree-multi-4km_P1D,CHL,lat008_lon048,8,48,-50.25,-44.75,59.75,65.25,5.0,5.0,0.25,5.5,5.5,2017-03-01,2017-03-01,1,1,274,114,1,133,133,500000,external_inputs/environment/goto_chl,CHL_GOTO_PERIOD_month_lat008_lon048_201703_20170301_20170301.nc,external_inputs/environment/goto_chl/CHL_GOTO_PERIOD_month_lat008_lon048_201703_20170301_20170301.nc,0
planned,month,2018-01,CHL,cmems_obs-oc_glo_bgc-plankton_my_l4-gapfree-multi-4km_P1D,CHL,lat008_lon048,8,48,-50.25,-44.75,59.75,65.25,5.0,5.0,0.25,5.5,5.5,2018-01-17,2018-01-30,14,13,2006,559,21,133,133,5943504,external_inputs/environment/goto_chl,CHL_GOTO_PERIOD_month_lat008_lon048_201801_20180117_20180130.nc,external_inputs/environment/goto_chl/CHL_GOTO_PERIOD_month_lat008_lon048_201801_20180117_20180130.nc,0
planned,month,2018-02,CHL,cmems_obs-oc_glo_bgc-plankton_my_l4-gapfree-multi-4km_P1D,CHL,lat008_lon048,8,48,-50.25,-44.75,59.75,65.25,5.0,5.0,0.25,5.5,5.5,2018-02-01,2018-02-27,27,14,6962,1430,19,133,133,11462472,external_inputs/environment/goto_chl,CHL_GOTO_PERIOD_month_lat008_lon048_201802_20180201_20180227.nc,external_inputs/environment/goto_chl/CHL_GOTO_PERIOD_month_lat008_lon048_201802_20180201_20180227.nc,0
planned,month,2018-03,CHL,cmems_obs-oc_glo_bgc-plankton_my_l4-gapfree-multi-4km_P1D,CHL,lat008_lon048,8,48,-50.25,-44.75,59.75,65.25,5.0,5.0,0.25,5.5,5.5,2018-03-10,2018-03-10,1,1,197,47,1,133,133,500000,external_inputs/environment/goto_chl,CHL_GOTO_PERIOD_month_lat008_lon048_201803_20180310_20180310.nc,external_inputs/environment/goto_chl/CHL_GOTO_PERIOD_month_lat008_lon048_201803_20180310_20180310.nc,0
planned,month,2019-01,CHL,cmems_obs-oc_glo_bgc-plankton_my_l4-gapfree-multi-4km_P1D,CHL,lat008_lon048,8,48,-50.25,-44.75,59.75,65.25,5.0,5.0,0.25,5.5,5.5,2019-01-22,2019-01-31,10,9,4290,942,11,133,133,4245360,external_inputs/environment/goto_chl,CHL_GOTO_PERIOD_month_lat008_lon048_201901_20190122_20190131.nc,external_inputs/environment/goto_chl/CHL_GOTO_PERIOD_month_lat008_lon048_201901_20190122_20190131.nc,0
planned,month,2019-02,CHL,cmems_obs-oc_glo_bgc-plankton_my_l4-gapfree-multi-4km_P1D,CHL,lat008_lon048,8,48,-50.25,-44.75,59.75,65.25,5.0,5.0,0.25,5.5,5.5,2019-02-01,2019-02-20,20,19,7487,1815,34,133,133,8490720,external_inputs/environment/goto_chl,CHL_GOTO_PERIOD_month_lat008_lon048_201902_20190201_20190220.nc,external_inputs/environment/goto_chl/CHL_GOTO_PERIOD_month_lat008_lon048_201902_20190201_20190220.nc,0
planned,month,2019-03,CHL,cmems_obs-oc_glo_bgc-plankton_my_l4-gapfree-multi-4km_P1D,CHL,lat008_lon048,8,48,-50.25,-44.75,59.75,65.25,5.0,5.0,0.25,5.5,5.5,2019-03-03,2019-03-03,1,1,100,20,1,133,133,500000,external_inputs/environment/goto_chl,CHL_GOTO_PERIOD_month_lat008_lon048_201903_20190303_20190303.nc,external_inputs/environment/goto_chl/CHL_GOTO_PERIOD_month_lat008_lon048_201903_20190303_20190303.nc,0
planned,month,2016-01,CHL,cmems_obs-oc_glo_bgc-plankton_my_l4-gapfree-multi-4km_P1D,CHL,lat008_lon049,8,49,-50.25,-44.75,64.75,70.25,5.0,5.0,0.25,5.5,5.5,2016-01-14,2016-01-28,15,15,6524,1363,21,133,133,6368040,external_inputs/environment/goto_chl,CHL_GOTO_PERIOD_month_lat008_lon049_201601_20160114_20160128.nc,external_inputs/environment/goto_chl/CHL_GOTO_PERIOD_month_lat008_lon049_201601_20160114_20160128.nc,0
planned,month,2016-02,CHL,cmems_obs-oc_glo_bgc-plankton_my_l4-gapfree-multi-4km_P1D,CHL,lat008_lon049,8,49,-50.25,-44.75,64.75,70.25,5.0,5.0,0.25,5.5,5.5,2016-02-04,2016-02-23,20,8,1773,446,9,133,133,8490720,external_inputs/environment/goto_chl,CHL_GOTO_PERIOD_month_lat008_lon049_201602_20160204_20160223.nc,external_inputs/environment/goto_chl/CHL_GOTO_PERIOD_month_lat008_lon049_201602_20160204_20160223.nc,0
planned,month,2017-01,CHL,cmems_obs-oc_glo_bgc-plankton_my_l4-gapfree-multi-4km_P1D,CHL,lat008_lon049,8,49,-50.25,-44.75,64.75,70.25,5.0,5.0,0.25,5.5,5.5,2017-01-23,2017-01-27,5,5,2317,475,5,133,133,2122680,external_inputs/environment/goto_chl,CHL_GOTO_PERIOD_month_lat008_lon049_201701_20170123_20170127.nc,external_inputs/environment/goto_chl/CHL_GOTO_PERIOD_month_lat008_lon049_201701_20170123_20170127.nc,0
planned,month,2017-02,CHL,cmems_obs-oc_glo_bgc-plankton_my_l4-gapfree-multi-4km_P1D,CHL,lat008_lon049,8,49,-50.25,-44.75,64.75,70.25,5.0,5.0,0.25,5.5,5.5,2017-02-12,2017-02-27,16,13,3973,873,14,133,133,6792576,external_inputs/environment/goto_chl,CHL_GOTO_PERIOD_month_lat008_lon049_201702_20170212_20170227.nc,external_inputs/environment/goto_chl/CHL_GOTO_PERIOD_month_lat008_lon049_201702_20170212_20170227.nc,0
planned,month,2018-01,CHL,cmems_obs-oc_glo_bgc-plankton_my_l4-gapfree-multi-4km_P1D,CHL,lat008_lon049,8,49,-50.25,-44.75,64.75,70.25,5.0,5.0,0.25,5.5,5.5,2018-01-18,2018-01-31,14,14,17909,3894,40,133,133,5943504,external_inputs/environment/goto_chl,CHL_GOTO_PERIOD_month_lat008_lon049_201801_20180118_20180131.nc,external_inputs/environment/goto_chl/CHL_GOTO_PERIOD_month_lat008_lon049_201801_20180118_20180131.nc,0
planned,month,2018-02,CHL,cmems_obs-oc_glo_bgc-plankton_my_l4-gapfree-multi-4km_P1D,CHL,lat008_lon049,8,49,-50.25,-44.75,64.75,70.25,5.0,5.0,0.25,5.5,5.5,2018-02-01,2018-02-28,28,7,4990,1280,13,133,133,11887008,external_inputs/environment/goto_chl,CHL_GOTO_PERIOD_month_lat008_lon049_201802_20180201_20180228.nc,external_inputs/environment/goto_chl/CHL_GOTO_PERIOD_month_lat008_lon049_201802_20180201_20180228.nc,0
planned,month,2018-03,CHL,cmems_obs-oc_glo_bgc-plankton_my_l4-gapfree-multi-4km_P1D,CHL,lat008_lon049,8,49,-50.25,-44.75,64.75,70.25,5.0,5.0,0.25,5.5,5.5,2018-03-01,2018-03-10,10,6,2628,641,6,133,133,4245360,external_inputs/environment/goto_chl,CHL_GOTO_PERIOD_month_lat008_lon049_201803_20180301_20180310.nc,external_inputs/environment/goto_chl/CHL_GOTO_PERIOD_month_lat008_lon049_201803_20180301_20180310.nc,0
planned,month,2019-01,CHL,cmems_obs-oc_glo_bgc-plankton_my_l4-gapfree-multi-4km_P1D,CHL,lat008_lon049,8,49,-50.25,-44.75,64.75,70.25,5.0,5.0,0.25,5.5,5.5,2019-01-23,2019-01-31,9,8,2000,501,9,133,133,3820824,external_inputs/environment/goto_chl,CHL_GOTO_PERIOD_month_lat008_lon049_201901_20190123_20190131.nc,external_inputs/environment/goto_chl/CHL_GOTO_PERIOD_month_lat008_lon049_201901_20190123_20190131.nc,0
planned,month,2019-02,CHL,cmems_obs-oc_glo_bgc-plankton_my_l4-gapfree-multi-4km_P1D,CHL,lat008_lon049,8,49,-50.25,-44.75,64.75,70.25,5.0,5.0,0.25,5.5,5.5,2019-02-01,2019-02-28,28,27,24628,6926,43,133,133,11887008,external_inputs/environment/goto_chl,CHL_GOTO_PERIOD_month_lat008_lon049_201902_20190201_20190228.nc,external_inputs/environment/goto_chl/CHL_GOTO_PERIOD_month_lat008_lon049_201902_20190201_20190228.nc,0
planned,month,2019-03,CHL,cmems_obs-oc_glo_bgc-plankton_my_l4-gapfree-multi-4km_P1D,CHL,lat008_lon049,8,49,-50.25,-44.75,64.75,70.25,5.0,5.0,0.25,5.5,5.5,2019-03-01,2019-03-03,3,3,2415,838,3,133,133,1273608,external_inputs/environment/goto_chl,CHL_GOTO_PERIOD_month_lat008_lon049_201903_20190301_20190303.nc,external_inputs/environment/goto_chl/CHL_GOTO_PERIOD_month_lat008_lon049_201903_20190301_20190303.nc,0
planned,month,2016-01,CHL,cmems_obs-oc_glo_bgc-plankton_my_l4-gapfree-multi-4km_P1D,CHL,lat008_lon050,8,50,-50.25,-44.75,69.75,75.25,5.0,5.0,0.25,5.5,5.5,2016-01-16,2016-01-23,8,7,2653,581,9,133,133,3396288,external_inputs/environment/goto_chl,CHL_GOTO_PERIOD_month_lat008_lon050_201601_20160116_20160123.nc,external_inputs/environment/goto_chl/CHL_GOTO_PERIOD_month_lat008_lon050_201601_20160116_20160123.nc,0
planned,month,2018-01,CHL,cmems_obs-oc_glo_bgc-plankton_my_l4-gapfree-multi-4km_P1D,CHL,lat008_lon050,8,50,-50.25,-44.75,69.75,75.25,5.0,5.0,0.25,5.5,5.5,2018-01-20,2018-01-29,10,10,9192,1893,20,133,133,4245360,external_inputs/environment/goto_chl,CHL_GOTO_PERIOD_month_lat008_lon050_201801_20180120_20180129.nc,external_inputs/environment/goto_chl/CHL_GOTO_PERIOD_month_lat008_lon050_201801_20180120_20180129.nc,0
planned,month,2018-02,CHL,cmems_obs-oc_glo_bgc-plankton_my_l4-gapfree-multi-4km_P1D,CHL,lat008_lon050,8,50,-50.25,-44.75,69.75,75.25,5.0,5.0,0.25,5.5,5.5,2018-02-25,2018-02-25,1,1,118,26,2,133,133,500000,external_inputs/environment/goto_chl,CHL_GOTO_PERIOD_month_lat008_lon050_201802_20180225_20180225.nc,external_inputs/environment/goto_chl/CHL_GOTO_PERIOD_month_lat008_lon050_201802_20180225_20180225.nc,0
planned,month,2018-03,CHL,cmems_obs-oc_glo_bgc-plankton_my_l4-gapfree-multi-4km_P1D,CHL,lat008_lon050,8,50,-50.25,-44.75,69.75,75.25,5.0,5.0,0.25,5.5,5.5,2018-03-02,2018-03-09,8,7,2274,480,7,133,133,3396288,external_inputs/environment/goto_chl,CHL_GOTO_PERIOD_month_lat008_lon050_201803_20180302_20180309.nc,external_inputs/environment/goto_chl/CHL_GOTO_PERIOD_month_lat008_lon050_201803_20180302_20180309.nc,0
planned,month,2019-01,CHL,cmems_obs-oc_glo_bgc-plankton_my_l4-gapfree-multi-4km_P1D,CHL,lat008_lon050,8,50,-50.25,-44.75,69.75,75.25,5.0,5.0,0.25,5.5,5.5,2019-01-30,2019-01-31,2,2,459,105,2,133,133,849072,external_inputs/environment/goto_chl,CHL_GOTO_PERIOD_month_lat008_lon050_201901_20190130_20190131.nc,external_inputs/environment/goto_chl/CHL_GOTO_PERIOD_month_lat008_lon050_201901_20190130_20190131.nc,0
planned,month,2019-02,CHL,cmems_obs-oc_glo_bgc-plankton_my_l4-gapfree-multi-4km_P1D,CHL,lat008_lon050,8,50,-50.25,-44.75,69.75,75.25,5.0,5.0,0.25,5.5,5.5,2019-02-01,2019-02-21,21,10,2195,544,13,133,133,8915256,external_inputs/environment/goto_chl,CHL_GOTO_PERIOD_month_lat008_lon050_201902_20190201_20190221.nc,external_inputs/environment/goto_chl/CHL_GOTO_PERIOD_month_lat008_lon050_201902_20190201_20190221.nc,0
planned,month,2018-03,CHL,cmems_obs-oc_glo_bgc-plankton_my_l4-gapfree-multi-4km_P1D,CHL,lat008_lon051,8,51,-50.25,-44.75,74.75,80.25,5.0,5.0,0.25,5.5,5.5,2018-03-03,2018-03-03,1,1,14,7,1,133,133,500000,external_inputs/environment/goto_chl,CHL_GOTO_PERIOD_month_lat008_lon051_201803_20180303_20180303.nc,external_inputs/environment/goto_chl/CHL_GOTO_PERIOD_month_lat008_lon051_201803_20180303_20180303.nc,0
planned,month,2018-01,CHL,cmems_obs-oc_glo_bgc-plankton_my_l4-gapfree-multi-4km_P1D,CHL,lat009_lon038,9,38,-45.25,-39.75,9.75,15.25,5.0,5.0,0.25,5.5,5.5,2018-01-30,2018-01-30,1,1,108,34,1,133,133,500000,external_inputs/environment/goto_chl,CHL_GOTO_PERIOD_month_lat009_lon038_201801_20180130_20180130.nc,external_inputs/environment/goto_chl/CHL_GOTO_PERIOD_month_lat009_lon038_201801_20180130_20180130.nc,0
planned,month,2019-01,CHL,cmems_obs-oc_glo_bgc-plankton_my_l4-gapfree-multi-4km_P1D,CHL,lat009_lon039,9,39,-45.25,-39.75,14.75,20.25,5.0,5.0,0.25,5.5,5.5,2019-01-26,2019-01-26,1,1,6,3,1,133,133,500000,external_inputs/environment/goto_chl,CHL_GOTO_PERIOD_month_lat009_lon039_201901_20190126_20190126.nc,external_inputs/environment/goto_chl/CHL_GOTO_PERIOD_month_lat009_lon039_201901_20190126_20190126.nc,0
planned,month,2019-01,CHL,cmems_obs-oc_glo_bgc-plankton_my_l4-gapfree-multi-4km_P1D,CHL,lat009_lon040,9,40,-45.25,-39.75,19.75,25.25,5.0,5.0,0.25,5.5,5.5,2019-01-24,2019-01-26,3,3,687,163,3,133,133,1273608,external_inputs/environment/goto_chl,CHL_GOTO_PERIOD_month_lat009_lon040_201901_20190124_20190126.nc,external_inputs/environment/goto_chl/CHL_GOTO_PERIOD_month_lat009_lon040_201901_20190124_20190126.nc,0
planned,month,2016-02,CHL,cmems_obs-oc_glo_bgc-plankton_my_l4-gapfree-multi-4km_P1D,CHL,lat009_lon041,9,41,-45.25,-39.75,24.75,30.25,5.0,5.0,0.25,5.5,5.5,2016-02-11,2016-02-15,5,4,833,177,4,133,133,2122680,external_inputs/environment/goto_chl,CHL_GOTO_PERIOD_month_lat009_lon041_201602_20160211_20160215.nc,external_inputs/environment/goto_chl/CHL_GOTO_PERIOD_month_lat009_lon041_201602_20160211_20160215.nc,0
planned,month,2017-02,CHL,cmems_obs-oc_glo_bgc-plankton_my_l4-gapfree-multi-4km_P1D,CHL,lat009_lon041,9,41,-45.25,-39.75,24.75,30.25,5.0,5.0,0.25,5.5,5.5,2017-02-22,2017-02-26,5,5,801,161,5,133,133,2122680,external_inputs/environment/goto_chl,CHL_GOTO_PERIOD_month_lat009_lon041_201702_20170222_20170226.nc,external_inputs/environment/goto_chl/CHL_GOTO_PERIOD_month_lat009_lon041_201702_20170222_20170226.nc,0
planned,month,2016-02,CHL,cmems_obs-oc_glo_bgc-plankton_my_l4-gapfree-multi-4km_P1D,CHL,lat009_lon042,9,42,-45.25,-39.75,29.75,35.25,5.0,5.0,0.25,5.5,5.5,2016-02-10,2016-02-23,14,7,989,238,8,133,133,5943504,external_inputs/environment/goto_chl,CHL_GOTO_PERIOD_month_lat009_lon042_201602_20160210_20160223.nc,external_inputs/environment/goto_chl/CHL_GOTO_PERIOD_month_lat009_lon042_201602_20160210_20160223.nc,0
planned,month,2017-01,CHL,cmems_obs-oc_glo_bgc-plankton_my_l4-gapfree-multi-4km_P1D,CHL,lat009_lon042,9,42,-45.25,-39.75,29.75,35.25,5.0,5.0,0.25,5.5,5.5,2017-01-27,2017-01-28,2,2,170,34,2,133,133,849072,external_inputs/environment/goto_chl,CHL_GOTO_PERIOD_month_lat009_lon042_201701_20170127_20170128.nc,external_inputs/environment/goto_chl/CHL_GOTO_PERIOD_month_lat009_lon042_201701_20170127_20170128.nc,0
planned,month,2017-02,CHL,cmems_obs-oc_glo_bgc-plankton_my_l4-gapfree-multi-4km_P1D,CHL,lat009_lon042,9,42,-45.25,-39.75,29.75,35.25,5.0,5.0,0.25,5.5,5.5,2017-02-22,2017-02-22,1,1,8,4,1,133,133,500000,external_inputs/environment/goto_chl,CHL_GOTO_PERIOD_month_lat009_lon042_201702_20170222_20170222.nc,external_inputs/environment/goto_chl/CHL_GOTO_PERIOD_month_lat009_lon042_201702_20170222_20170222.nc,0
planned,month,2018-02,CHL,cmems_obs-oc_glo_bgc-plankton_my_l4-gapfree-multi-4km_P1D,CHL,lat009_lon042,9,42,-45.25,-39.75,29.75,35.25,5.0,5.0,0.25,5.5,5.5,2018-02-11,2018-02-17,7,2,44,15,2,133,133,2971752,external_inputs/environment/goto_chl,CHL_GOTO_PERIOD_month_lat009_lon042_201802_20180211_20180217.nc,external_inputs/environment/goto_chl/CHL_GOTO_PERIOD_month_lat009_lon042_201802_20180211_20180217.nc,0
planned,month,2019-01,CHL,cmems_obs-oc_glo_bgc-plankton_my_l4-gapfree-multi-4km_P1D,CHL,lat009_lon042,9,42,-45.25,-39.75,29.75,35.25,5.0,5.0,0.25,5.5,5.5,2019-01-24,2019-01-25,2,2,277,111,2,133,133,849072,external_inputs/environment/goto_chl,CHL_GOTO_PERIOD_month_lat009_lon042_201901_20190124_20190125.nc,external_inputs/environment/goto_chl/CHL_GOTO_PERIOD_month_lat009_lon042_201901_20190124_20190125.nc,0
planned,month,2019-02,CHL,cmems_obs-oc_glo_bgc-plankton_my_l4-gapfree-multi-4km_P1D,CHL,lat009_lon042,9,42,-45.25,-39.75,29.75,35.25,5.0,5.0,0.25,5.5,5.5,2019-02-02,2019-02-04,3,3,688,168,3,133,133,1273608,external_inputs/environment/goto_chl,CHL_GOTO_PERIOD_month_lat009_lon042_201902_20190202_20190204.nc,external_inputs/environment/goto_chl/CHL_GOTO_PERIOD_month_lat009_lon042_201902_20190202_20190204.nc,0
planned,month,2016-02,CHL,cmems_obs-oc_glo_bgc-plankton_my_l4-gapfree-multi-4km_P1D,CHL,lat009_lon043,9,43,-45.25,-39.75,34.75,40.25,5.0,5.0,0.25,5.5,5.5,2016-02-07,2016-02-23,17,12,3559,813,20,133,133,7217112,external_inputs/environment/goto_chl,CHL_GOTO_PERIOD_month_lat009_lon043_201602_20160207_20160223.nc,external_inputs/environment/goto_chl/CHL_GOTO_PERIOD_month_lat009_lon043_201602_20160207_20160223.nc,0
planned,month,2017-01,CHL,cmems_obs-oc_glo_bgc-plankton_my_l4-gapfree-multi-4km_P1D,CHL,lat009_lon043,9,43,-45.25,-39.75,34.75,40.25,5.0,5.0,0.25,5.5,5.5,2017-01-26,2017-01-31,6,5,714,219,6,133,133,2547216,external_inputs/environment/goto_chl,CHL_GOTO_PERIOD_month_lat009_lon043_201701_20170126_20170131.nc,external_inputs/environment/goto_chl/CHL_GOTO_PERIOD_month_lat009_lon043_201701_20170126_20170131.nc,0
planned,month,2017-03,CHL,cmems_obs-oc_glo_bgc-plankton_my_l4-gapfree-multi-4km_P1D,CHL,lat009_lon043,9,43,-45.25,-39.75,34.75,40.25,5.0,5.0,0.25,5.5,5.5,2017-03-03,2017-03-04,2,2,25,7,2,133,133,849072,external_inputs/environment/goto_chl,CHL_GOTO_PERIOD_month_lat009_lon043_201703_20170303_20170304.nc,external_inputs/environment/goto_chl/CHL_GOTO_PERIOD_month_lat009_lon043_201703_20170303_20170304.nc,0
planned,month,2018-02,CHL,cmems_obs-oc_glo_bgc-plankton_my_l4-gapfree-multi-4km_P1D,CHL,lat009_lon043,9,43,-45.25,-39.75,34.75,40.25,5.0,5.0,0.25,5.5,5.5,2018-02-01,2018-02-19,19,12,5816,1306,15,133,133,8066184,external_inputs/environment/goto_chl,CHL_GOTO_PERIOD_month_lat009_lon043_201802_20180201_20180219.nc,external_inputs/environment/goto_chl/CHL_GOTO_PERIOD_month_lat009_lon043_201802_20180201_20180219.nc,0
planned,month,2018-04,CHL,cmems_obs-oc_glo_bgc-plankton_my_l4-gapfree-multi-4km_P1D,CHL,lat009_lon043,9,43,-45.25,-39.75,34.75,40.25,5.0,5.0,0.25,5.5,5.5,2018-04-03,2018-04-03,1,1,41,22,1,133,133,500000,external_inputs/environment/goto_chl,CHL_GOTO_PERIOD_month_lat009_lon043_201804_20180403_20180403.nc,external_inputs/environment/goto_chl/CHL_GOTO_PERIOD_month_lat009_lon043_201804_20180403_20180403.nc,0
planned,month,2019-01,CHL,cmems_obs-oc_glo_bgc-plankton_my_l4-gapfree-multi-4km_P1D,CHL,lat009_lon043,9,43,-45.25,-39.75,34.75,40.25,5.0,5.0,0.25,5.5,5.5,2019-01-24,2019-01-25,2,2,963,245,4,133,133,849072,external_inputs/environment/goto_chl,CHL_GOTO_PERIOD_month_lat009_lon043_201901_20190124_20190125.nc,external_inputs/environment/goto_chl/CHL_GOTO_PERIOD_month_lat009_lon043_201901_20190124_20190125.nc,0
planned,month,2019-02,CHL,cmems_obs-oc_glo_bgc-plankton_my_l4-gapfree-multi-4km_P1D,CHL,lat009_lon043,9,43,-45.25,-39.75,34.75,40.25,5.0,5.0,0.25,5.5,5.5,2019-02-03,2019-02-27,25,7,820,247,8,133,133,10613400,external_inputs/environment/goto_chl,CHL_GOTO_PERIOD_month_lat009_lon043_201902_20190203_20190227.nc,external_inputs/environment/goto_chl/CHL_GOTO_PERIOD_month_lat009_lon043_201902_20190203_20190227.nc,0
planned,month,2003-03,CHL,cmems_obs-oc_glo_bgc-plankton_my_l4-gapfree-multi-4km_P1D,CHL,lat009_lon044,9,44,-45.25,-39.75,39.75,45.25,5.0,5.0,0.25,5.5,5.5,2003-03-31,2003-03-31,1,1,120,38,2,133,133,500000,external_inputs/environment/goto_chl,CHL_GOTO_PERIOD_month_lat009_lon044_200303_20030331_20030331.nc,external_inputs/environment/goto_chl/CHL_GOTO_PERIOD_month_lat009_lon044_200303_20030331_20030331.nc,0
planned,month,2004-03,CHL,cmems_obs-oc_glo_bgc-plankton_my_l4-gapfree-multi-4km_P1D,CHL,lat009_lon044,9,44,-45.25,-39.75,39.75,45.25,5.0,5.0,0.25,5.5,5.5,2004-03-23,2004-03-24,2,2,315,81,3,133,133,849072,external_inputs/environment/goto_chl,CHL_GOTO_PERIOD_month_lat009_lon044_200403_20040323_20040324.nc,external_inputs/environment/goto_chl/CHL_GOTO_PERIOD_month_lat009_lon044_200403_20040323_20040324.nc,0
planned,month,2005-03,CHL,cmems_obs-oc_glo_bgc-plankton_my_l4-gapfree-multi-4km_P1D,CHL,lat009_lon044,9,44,-45.25,-39.75,39.75,45.25,5.0,5.0,0.25,5.5,5.5,2005-03-26,2005-03-26,1,1,8,8,1,133,133,500000,external_inputs/environment/goto_chl,CHL_GOTO_PERIOD_month_lat009_lon044_200503_20050326_20050326.nc,external_inputs/environment/goto_chl/CHL_GOTO_PERIOD_month_lat009_lon044_200503_20050326_20050326.nc,0
planned,month,2016-01,CHL,cmems_obs-oc_glo_bgc-plankton_my_l4-gapfree-multi-4km_P1D,CHL,lat009_lon044,9,44,-45.25,-39.75,39.75,45.25,5.0,5.0,0.25,5.5,5.5,2016-01-21,2016-01-29,9,6,1201,283,8,133,133,3820824,external_inputs/environment/goto_chl,CHL_GOTO_PERIOD_month_lat009_lon044_201601_20160121_20160129.nc,external_inputs/environment/goto_chl/CHL_GOTO_PERIOD_month_lat009_lon044_201601_20160121_20160129.nc,0
planned,month,2016-02,CHL,cmems_obs-oc_glo_bgc-plankton_my_l4-gapfree-multi-4km_P1D,CHL,lat009_lon044,9,44,-45.25,-39.75,39.75,45.25,5.0,5.0,0.25,5.5,5.5,2016-02-06,2016-02-24,19,11,1279,356,14,133,133,8066184,external_inputs/environment/goto_chl,CHL_GOTO_PERIOD_month_lat009_lon044_201602_20160206_20160224.nc,external_inputs/environment/goto_chl/CHL_GOTO_PERIOD_month_lat009_lon044_201602_20160206_20160224.nc,0
planned,month,2016-03,CHL,cmems_obs-oc_glo_bgc-plankton_my_l4-gapfree-multi-4km_P1D,CHL,lat009_lon044,9,44,-45.25,-39.75,39.75,45.25,5.0,5.0,0.25,5.5,5.5,2016-03-02,2016-03-02,1,1,215,52,1,133,133,500000,external_inputs/environment/goto_chl,CHL_GOTO_PERIOD_month_lat009_lon044_201603_20160302_20160302.nc,external_inputs/environment/goto_chl/CHL_GOTO_PERIOD_month_lat009_lon044_201603_20160302_20160302.nc,0
planned,month,2017-01,CHL,cmems_obs-oc_glo_bgc-plankton_my_l4-gapfree-multi-4km_P1D,CHL,lat009_lon044,9,44,-45.25,-39.75,39.75,45.25,5.0,5.0,0.25,5.5,5.5,2017-01-26,2017-01-31,6,2,109,24,2,133,133,2547216,external_inputs/environment/goto_chl,CHL_GOTO_PERIOD_month_lat009_lon044_201701_20170126_20170131.nc,external_inputs/environment/goto_chl/CHL_GOTO_PERIOD_month_lat009_lon044_201701_20170126_20170131.nc,0
planned,month,2017-02,CHL,cmems_obs-oc_glo_bgc-plankton_my_l4-gapfree-multi-4km_P1D,CHL,lat009_lon044,9,44,-45.25,-39.75,39.75,45.25,5.0,5.0,0.25,5.5,5.5,2017-02-19,2017-02-28,10,6,992,244,6,133,133,4245360,external_inputs/environment/goto_chl,CHL_GOTO_PERIOD_month_lat009_lon044_201702_20170219_20170228.nc,external_inputs/environment/goto_chl/CHL_GOTO_PERIOD_month_lat009_lon044_201702_20170219_20170228.nc,0
planned,month,2017-03,CHL,cmems_obs-oc_glo_bgc-plankton_my_l4-gapfree-multi-4km_P1D,CHL,lat009_lon044,9,44,-45.25,-39.75,39.75,45.25,5.0,5.0,0.25,5.5,5.5,2017-03-01,2017-03-03,3,3,554,116,3,133,133,1273608,external_inputs/environment/goto_chl,CHL_GOTO_PERIOD_month_lat009_lon044_201703_20170301_20170303.nc,external_inputs/environment/goto_chl/CHL_GOTO_PERIOD_month_lat009_lon044_201703_20170301_20170303.nc,0
planned,month,2018-01,CHL,cmems_obs-oc_glo_bgc-plankton_my_l4-gapfree-multi-4km_P1D,CHL,lat009_lon044,9,44,-45.25,-39.75,39.75,45.25,5.0,5.0,0.25,5.5,5.5,2018-01-20,2018-01-30,11,7,2075,544,12,133,133,4669896,external_inputs/environment/goto_chl,CHL_GOTO_PERIOD_month_lat009_lon044_201801_20180120_20180130.nc,external_inputs/environment/goto_chl/CHL_GOTO_PERIOD_month_lat009_lon044_201801_20180120_20180130.nc,0
planned,month,2018-02,CHL,cmems_obs-oc_glo_bgc-plankton_my_l4-gapfree-multi-4km_P1D,CHL,lat009_lon044,9,44,-45.25,-39.75,39.75,45.25,5.0,5.0,0.25,5.5,5.5,2018-02-01,2018-02-28,28,19,11513,2990,38,133,133,11887008,external_inputs/environment/goto_chl,CHL_GOTO_PERIOD_month_lat009_lon044_201802_20180201_20180228.nc,external_inputs/environment/goto_chl/CHL_GOTO_PERIOD_month_lat009_lon044_201802_20180201_20180228.nc,0
planned,month,2018-03,CHL,cmems_obs-oc_glo_bgc-plankton_my_l4-gapfree-multi-4km_P1D,CHL,lat009_lon044,9,44,-45.25,-39.75,39.75,45.25,5.0,5.0,0.25,5.5,5.5,2018-03-01,2018-03-19,19,6,819,229,8,133,133,8066184,external_inputs/environment/goto_chl,CHL_GOTO_PERIOD_month_lat009_lon044_201803_20180301_20180319.nc,external_inputs/environment/goto_chl/CHL_GOTO_PERIOD_month_lat009_lon044_201803_20180301_20180319.nc,0
planned,month,2018-04,CHL,cmems_obs-oc_glo_bgc-plankton_my_l4-gapfree-multi-4km_P1D,CHL,lat009_lon044,9,44,-45.25,-39.75,39.75,45.25,5.0,5.0,0.25,5.5,5.5,2018-04-02,2018-04-03,2,2,502,108,2,133,133,849072,external_inputs/environment/goto_chl,CHL_GOTO_PERIOD_month_lat009_lon044_201804_20180402_20180403.nc,external_inputs/environment/goto_chl/CHL_GOTO_PERIOD_month_lat009_lon044_201804_20180402_20180403.nc,0
planned,month,2019-01,CHL,cmems_obs-oc_glo_bgc-plankton_my_l4-gapfree-multi-4km_P1D,CHL,lat009_lon044,9,44,-45.25,-39.75,39.75,45.25,5.0,5.0,0.25,5.5,5.5,2019-01-20,2019-01-28,9,8,977,317,12,133,133,3820824,external_inputs/environment/goto_chl,CHL_GOTO_PERIOD_month_lat009_lon044_201901_20190120_20190128.nc,external_inputs/environment/goto_chl/CHL_GOTO_PERIOD_month_lat009_lon044_201901_20190120_20190128.nc,0
planned,month,2019-02,CHL,cmems_obs-oc_glo_bgc-plankton_my_l4-gapfree-multi-4km_P1D,CHL,lat009_lon044,9,44,-45.25,-39.75,39.75,45.25,5.0,5.0,0.25,5.5,5.5,2019-02-03,2019-02-27,25,13,4242,964,24,133,133,10613400,external_inputs/environment/goto_chl,CHL_GOTO_PERIOD_month_lat009_lon044_201902_20190203_20190227.nc,external_inputs/environment/goto_chl/CHL_GOTO_PERIOD_month_lat009_lon044_201902_20190203_20190227.nc,0
planned,month,2019-03,CHL,cmems_obs-oc_glo_bgc-plankton_my_l4-gapfree-multi-4km_P1D,CHL,lat009_lon044,9,44,-45.25,-39.75,39.75,45.25,5.0,5.0,0.25,5.5,5.5,2019-03-05,2019-03-05,1,1,180,43,2,133,133,500000,external_inputs/environment/goto_chl,CHL_GOTO_PERIOD_month_lat009_lon044_201903_20190305_20190305.nc,external_inputs/environment/goto_chl/CHL_GOTO_PERIOD_month_lat009_lon044_201903_20190305_20190305.nc,0
planned,month,2003-03,CHL,cmems_obs-oc_glo_bgc-plankton_my_l4-gapfree-multi-4km_P1D,CHL,lat009_lon045,9,45,-45.25,-39.75,44.75,50.25,5.0,5.0,0.25,5.5,5.5,2003-03-21,2003-03-31,11,3,1283,265,4,133,133,4669896,external_inputs/environment/goto_chl,CHL_GOTO_PERIOD_month_lat009_lon045_200303_20030321_20030331.nc,external_inputs/environment/goto_chl/CHL_GOTO_PERIOD_month_lat009_lon045_200303_20030321_20030331.nc,0
planned,month,2003-04,CHL,cmems_obs-oc_glo_bgc-plankton_my_l4-gapfree-multi-4km_P1D,CHL,lat009_lon045,9,45,-45.25,-39.75,44.75,50.25,5.0,5.0,0.25,5.5,5.5,2003-04-13,2003-04-13,1,1,92,22,1,133,133,500000,external_inputs/environment/goto_chl,CHL_GOTO_PERIOD_month_lat009_lon045_200304_20030413_20030413.nc,external_inputs/environment/goto_chl/CHL_GOTO_PERIOD_month_lat009_lon045_200304_20030413_20030413.nc,0
planned,month,2004-03,CHL,cmems_obs-oc_glo_bgc-plankton_my_l4-gapfree-multi-4km_P1D,CHL,lat009_lon045,9,45,-45.25,-39.75,44.75,50.25,5.0,5.0,0.25,5.5,5.5,2004-03-23,2004-03-23,1,1,18,9,1,133,133,500000,external_inputs/environment/goto_chl,CHL_GOTO_PERIOD_month_lat009_lon045_200403_20040323_20040323.nc,external_inputs/environment/goto_chl/CHL_GOTO_PERIOD_month_lat009_lon045_200403_20040323_20040323.nc,0
planned,month,2005-03,CHL,cmems_obs-oc_glo_bgc-plankton_my_l4-gapfree-multi-4km_P1D,CHL,lat009_lon045,9,45,-45.25,-39.75,44.75,50.25,5.0,5.0,0.25,5.5,5.5,2005-03-25,2005-03-26,2,2,35,19,2,133,133,849072,external_inputs/environment/goto_chl,CHL_GOTO_PERIOD_month_lat009_lon045_200503_20050325_20050326.nc,external_inputs/environment/goto_chl/CHL_GOTO_PERIOD_month_lat009_lon045_200503_20050325_20050326.nc,0
planned,month,2016-01,CHL,cmems_obs-oc_glo_bgc-plankton_my_l4-gapfree-multi-4km_P1D,CHL,lat009_lon045,9,45,-45.25,-39.75,44.75,50.25,5.0,5.0,0.25,5.5,5.5,2016-01-15,2016-01-31,17,13,2000,574,22,133,133,7217112,external_inputs/environment/goto_chl,CHL_GOTO_PERIOD_month_lat009_lon045_201601_20160115_20160131.nc,external_inputs/environment/goto_chl/CHL_GOTO_PERIOD_month_lat009_lon045_201601_20160115_20160131.nc,0
planned,month,2016-02,CHL,cmems_obs-oc_glo_bgc-plankton_my_l4-gapfree-multi-4km_P1D,CHL,lat009_lon045,9,45,-45.25,-39.75,44.75,50.25,5.0,5.0,0.25,5.5,5.5,2016-02-04,2016-02-25,22,15,837,243,17,133,133,9339792,external_inputs/environment/goto_chl,CHL_GOTO_PERIOD_month_lat009_lon045_201602_20160204_20160225.nc,external_inputs/environment/goto_chl/CHL_GOTO_PERIOD_month_lat009_lon045_201602_20160204_20160225.nc,0
planned,month,2016-03,CHL,cmems_obs-oc_glo_bgc-plankton_my_l4-gapfree-multi-4km_P1D,CHL,lat009_lon045,9,45,-45.25,-39.75,44.75,50.25,5.0,5.0,0.25,5.5,5.5,2016-03-02,2016-03-02,1,1,197,42,1,133,133,500000,external_inputs/environment/goto_chl,CHL_GOTO_PERIOD_month_lat009_lon045_201603_20160302_20160302.nc,external_inputs/environment/goto_chl/CHL_GOTO_PERIOD_month_lat009_lon045_201603_20160302_20160302.nc,0
planned,month,2017-01,CHL,cmems_obs-oc_glo_bgc-plankton_my_l4-gapfree-multi-4km_P1D,CHL,lat009_lon045,9,45,-45.25,-39.75,44.75,50.25,5.0,5.0,0.25,5.5,5.5,2017-01-22,2017-01-25,4,3,98,35,3,133,133,1698144,external_inputs/environment/goto_chl,CHL_GOTO_PERIOD_month_lat009_lon045_201701_20170122_20170125.nc,external_inputs/environment/goto_chl/CHL_GOTO_PERIOD_month_lat009_lon045_201701_20170122_20170125.nc,0
planned,month,2017-02,CHL,cmems_obs-oc_glo_bgc-plankton_my_l4-gapfree-multi-4km_P1D,CHL,lat009_lon045,9,45,-45.25,-39.75,44.75,50.25,5.0,5.0,0.25,5.5,5.5,2017-02-22,2017-02-27,6,5,548,152,7,133,133,2547216,external_inputs/environment/goto_chl,CHL_GOTO_PERIOD_month_lat009_lon045_201702_20170222_20170227.nc,external_inputs/environment/goto_chl/CHL_GOTO_PERIOD_month_lat009_lon045_201702_20170222_20170227.nc,0
planned,month,2017-03,CHL,cmems_obs-oc_glo_bgc-plankton_my_l4-gapfree-multi-4km_P1D,CHL,lat009_lon045,9,45,-45.25,-39.75,44.75,50.25,5.0,5.0,0.25,5.5,5.5,2017-03-01,2017-03-09,9,3,22,10,3,133,133,3820824,external_inputs/environment/goto_chl,CHL_GOTO_PERIOD_month_lat009_lon045_201703_20170301_20170309.nc,external_inputs/environment/goto_chl/CHL_GOTO_PERIOD_month_lat009_lon045_201703_20170301_20170309.nc,0
planned,month,2018-01,CHL,cmems_obs-oc_glo_bgc-plankton_my_l4-gapfree-multi-4km_P1D,CHL,lat009_lon045,9,45,-45.25,-39.75,44.75,50.25,5.0,5.0,0.25,5.5,5.5,2018-01-16,2018-01-31,16,12,1686,478,20,133,133,6792576,external_inputs/environment/goto_chl,CHL_GOTO_PERIOD_month_lat009_lon045_201801_20180116_20180131.nc,external_inputs/environment/goto_chl/CHL_GOTO_PERIOD_month_lat009_lon045_201801_20180116_20180131.nc,0
planned,month,2018-02,CHL,cmems_obs-oc_glo_bgc-plankton_my_l4-gapfree-multi-4km_P1D,CHL,lat009_lon045,9,45,-45.25,-39.75,44.75,50.25,5.0,5.0,0.25,5.5,5.5,2018-02-02,2018-02-28,27,24,7271,2254,41,133,133,11462472,external_inputs/environment/goto_chl,CHL_GOTO_PERIOD_month_lat009_lon045_201802_20180202_20180228.nc,external_inputs/environment/goto_chl/CHL_GOTO_PERIOD_month_lat009_lon045_201802_20180202_20180228.nc,0
planned,month,2018-03,CHL,cmems_obs-oc_glo_bgc-plankton_my_l4-gapfree-multi-4km_P1D,CHL,lat009_lon045,9,45,-45.25,-39.75,44.75,50.25,5.0,5.0,0.25,5.5,5.5,2018-03-01,2018-03-31,31,14,3257,919,21,133,133,13160616,external_inputs/environment/goto_chl,CHL_GOTO_PERIOD_month_lat009_lon045_201803_20180301_20180331.nc,external_inputs/environment/goto_chl/CHL_GOTO_PERIOD_month_lat009_lon045_201803_20180301_20180331.nc,0
planned,month,2018-04,CHL,cmems_obs-oc_glo_bgc-plankton_my_l4-gapfree-multi-4km_P1D,CHL,lat009_lon045,9,45,-45.25,-39.75,44.75,50.25,5.0,5.0,0.25,5.5,5.5,2018-04-02,2018-04-02,1,1,60,24,1,133,133,500000,external_inputs/environment/goto_chl,CHL_GOTO_PERIOD_month_lat009_lon045_201804_20180402_20180402.nc,external_inputs/environment/goto_chl/CHL_GOTO_PERIOD_month_lat009_lon045_201804_20180402_20180402.nc,0
planned,month,2019-01,CHL,cmems_obs-oc_glo_bgc-plankton_my_l4-gapfree-multi-4km_P1D,CHL,lat009_lon045,9,45,-45.25,-39.75,44.75,50.25,5.0,5.0,0.25,5.5,5.5,2019-01-20,2019-01-29,10,9,2225,554,15,133,133,4245360,external_inputs/environment/goto_chl,CHL_GOTO_PERIOD_month_lat009_lon045_201901_20190120_20190129.nc,external_inputs/environment/goto_chl/CHL_GOTO_PERIOD_month_lat009_lon045_201901_20190120_20190129.nc,0
planned,month,2019-02,CHL,cmems_obs-oc_glo_bgc-plankton_my_l4-gapfree-multi-4km_P1D,CHL,lat009_lon045,9,45,-45.25,-39.75,44.75,50.25,5.0,5.0,0.25,5.5,5.5,2019-02-03,2019-02-27,25,21,9041,1977,42,133,133,10613400,external_inputs/environment/goto_chl,CHL_GOTO_PERIOD_month_lat009_lon045_201902_20190203_20190227.nc,external_inputs/environment/goto_chl/CHL_GOTO_PERIOD_month_lat009_lon045_201902_20190203_20190227.nc,0
planned,month,2019-03,CHL,cmems_obs-oc_glo_bgc-plankton_my_l4-gapfree-multi-4km_P1D,CHL,lat009_lon045,9,45,-45.25,-39.75,44.75,50.25,5.0,5.0,0.25,5.5,5.5,2019-03-01,2019-03-01,1,1,127,52,1,133,133,500000,external_inputs/environment/goto_chl,CHL_GOTO_PERIOD_month_lat009_lon045_201903_20190301_20190301.nc,external_inputs/environment/goto_chl/CHL_GOTO_PERIOD_month_lat009_lon045_201903_20190301_20190301.nc,0
planned,month,2003-03,CHL,cmems_obs-oc_glo_bgc-plankton_my_l4-gapfree-multi-4km_P1D,CHL,lat009_lon046,9,46,-45.25,-39.75,49.75,55.25,5.0,5.0,0.25,5.5,5.5,2003-03-21,2003-03-23,3,3,436,102,3,133,133,1273608,external_inputs/environment/goto_chl,CHL_GOTO_PERIOD_month_lat009_lon046_200303_20030321_20030323.nc,external_inputs/environment/goto_chl/CHL_GOTO_PERIOD_month_lat009_lon046_200303_20030321_20030323.nc,0
planned,month,2003-04,CHL,cmems_obs-oc_glo_bgc-plankton_my_l4-gapfree-multi-4km_P1D,CHL,lat009_lon046,9,46,-45.25,-39.75,49.75,55.25,5.0,5.0,0.25,5.5,5.5,2003-04-05,2003-04-13,9,4,493,135,4,133,133,3820824,external_inputs/environment/goto_chl,CHL_GOTO_PERIOD_month_lat009_lon046_200304_20030405_20030413.nc,external_inputs/environment/goto_chl/CHL_GOTO_PERIOD_month_lat009_lon046_200304_20030405_20030413.nc,0
planned,month,2004-03,CHL,cmems_obs-oc_glo_bgc-plankton_my_l4-gapfree-multi-4km_P1D,CHL,lat009_lon046,9,46,-45.25,-39.75,49.75,55.25,5.0,5.0,0.25,5.5,5.5,2004-03-19,2004-03-19,1,1,32,16,2,133,133,500000,external_inputs/environment/goto_chl,CHL_GOTO_PERIOD_month_lat009_lon046_200403_20040319_20040319.nc,external_inputs/environment/goto_chl/CHL_GOTO_PERIOD_month_lat009_lon046_200403_20040319_20040319.nc,0
planned,month,2016-01,CHL,cmems_obs-oc_glo_bgc-plankton_my_l4-gapfree-multi-4km_P1D,CHL,lat009_lon046,9,46,-45.25,-39.75,49.75,55.25,5.0,5.0,0.25,5.5,5.5,2016-01-14,2016-01-28,15,13,4476,1031,23,133,133,6368040,external_inputs/environment/goto_chl,CHL_GOTO_PERIOD_month_lat009_lon046_201601_20160114_20160128.nc,external_inputs/environment/goto_chl/CHL_GOTO_PERIOD_month_lat009_lon046_201601_20160114_20160128.nc,0
planned,month,2016-02,CHL,cmems_obs-oc_glo_bgc-plankton_my_l4-gapfree-multi-4km_P1D,CHL,lat009_lon046,9,46,-45.25,-39.75,49.75,55.25,5.0,5.0,0.25,5.5,5.5,2016-02-01,2016-02-09,9,7,2056,455,10,133,133,3820824,external_inputs/environment/goto_chl,CHL_GOTO_PERIOD_month_lat009_lon046_201602_20160201_20160209.nc,external_inputs/environment/goto_chl/CHL_GOTO_PERIOD_month_lat009_lon046_201602_20160201_20160209.nc,0
planned,month,2017-01,CHL,cmems_obs-oc_glo_bgc-plankton_my_l4-gapfree-multi-4km_P1D,CHL,lat009_lon046,9,46,-45.25,-39.75,49.75,55.25,5.0,5.0,0.25,5.5,5.5,2017-01-21,2017-01-29,9,6,540,129,10,133,133,3820824,external_inputs/environment/goto_chl,CHL_GOTO_PERIOD_month_lat009_lon046_201701_20170121_20170129.nc,external_inputs/environment/goto_chl/CHL_GOTO_PERIOD_month_lat009_lon046_201701_20170121_20170129.nc,0
planned,month,2017-02,CHL,cmems_obs-oc_glo_bgc-plankton_my_l4-gapfree-multi-4km_P1D,CHL,lat009_lon046,9,46,-45.25,-39.75,49.75,55.25,5.0,5.0,0.25,5.5,5.5,2017-02-09,2017-02-27,19,10,571,198,15,133,133,8066184,external_inputs/environment/goto_chl,CHL_GOTO_PERIOD_month_lat009_lon046_201702_20170209_20170227.nc,external_inputs/environment/goto_chl/CHL_GOTO_PERIOD_month_lat009_lon046_201702_20170209_20170227.nc,0
planned,month,2017-03,CHL,cmems_obs-oc_glo_bgc-plankton_my_l4-gapfree-multi-4km_P1D,CHL,lat009_lon046,9,46,-45.25,-39.75,49.75,55.25,5.0,5.0,0.25,5.5,5.5,2017-03-04,2017-03-10,7,3,166,43,3,133,133,2971752,external_inputs/environment/goto_chl,CHL_GOTO_PERIOD_month_lat009_lon046_201703_20170304_20170310.nc,external_inputs/environment/goto_chl/CHL_GOTO_PERIOD_month_lat009_lon046_201703_20170304_20170310.nc,0
planned,month,2018-01,CHL,cmems_obs-oc_glo_bgc-plankton_my_l4-gapfree-multi-4km_P1D,CHL,lat009_lon046,9,46,-45.25,-39.75,49.75,55.25,5.0,5.0,0.25,5.5,5.5,2018-01-16,2018-01-24,9,6,638,250,8,133,133,3820824,external_inputs/environment/goto_chl,CHL_GOTO_PERIOD_month_lat009_lon046_201801_20180116_20180124.nc,external_inputs/environment/goto_chl/CHL_GOTO_PERIOD_month_lat009_lon046_201801_20180116_20180124.nc,0
planned,month,2018-02,CHL,cmems_obs-oc_glo_bgc-plankton_my_l4-gapfree-multi-4km_P1D,CHL,lat009_lon046,9,46,-45.25,-39.75,49.75,55.25,5.0,5.0,0.25,5.5,5.5,2018-02-09,2018-02-23,15,3,17,11,3,133,133,6368040,external_inputs/environment/goto_chl,CHL_GOTO_PERIOD_month_lat009_lon046_201802_20180209_20180223.nc,external_inputs/environment/goto_chl/CHL_GOTO_PERIOD_month_lat009_lon046_201802_20180209_20180223.nc,0
planned,month,2018-03,CHL,cmems_obs-oc_glo_bgc-plankton_my_l4-gapfree-multi-4km_P1D,CHL,lat009_lon046,9,46,-45.25,-39.75,49.75,55.25,5.0,5.0,0.25,5.5,5.5,2018-03-03,2018-03-30,28,9,1555,389,15,133,133,11887008,external_inputs/environment/goto_chl,CHL_GOTO_PERIOD_month_lat009_lon046_201803_20180303_20180330.nc,external_inputs/environment/goto_chl/CHL_GOTO_PERIOD_month_lat009_lon046_201803_20180303_20180330.nc,0
planned,month,2019-01,CHL,cmems_obs-oc_glo_bgc-plankton_my_l4-gapfree-multi-4km_P1D,CHL,lat009_lon046,9,46,-45.25,-39.75,49.75,55.25,5.0,5.0,0.25,5.5,5.5,2019-01-20,2019-01-31,12,11,2868,662,22,133,133,5094432,external_inputs/environment/goto_chl,CHL_GOTO_PERIOD_month_lat009_lon046_201901_20190120_20190131.nc,external_inputs/environment/goto_chl/CHL_GOTO_PERIOD_month_lat009_lon046_201901_20190120_20190131.nc,0
planned,month,2019-02,CHL,cmems_obs-oc_glo_bgc-plankton_my_l4-gapfree-multi-4km_P1D,CHL,lat009_lon046,9,46,-45.25,-39.75,49.75,55.25,5.0,5.0,0.25,5.5,5.5,2019-02-01,2019-02-28,28,16,3658,875,31,133,133,11887008,external_inputs/environment/goto_chl,CHL_GOTO_PERIOD_month_lat009_lon046_201902_20190201_20190228.nc,external_inputs/environment/goto_chl/CHL_GOTO_PERIOD_month_lat009_lon046_201902_20190201_20190228.nc,0
planned,month,2019-03,CHL,cmems_obs-oc_glo_bgc-plankton_my_l4-gapfree-multi-4km_P1D,CHL,lat009_lon046,9,46,-45.25,-39.75,49.75,55.25,5.0,5.0,0.25,5.5,5.5,2019-03-01,2019-03-01,1,1,321,94,1,133,133,500000,external_inputs/environment/goto_chl,CHL_GOTO_PERIOD_month_lat009_lon046_201903_20190301_20190301.nc,external_inputs/environment/goto_chl/CHL_GOTO_PERIOD_month_lat009_lon046_201903_20190301_20190301.nc,0
planned,month,2003-04,CHL,cmems_obs-oc_glo_bgc-plankton_my_l4-gapfree-multi-4km_P1D,CHL,lat009_lon047,9,47,-45.25,-39.75,54.75,60.25,5.0,5.0,0.25,5.5,5.5,2003-04-10,2003-04-11,2,2,252,54,2,133,133,849072,external_inputs/environment/goto_chl,CHL_GOTO_PERIOD_month_lat009_lon047_200304_20030410_20030411.nc,external_inputs/environment/goto_chl/CHL_GOTO_PERIOD_month_lat009_lon047_200304_20030410_20030411.nc,0
planned,month,2016-01,CHL,cmems_obs-oc_glo_bgc-plankton_my_l4-gapfree-multi-4km_P1D,CHL,lat009_lon047,9,47,-45.25,-39.75,54.75,60.25,5.0,5.0,0.25,5.5,5.5,2016-01-21,2016-01-27,7,7,1450,349,10,133,133,2971752,external_inputs/environment/goto_chl,CHL_GOTO_PERIOD_month_lat009_lon047_201601_20160121_20160127.nc,external_inputs/environment/goto_chl/CHL_GOTO_PERIOD_month_lat009_lon047_201601_20160121_20160127.nc,0
planned,month,2017-01,CHL,cmems_obs-oc_glo_bgc-plankton_my_l4-gapfree-multi-4km_P1D,CHL,lat009_lon047,9,47,-45.25,-39.75,54.75,60.25,5.0,5.0,0.25,5.5,5.5,2017-01-23,2017-01-23,1,1,6,2,2,133,133,500000,external_inputs/environment/goto_chl,CHL_GOTO_PERIOD_month_lat009_lon047_201701_20170123_20170123.nc,external_inputs/environment/goto_chl/CHL_GOTO_PERIOD_month_lat009_lon047_201701_20170123_20170123.nc,0
planned,month,2017-02,CHL,cmems_obs-oc_glo_bgc-plankton_my_l4-gapfree-multi-4km_P1D,CHL,lat009_lon047,9,47,-45.25,-39.75,54.75,60.25,5.0,5.0,0.25,5.5,5.5,2017-02-23,2017-02-28,6,6,709,216,6,133,133,2547216,external_inputs/environment/goto_chl,CHL_GOTO_PERIOD_month_lat009_lon047_201702_20170223_20170228.nc,external_inputs/environment/goto_chl/CHL_GOTO_PERIOD_month_lat009_lon047_201702_20170223_20170228.nc,0
planned,month,2017-03,CHL,cmems_obs-oc_glo_bgc-plankton_my_l4-gapfree-multi-4km_P1D,CHL,lat009_lon047,9,47,-45.25,-39.75,54.75,60.25,5.0,5.0,0.25,5.5,5.5,2017-03-01,2017-03-04,4,4,431,185,4,133,133,1698144,external_inputs/environment/goto_chl,CHL_GOTO_PERIOD_month_lat009_lon047_201703_20170301_20170304.nc,external_inputs/environment/goto_chl/CHL_GOTO_PERIOD_month_lat009_lon047_201703_20170301_20170304.nc,0
planned,month,2018-01,CHL,cmems_obs-oc_glo_bgc-plankton_my_l4-gapfree-multi-4km_P1D,CHL,lat009_lon047,9,47,-45.25,-39.75,54.75,60.25,5.0,5.0,0.25,5.5,5.5,2018-01-21,2018-01-25,5,3,147,32,3,133,133,2122680,external_inputs/environment/goto_chl,CHL_GOTO_PERIOD_month_lat009_lon047_201801_20180121_20180125.nc,external_inputs/environment/goto_chl/CHL_GOTO_PERIOD_month_lat009_lon047_201801_20180121_20180125.nc,0
planned,month,2018-02,CHL,cmems_obs-oc_glo_bgc-plankton_my_l4-gapfree-multi-4km_P1D,CHL,lat009_lon047,9,47,-45.25,-39.75,54.75,60.25,5.0,5.0,0.25,5.5,5.5,2018-02-27,2018-02-27,1,1,25,5,1,133,133,500000,external_inputs/environment/goto_chl,CHL_GOTO_PERIOD_month_lat009_lon047_201802_20180227_20180227.nc,external_inputs/environment/goto_chl/CHL_GOTO_PERIOD_month_lat009_lon047_201802_20180227_20180227.nc,0
planned,month,2019-01,CHL,cmems_obs-oc_glo_bgc-plankton_my_l4-gapfree-multi-4km_P1D,CHL,lat009_lon047,9,47,-45.25,-39.75,54.75,60.25,5.0,5.0,0.25,5.5,5.5,2019-01-27,2019-01-31,5,5,865,258,8,133,133,2122680,external_inputs/environment/goto_chl,CHL_GOTO_PERIOD_month_lat009_lon047_201901_20190127_20190131.nc,external_inputs/environment/goto_chl/CHL_GOTO_PERIOD_month_lat009_lon047_201901_20190127_20190131.nc,0
planned,month,2019-02,CHL,cmems_obs-oc_glo_bgc-plankton_my_l4-gapfree-multi-4km_P1D,CHL,lat009_lon047,9,47,-45.25,-39.75,54.75,60.25,5.0,5.0,0.25,5.5,5.5,2019-02-03,2019-02-21,19,13,4579,1044,20,133,133,8066184,external_inputs/environment/goto_chl,CHL_GOTO_PERIOD_month_lat009_lon047_201902_20190203_20190221.nc,external_inputs/environment/goto_chl/CHL_GOTO_PERIOD_month_lat009_lon047_201902_20190203_20190221.nc,0
planned,month,2016-01,CHL,cmems_obs-oc_glo_bgc-plankton_my_l4-gapfree-multi-4km_P1D,CHL,lat009_lon048,9,48,-45.25,-39.75,59.75,65.25,5.0,5.0,0.25,5.5,5.5,2016-01-22,2016-01-26,5,5,905,219,6,133,133,2122680,external_inputs/environment/goto_chl,CHL_GOTO_PERIOD_month_lat009_lon048_201601_20160122_20160126.nc,external_inputs/environment/goto_chl/CHL_GOTO_PERIOD_month_lat009_lon048_201601_20160122_20160126.nc,0
planned,month,2016-02,CHL,cmems_obs-oc_glo_bgc-plankton_my_l4-gapfree-multi-4km_P1D,CHL,lat009_lon048,9,48,-45.25,-39.75,59.75,65.25,5.0,5.0,0.25,5.5,5.5,2016-02-06,2016-02-07,2,2,785,163,2,133,133,849072,external_inputs/environment/goto_chl,CHL_GOTO_PERIOD_month_lat009_lon048_201602_20160206_20160207.nc,external_inputs/environment/goto_chl/CHL_GOTO_PERIOD_month_lat009_lon048_201602_20160206_20160207.nc,0
planned,month,2017-02,CHL,cmems_obs-oc_glo_bgc-plankton_my_l4-gapfree-multi-4km_P1D,CHL,lat009_lon048,9,48,-45.25,-39.75,59.75,65.25,5.0,5.0,0.25,5.5,5.5,2017-02-25,2017-02-26,2,2,192,45,2,133,133,849072,external_inputs/environment/goto_chl,CHL_GOTO_PERIOD_month_lat009_lon048_201702_20170225_20170226.nc,external_inputs/environment/goto_chl/CHL_GOTO_PERIOD_month_lat009_lon048_201702_20170225_20170226.nc,0
planned,month,2018-01,CHL,cmems_obs-oc_glo_bgc-plankton_my_l4-gapfree-multi-4km_P1D,CHL,lat009_lon048,9,48,-45.25,-39.75,59.75,65.25,5.0,5.0,0.25,5.5,5.5,2018-01-21,2018-01-24,4,2,126,26,2,133,133,1698144,external_inputs/environment/goto_chl,CHL_GOTO_PERIOD_month_lat009_lon048_201801_20180121_20180124.nc,external_inputs/environment/goto_chl/CHL_GOTO_PERIOD_month_lat009_lon048_201801_20180121_20180124.nc,0
planned,month,2018-02,CHL,cmems_obs-oc_glo_bgc-plankton_my_l4-gapfree-multi-4km_P1D,CHL,lat009_lon048,9,48,-45.25,-39.75,59.75,65.25,5.0,5.0,0.25,5.5,5.5,2018-02-27,2018-02-27,1,1,162,38,1,133,133,500000,external_inputs/environment/goto_chl,CHL_GOTO_PERIOD_month_lat009_lon048_201802_20180227_20180227.nc,external_inputs/environment/goto_chl/CHL_GOTO_PERIOD_month_lat009_lon048_201802_20180227_20180227.nc,0
planned,month,2019-01,CHL,cmems_obs-oc_glo_bgc-plankton_my_l4-gapfree-multi-4km_P1D,CHL,lat009_lon048,9,48,-45.25,-39.75,59.75,65.25,5.0,5.0,0.25,5.5,5.5,2019-01-31,2019-01-31,1,1,45,17,1,133,133,500000,external_inputs/environment/goto_chl,CHL_GOTO_PERIOD_month_lat009_lon048_201901_20190131_20190131.nc,external_inputs/environment/goto_chl/CHL_GOTO_PERIOD_month_lat009_lon048_201901_20190131_20190131.nc,0
planned,month,2019-02,CHL,cmems_obs-oc_glo_bgc-plankton_my_l4-gapfree-multi-4km_P1D,CHL,lat009_lon048,9,48,-45.25,-39.75,59.75,65.25,5.0,5.0,0.25,5.5,5.5,2019-02-01,2019-02-26,26,12,2437,592,12,133,133,11037936,external_inputs/environment/goto_chl,CHL_GOTO_PERIOD_month_lat009_lon048_201902_20190201_20190226.nc,external_inputs/environment/goto_chl/CHL_GOTO_PERIOD_month_lat009_lon048_201902_20190201_20190226.nc,0
planned,month,2016-02,CHL,cmems_obs-oc_glo_bgc-plankton_my_l4-gapfree-multi-4km_P1D,CHL,lat009_lon049,9,49,-45.25,-39.75,64.75,70.25,5.0,5.0,0.25,5.5,5.5,2016-02-06,2016-02-06,1,1,30,12,1,133,133,500000,external_inputs/environment/goto_chl,CHL_GOTO_PERIOD_month_lat009_lon049_201602_20160206_20160206.nc,external_inputs/environment/goto_chl/CHL_GOTO_PERIOD_month_lat009_lon049_201602_20160206_20160206.nc,0
planned,month,2018-01,CHL,cmems_obs-oc_glo_bgc-plankton_my_l4-gapfree-multi-4km_P1D,CHL,lat009_lon049,9,49,-45.25,-39.75,64.75,70.25,5.0,5.0,0.25,5.5,5.5,2018-01-20,2018-01-22,3,3,89,32,3,133,133,1273608,external_inputs/environment/goto_chl,CHL_GOTO_PERIOD_month_lat009_lon049_201801_20180120_20180122.nc,external_inputs/environment/goto_chl/CHL_GOTO_PERIOD_month_lat009_lon049_201801_20180120_20180122.nc,0
planned,month,2018-03,CHL,cmems_obs-oc_glo_bgc-plankton_my_l4-gapfree-multi-4km_P1D,CHL,lat009_lon049,9,49,-45.25,-39.75,64.75,70.25,5.0,5.0,0.25,5.5,5.5,2018-03-02,2018-03-06,5,4,1099,300,4,133,133,2122680,external_inputs/environment/goto_chl,CHL_GOTO_PERIOD_month_lat009_lon049_201803_20180302_20180306.nc,external_inputs/environment/goto_chl/CHL_GOTO_PERIOD_month_lat009_lon049_201803_20180302_20180306.nc,0
planned,month,2019-01,CHL,cmems_obs-oc_glo_bgc-plankton_my_l4-gapfree-multi-4km_P1D,CHL,lat009_lon049,9,49,-45.25,-39.75,64.75,70.25,5.0,5.0,0.25,5.5,5.5,2019-01-30,2019-01-30,1,1,1,1,1,133,133,500000,external_inputs/environment/goto_chl,CHL_GOTO_PERIOD_month_lat009_lon049_201901_20190130_20190130.nc,external_inputs/environment/goto_chl/CHL_GOTO_PERIOD_month_lat009_lon049_201901_20190130_20190130.nc,0
planned,month,2019-02,CHL,cmems_obs-oc_glo_bgc-plankton_my_l4-gapfree-multi-4km_P1D,CHL,lat009_lon049,9,49,-45.25,-39.75,64.75,70.25,5.0,5.0,0.25,5.5,5.5,2019-02-09,2019-02-27,19,7,730,235,7,133,133,8066184,external_inputs/environment/goto_chl,CHL_GOTO_PERIOD_month_lat009_lon049_201902_20190209_20190227.nc,external_inputs/environment/goto_chl/CHL_GOTO_PERIOD_month_lat009_lon049_201902_20190209_20190227.nc,0
planned,month,2018-01,CHL,cmems_obs-oc_glo_bgc-plankton_my_l4-gapfree-multi-4km_P1D,CHL,lat009_lon050,9,50,-45.25,-39.75,69.75,75.25,5.0,5.0,0.25,5.5,5.5,2018-01-20,2018-01-20,1,1,5,5,1,133,133,500000,external_inputs/environment/goto_chl,CHL_GOTO_PERIOD_month_lat009_lon050_201801_20180120_20180120.nc,external_inputs/environment/goto_chl/CHL_GOTO_PERIOD_month_lat009_lon050_201801_20180120_20180120.nc,0
planned,month,2018-03,CHL,cmems_obs-oc_glo_bgc-plankton_my_l4-gapfree-multi-4km_P1D,CHL,lat009_lon050,9,50,-45.25,-39.75,69.75,75.25,5.0,5.0,0.25,5.5,5.5,2018-03-02,2018-03-06,5,3,157,61,3,133,133,2122680,external_inputs/environment/goto_chl,CHL_GOTO_PERIOD_month_lat009_lon050_201803_20180302_20180306.nc,external_inputs/environment/goto_chl/CHL_GOTO_PERIOD_month_lat009_lon050_201803_20180302_20180306.nc,0
planned,month,2019-01,CHL,cmems_obs-oc_glo_bgc-plankton_my_l4-gapfree-multi-4km_P1D,CHL,lat009_lon050,9,50,-45.25,-39.75,69.75,75.25,5.0,5.0,0.25,5.5,5.5,2019-01-30,2019-01-30,1,1,43,22,1,133,133,500000,external_inputs/environment/goto_chl,CHL_GOTO_PERIOD_month_lat009_lon050_201901_20190130_20190130.nc,external_inputs/environment/goto_chl/CHL_GOTO_PERIOD_month_lat009_lon050_201901_20190130_20190130.nc,0
planned,month,2019-02,CHL,cmems_obs-oc_glo_bgc-plankton_my_l4-gapfree-multi-4km_P1D,CHL,lat009_lon050,9,50,-45.25,-39.75,69.75,75.25,5.0,5.0,0.25,5.5,5.5,2019-02-10,2019-02-22,13,7,2036,431,7,133,133,5518968,external_inputs/environment/goto_chl,CHL_GOTO_PERIOD_month_lat009_lon050_201902_20190210_20190222.nc,external_inputs/environment/goto_chl/CHL_GOTO_PERIOD_month_lat009_lon050_201902_20190210_20190222.nc,0
planned,month,2019-01,CHL,cmems_obs-oc_glo_bgc-plankton_my_l4-gapfree-multi-4km_P1D,CHL,lat010_lon040,10,40,-40.25,-34.75,19.75,25.25,5.0,5.0,0.25,5.5,5.5,2019-01-24,2019-01-26,3,3,897,214,4,133,133,1273608,external_inputs/environment/goto_chl,CHL_GOTO_PERIOD_month_lat010_lon040_201901_20190124_20190126.nc,external_inputs/environment/goto_chl/CHL_GOTO_PERIOD_month_lat010_lon040_201901_20190124_20190126.nc,0
planned,month,2016-02,CHL,cmems_obs-oc_glo_bgc-plankton_my_l4-gapfree-multi-4km_P1D,CHL,lat010_lon041,10,41,-40.25,-34.75,24.75,30.25,5.0,5.0,0.25,5.5,5.5,2016-02-11,2016-02-14,4,3,384,80,3,133,133,1698144,external_inputs/environment/goto_chl,CHL_GOTO_PERIOD_month_lat010_lon041_201602_20160211_20160214.nc,external_inputs/environment/goto_chl/CHL_GOTO_PERIOD_month_lat010_lon041_201602_20160211_20160214.nc,0
planned,month,2017-02,CHL,cmems_obs-oc_glo_bgc-plankton_my_l4-gapfree-multi-4km_P1D,CHL,lat010_lon041,10,41,-40.25,-34.75,24.75,30.25,5.0,5.0,0.25,5.5,5.5,2017-02-26,2017-02-27,2,2,224,46,2,133,133,849072,external_inputs/environment/goto_chl,CHL_GOTO_PERIOD_month_lat010_lon041_201702_20170226_20170227.nc,external_inputs/environment/goto_chl/CHL_GOTO_PERIOD_month_lat010_lon041_201702_20170226_20170227.nc,0
planned,month,2018-01,CHL,cmems_obs-oc_glo_bgc-plankton_my_l4-gapfree-multi-4km_P1D,CHL,lat010_lon041,10,41,-40.25,-34.75,24.75,30.25,5.0,5.0,0.25,5.5,5.5,2018-01-30,2018-01-30,1,1,265,53,1,133,133,500000,external_inputs/environment/goto_chl,CHL_GOTO_PERIOD_month_lat010_lon041_201801_20180130_20180130.nc,external_inputs/environment/goto_chl/CHL_GOTO_PERIOD_month_lat010_lon041_201801_20180130_20180130.nc,0
planned,month,2016-02,CHL,cmems_obs-oc_glo_bgc-plankton_my_l4-gapfree-multi-4km_P1D,CHL,lat010_lon042,10,42,-40.25,-34.75,29.75,35.25,5.0,5.0,0.25,5.5,5.5,2016-02-10,2016-02-23,14,8,674,165,8,133,133,5943504,external_inputs/environment/goto_chl,CHL_GOTO_PERIOD_month_lat010_lon042_201602_20160210_20160223.nc,external_inputs/environment/goto_chl/CHL_GOTO_PERIOD_month_lat010_lon042_201602_20160210_20160223.nc,0
planned,month,2017-02,CHL,cmems_obs-oc_glo_bgc-plankton_my_l4-gapfree-multi-4km_P1D,CHL,lat010_lon042,10,42,-40.25,-34.75,29.75,35.25,5.0,5.0,0.25,5.5,5.5,2017-02-27,2017-02-27,1,1,45,9,1,133,133,500000,external_inputs/environment/goto_chl,CHL_GOTO_PERIOD_month_lat010_lon042_201702_20170227_20170227.nc,external_inputs/environment/goto_chl/CHL_GOTO_PERIOD_month_lat010_lon042_201702_20170227_20170227.nc,0
planned,month,2018-01,CHL,cmems_obs-oc_glo_bgc-plankton_my_l4-gapfree-multi-4km_P1D,CHL,lat010_lon042,10,42,-40.25,-34.75,29.75,35.25,5.0,5.0,0.25,5.5,5.5,2018-01-30,2018-01-31,2,2,571,117,2,133,133,849072,external_inputs/environment/goto_chl,CHL_GOTO_PERIOD_month_lat010_lon042_201801_20180130_20180131.nc,external_inputs/environment/goto_chl/CHL_GOTO_PERIOD_month_lat010_lon042_201801_20180130_20180131.nc,0
planned,month,2019-01,CHL,cmems_obs-oc_glo_bgc-plankton_my_l4-gapfree-multi-4km_P1D,CHL,lat010_lon042,10,42,-40.25,-34.75,29.75,35.25,5.0,5.0,0.25,5.5,5.5,2019-01-30,2019-01-31,2,2,687,164,3,133,133,849072,external_inputs/environment/goto_chl,CHL_GOTO_PERIOD_month_lat010_lon042_201901_20190130_20190131.nc,external_inputs/environment/goto_chl/CHL_GOTO_PERIOD_month_lat010_lon042_201901_20190130_20190131.nc,0
planned,month,2019-02,CHL,cmems_obs-oc_glo_bgc-plankton_my_l4-gapfree-multi-4km_P1D,CHL,lat010_lon042,10,42,-40.25,-34.75,29.75,35.25,5.0,5.0,0.25,5.5,5.5,2019-02-01,2019-02-26,26,8,2835,635,10,133,133,11037936,external_inputs/environment/goto_chl,CHL_GOTO_PERIOD_month_lat010_lon042_201902_20190201_20190226.nc,external_inputs/environment/goto_chl/CHL_GOTO_PERIOD_month_lat010_lon042_201902_20190201_20190226.nc,0
planned,month,2016-02,CHL,cmems_obs-oc_glo_bgc-plankton_my_l4-gapfree-multi-4km_P1D,CHL,lat010_lon043,10,43,-40.25,-34.75,34.75,40.25,5.0,5.0,0.25,5.5,5.5,2016-02-10,2016-02-26,17,11,814,248,12,133,133,7217112,external_inputs/environment/goto_chl,CHL_GOTO_PERIOD_month_lat010_lon043_201602_20160210_20160226.nc,external_inputs/environment/goto_chl/CHL_GOTO_PERIOD_month_lat010_lon043_201602_20160210_20160226.nc,0
planned,month,2017-02,CHL,cmems_obs-oc_glo_bgc-plankton_my_l4-gapfree-multi-4km_P1D,CHL,lat010_lon043,10,43,-40.25,-34.75,34.75,40.25,5.0,5.0,0.25,5.5,5.5,2017-02-24,2017-02-28,5,3,380,81,4,133,133,2122680,external_inputs/environment/goto_chl,CHL_GOTO_PERIOD_month_lat010_lon043_201702_20170224_20170228.nc,external_inputs/environment/goto_chl/CHL_GOTO_PERIOD_month_lat010_lon043_201702_20170224_20170228.nc,0
planned,month,2017-03,CHL,cmems_obs-oc_glo_bgc-plankton_my_l4-gapfree-multi-4km_P1D,CHL,lat010_lon043,10,43,-40.25,-34.75,34.75,40.25,5.0,5.0,0.25,5.5,5.5,2017-03-04,2017-03-06,3,3,1361,310,3,133,133,1273608,external_inputs/environment/goto_chl,CHL_GOTO_PERIOD_month_lat010_lon043_201703_20170304_20170306.nc,external_inputs/environment/goto_chl/CHL_GOTO_PERIOD_month_lat010_lon043_201703_20170304_20170306.nc,0
planned,month,2018-01,CHL,cmems_obs-oc_glo_bgc-plankton_my_l4-gapfree-multi-4km_P1D,CHL,lat010_lon043,10,43,-40.25,-34.75,34.75,40.25,5.0,5.0,0.25,5.5,5.5,2018-01-25,2018-01-31,7,6,1507,335,6,133,133,2971752,external_inputs/environment/goto_chl,CHL_GOTO_PERIOD_month_lat010_lon043_201801_20180125_20180131.nc,external_inputs/environment/goto_chl/CHL_GOTO_PERIOD_month_lat010_lon043_201801_20180125_20180131.nc,0
planned,month,2019-01,CHL,cmems_obs-oc_glo_bgc-plankton_my_l4-gapfree-multi-4km_P1D,CHL,lat010_lon043,10,43,-40.25,-34.75,34.75,40.25,5.0,5.0,0.25,5.5,5.5,2019-01-28,2019-01-31,4,4,1165,256,5,133,133,1698144,external_inputs/environment/goto_chl,CHL_GOTO_PERIOD_month_lat010_lon043_201901_20190128_20190131.nc,external_inputs/environment/goto_chl/CHL_GOTO_PERIOD_month_lat010_lon043_201901_20190128_20190131.nc,0
planned,month,2019-02,CHL,cmems_obs-oc_glo_bgc-plankton_my_l4-gapfree-multi-4km_P1D,CHL,lat010_lon043,10,43,-40.25,-34.75,34.75,40.25,5.0,5.0,0.25,5.5,5.5,2019-02-01,2019-02-26,26,8,1949,542,12,133,133,11037936,external_inputs/environment/goto_chl,CHL_GOTO_PERIOD_month_lat010_lon043_201902_20190201_20190226.nc,external_inputs/environment/goto_chl/CHL_GOTO_PERIOD_month_lat010_lon043_201902_20190201_20190226.nc,0
planned,month,2016-01,CHL,cmems_obs-oc_glo_bgc-plankton_my_l4-gapfree-multi-4km_P1D,CHL,lat010_lon044,10,44,-40.25,-34.75,39.75,45.25,5.0,5.0,0.25,5.5,5.5,2016-01-18,2016-01-22,5,5,728,167,6,133,133,2122680,external_inputs/environment/goto_chl,CHL_GOTO_PERIOD_month_lat010_lon044_201601_20160118_20160122.nc,external_inputs/environment/goto_chl/CHL_GOTO_PERIOD_month_lat010_lon044_201601_20160118_20160122.nc,0
planned,month,2016-02,CHL,cmems_obs-oc_glo_bgc-plankton_my_l4-gapfree-multi-4km_P1D,CHL,lat010_lon044,10,44,-40.25,-34.75,39.75,45.25,5.0,5.0,0.25,5.5,5.5,2016-02-07,2016-02-27,21,11,2079,525,13,133,133,8915256,external_inputs/environment/goto_chl,CHL_GOTO_PERIOD_month_lat010_lon044_201602_20160207_20160227.nc,external_inputs/environment/goto_chl/CHL_GOTO_PERIOD_month_lat010_lon044_201602_20160207_20160227.nc,0
planned,month,2016-03,CHL,cmems_obs-oc_glo_bgc-plankton_my_l4-gapfree-multi-4km_P1D,CHL,lat010_lon044,10,44,-40.25,-34.75,39.75,45.25,5.0,5.0,0.25,5.5,5.5,2016-03-01,2016-03-02,2,2,1064,224,3,133,133,849072,external_inputs/environment/goto_chl,CHL_GOTO_PERIOD_month_lat010_lon044_201603_20160301_20160302.nc,external_inputs/environment/goto_chl/CHL_GOTO_PERIOD_month_lat010_lon044_201603_20160301_20160302.nc,0
planned,month,2017-02,CHL,cmems_obs-oc_glo_bgc-plankton_my_l4-gapfree-multi-4km_P1D,CHL,lat010_lon044,10,44,-40.25,-34.75,39.75,45.25,5.0,5.0,0.25,5.5,5.5,2017-02-21,2017-02-25,5,5,795,184,5,133,133,2122680,external_inputs/environment/goto_chl,CHL_GOTO_PERIOD_month_lat010_lon044_201702_20170221_20170225.nc,external_inputs/environment/goto_chl/CHL_GOTO_PERIOD_month_lat010_lon044_201702_20170221_20170225.nc,0
planned,month,2017-03,CHL,cmems_obs-oc_glo_bgc-plankton_my_l4-gapfree-multi-4km_P1D,CHL,lat010_lon044,10,44,-40.25,-34.75,39.75,45.25,5.0,5.0,0.25,5.5,5.5,2017-03-06,2017-03-08,3,3,507,154,3,133,133,1273608,external_inputs/environment/goto_chl,CHL_GOTO_PERIOD_month_lat010_lon044_201703_20170306_20170308.nc,external_inputs/environment/goto_chl/CHL_GOTO_PERIOD_month_lat010_lon044_201703_20170306_20170308.nc,0
planned,month,2018-01,CHL,cmems_obs-oc_glo_bgc-plankton_my_l4-gapfree-multi-4km_P1D,CHL,lat010_lon044,10,44,-40.25,-34.75,39.75,45.25,5.0,5.0,0.25,5.5,5.5,2018-01-25,2018-01-30,6,3,464,127,3,133,133,2547216,external_inputs/environment/goto_chl,CHL_GOTO_PERIOD_month_lat010_lon044_201801_20180125_20180130.nc,external_inputs/environment/goto_chl/CHL_GOTO_PERIOD_month_lat010_lon044_201801_20180125_20180130.nc,0
planned,month,2018-04,CHL,cmems_obs-oc_glo_bgc-plankton_my_l4-gapfree-multi-4km_P1D,CHL,lat010_lon044,10,44,-40.25,-34.75,39.75,45.25,5.0,5.0,0.25,5.5,5.5,2018-04-02,2018-04-02,1,1,2,1,1,133,133,500000,external_inputs/environment/goto_chl,CHL_GOTO_PERIOD_month_lat010_lon044_201804_20180402_20180402.nc,external_inputs/environment/goto_chl/CHL_GOTO_PERIOD_month_lat010_lon044_201804_20180402_20180402.nc,0
planned,month,2019-01,CHL,cmems_obs-oc_glo_bgc-plankton_my_l4-gapfree-multi-4km_P1D,CHL,lat010_lon044,10,44,-40.25,-34.75,39.75,45.25,5.0,5.0,0.25,5.5,5.5,2019-01-25,2019-01-31,7,7,2970,695,11,133,133,2971752,external_inputs/environment/goto_chl,CHL_GOTO_PERIOD_month_lat010_lon044_201901_20190125_20190131.nc,external_inputs/environment/goto_chl/CHL_GOTO_PERIOD_month_lat010_lon044_201901_20190125_20190131.nc,0
planned,month,2019-02,CHL,cmems_obs-oc_glo_bgc-plankton_my_l4-gapfree-multi-4km_P1D,CHL,lat010_lon044,10,44,-40.25,-34.75,39.75,45.25,5.0,5.0,0.25,5.5,5.5,2019-02-01,2019-02-27,27,19,5471,1253,25,133,133,11462472,external_inputs/environment/goto_chl,CHL_GOTO_PERIOD_month_lat010_lon044_201902_20190201_20190227.nc,external_inputs/environment/goto_chl/CHL_GOTO_PERIOD_month_lat010_lon044_201902_20190201_20190227.nc,0
planned,month,2019-03,CHL,cmems_obs-oc_glo_bgc-plankton_my_l4-gapfree-multi-4km_P1D,CHL,lat010_lon044,10,44,-40.25,-34.75,39.75,45.25,5.0,5.0,0.25,5.5,5.5,2019-03-04,2019-03-05,2,2,418,93,3,133,133,849072,external_inputs/environment/goto_chl,CHL_GOTO_PERIOD_month_lat010_lon044_201903_20190304_20190305.nc,external_inputs/environment/goto_chl/CHL_GOTO_PERIOD_month_lat010_lon044_201903_20190304_20190305.nc,0
planned,month,2003-04,CHL,cmems_obs-oc_glo_bgc-plankton_my_l4-gapfree-multi-4km_P1D,CHL,lat010_lon045,10,45,-40.25,-34.75,44.75,50.25,5.0,5.0,0.25,5.5,5.5,2003-04-11,2003-04-13,3,3,187,53,4,133,133,1273608,external_inputs/environment/goto_chl,CHL_GOTO_PERIOD_month_lat010_lon045_200304_20030411_20030413.nc,external_inputs/environment/goto_chl/CHL_GOTO_PERIOD_month_lat010_lon045_200304_20030411_20030413.nc,0
planned,month,2016-01,CHL,cmems_obs-oc_glo_bgc-plankton_my_l4-gapfree-multi-4km_P1D,CHL,lat010_lon045,10,45,-40.25,-34.75,44.75,50.25,5.0,5.0,0.25,5.5,5.5,2016-01-17,2016-01-19,3,3,1163,257,6,133,133,1273608,external_inputs/environment/goto_chl,CHL_GOTO_PERIOD_month_lat010_lon045_201601_20160117_20160119.nc,external_inputs/environment/goto_chl/CHL_GOTO_PERIOD_month_lat010_lon045_201601_20160117_20160119.nc,0
planned,month,2016-02,CHL,cmems_obs-oc_glo_bgc-plankton_my_l4-gapfree-multi-4km_P1D,CHL,lat010_lon045,10,45,-40.25,-34.75,44.75,50.25,5.0,5.0,0.25,5.5,5.5,2016-02-05,2016-02-27,23,9,579,151,10,133,133,9764328,external_inputs/environment/goto_chl,CHL_GOTO_PERIOD_month_lat010_lon045_201602_20160205_20160227.nc,external_inputs/environment/goto_chl/CHL_GOTO_PERIOD_month_lat010_lon045_201602_20160205_20160227.nc,0
planned,month,2017-03,CHL,cmems_obs-oc_glo_bgc-plankton_my_l4-gapfree-multi-4km_P1D,CHL,lat010_lon045,10,45,-40.25,-34.75,44.75,50.25,5.0,5.0,0.25,5.5,5.5,2017-03-08,2017-03-09,2,2,119,25,2,133,133,849072,external_inputs/environment/goto_chl,CHL_GOTO_PERIOD_month_lat010_lon045_201703_20170308_20170309.nc,external_inputs/environment/goto_chl/CHL_GOTO_PERIOD_month_lat010_lon045_201703_20170308_20170309.nc,0
planned,month,2018-03,CHL,cmems_obs-oc_glo_bgc-plankton_my_l4-gapfree-multi-4km_P1D,CHL,lat010_lon045,10,45,-40.25,-34.75,44.75,50.25,5.0,5.0,0.25,5.5,5.5,2018-03-03,2018-03-31,29,4,1428,307,4,133,133,12311544,external_inputs/environment/goto_chl,CHL_GOTO_PERIOD_month_lat010_lon045_201803_20180303_20180331.nc,external_inputs/environment/goto_chl/CHL_GOTO_PERIOD_month_lat010_lon045_201803_20180303_20180331.nc,0
planned,month,2018-04,CHL,cmems_obs-oc_glo_bgc-plankton_my_l4-gapfree-multi-4km_P1D,CHL,lat010_lon045,10,45,-40.25,-34.75,44.75,50.25,5.0,5.0,0.25,5.5,5.5,2018-04-01,2018-04-02,2,2,545,118,3,133,133,849072,external_inputs/environment/goto_chl,CHL_GOTO_PERIOD_month_lat010_lon045_201804_20180401_20180402.nc,external_inputs/environment/goto_chl/CHL_GOTO_PERIOD_month_lat010_lon045_201804_20180401_20180402.nc,0
planned,month,2019-01,CHL,cmems_obs-oc_glo_bgc-plankton_my_l4-gapfree-multi-4km_P1D,CHL,lat010_lon045,10,45,-40.25,-34.75,44.75,50.25,5.0,5.0,0.25,5.5,5.5,2019-01-21,2019-01-31,11,8,4786,1062,13,133,133,4669896,external_inputs/environment/goto_chl,CHL_GOTO_PERIOD_month_lat010_lon045_201901_20190121_20190131.nc,external_inputs/environment/goto_chl/CHL_GOTO_PERIOD_month_lat010_lon045_201901_20190121_20190131.nc,0
planned,month,2019-02,CHL,cmems_obs-oc_glo_bgc-plankton_my_l4-gapfree-multi-4km_P1D,CHL,lat010_lon045,10,45,-40.25,-34.75,44.75,50.25,5.0,5.0,0.25,5.5,5.5,2019-02-01,2019-02-28,28,19,7290,1648,28,133,133,11887008,external_inputs/environment/goto_chl,CHL_GOTO_PERIOD_month_lat010_lon045_201902_20190201_20190228.nc,external_inputs/environment/goto_chl/CHL_GOTO_PERIOD_month_lat010_lon045_201902_20190201_20190228.nc,0
planned,month,2019-03,CHL,cmems_obs-oc_glo_bgc-plankton_my_l4-gapfree-multi-4km_P1D,CHL,lat010_lon045,10,45,-40.25,-34.75,44.75,50.25,5.0,5.0,0.25,5.5,5.5,2019-03-04,2019-03-04,1,1,6,6,1,133,133,500000,external_inputs/environment/goto_chl,CHL_GOTO_PERIOD_month_lat010_lon045_201903_20190304_20190304.nc,external_inputs/environment/goto_chl/CHL_GOTO_PERIOD_month_lat010_lon045_201903_20190304_20190304.nc,0
planned,month,2003-04,CHL,cmems_obs-oc_glo_bgc-plankton_my_l4-gapfree-multi-4km_P1D,CHL,lat010_lon046,10,46,-40.25,-34.75,49.75,55.25,5.0,5.0,0.25,5.5,5.5,2003-04-11,2003-04-13,3,3,2918,596,5,133,133,1273608,external_inputs/environment/goto_chl,CHL_GOTO_PERIOD_month_lat010_lon046_200304_20030411_20030413.nc,external_inputs/environment/goto_chl/CHL_GOTO_PERIOD_month_lat010_lon046_200304_20030411_20030413.nc,0
planned,month,2016-01,CHL,cmems_obs-oc_glo_bgc-plankton_my_l4-gapfree-multi-4km_P1D,CHL,lat010_lon046,10,46,-40.25,-34.75,49.75,55.25,5.0,5.0,0.25,5.5,5.5,2016-01-17,2016-01-27,11,2,314,117,2,133,133,4669896,external_inputs/environment/goto_chl,CHL_GOTO_PERIOD_month_lat010_lon046_201601_20160117_20160127.nc,external_inputs/environment/goto_chl/CHL_GOTO_PERIOD_month_lat010_lon046_201601_20160117_20160127.nc,0
planned,month,2016-02,CHL,cmems_obs-oc_glo_bgc-plankton_my_l4-gapfree-multi-4km_P1D,CHL,lat010_lon046,10,46,-40.25,-34.75,49.75,55.25,5.0,5.0,0.25,5.5,5.5,2016-02-09,2016-02-10,2,2,516,105,2,133,133,849072,external_inputs/environment/goto_chl,CHL_GOTO_PERIOD_month_lat010_lon046_201602_20160209_20160210.nc,external_inputs/environment/goto_chl/CHL_GOTO_PERIOD_month_lat010_lon046_201602_20160209_20160210.nc,0
planned,month,2018-02,CHL,cmems_obs-oc_glo_bgc-plankton_my_l4-gapfree-multi-4km_P1D,CHL,lat010_lon046,10,46,-40.25,-34.75,49.75,55.25,5.0,5.0,0.25,5.5,5.5,2018-02-28,2018-02-28,1,1,803,167,1,133,133,500000,external_inputs/environment/goto_chl,CHL_GOTO_PERIOD_month_lat010_lon046_201802_20180228_20180228.nc,external_inputs/environment/goto_chl/CHL_GOTO_PERIOD_month_lat010_lon046_201802_20180228_20180228.nc,0
planned,month,2018-03,CHL,cmems_obs-oc_glo_bgc-plankton_my_l4-gapfree-multi-4km_P1D,CHL,lat010_lon046,10,46,-40.25,-34.75,49.75,55.25,5.0,5.0,0.25,5.5,5.5,2018-03-01,2018-03-04,4,4,3682,749,4,133,133,1698144,external_inputs/environment/goto_chl,CHL_GOTO_PERIOD_month_lat010_lon046_201803_20180301_20180304.nc,external_inputs/environment/goto_chl/CHL_GOTO_PERIOD_month_lat010_lon046_201803_20180301_20180304.nc,0
planned,month,2019-01,CHL,cmems_obs-oc_glo_bgc-plankton_my_l4-gapfree-multi-4km_P1D,CHL,lat010_lon046,10,46,-40.25,-34.75,49.75,55.25,5.0,5.0,0.25,5.5,5.5,2019-01-26,2019-01-31,6,5,571,180,7,133,133,2547216,external_inputs/environment/goto_chl,CHL_GOTO_PERIOD_month_lat010_lon046_201901_20190126_20190131.nc,external_inputs/environment/goto_chl/CHL_GOTO_PERIOD_month_lat010_lon046_201901_20190126_20190131.nc,0
planned,month,2019-02,CHL,cmems_obs-oc_glo_bgc-plankton_my_l4-gapfree-multi-4km_P1D,CHL,lat010_lon046,10,46,-40.25,-34.75,49.75,55.25,5.0,5.0,0.25,5.5,5.5,2019-02-01,2019-02-28,28,18,6813,1477,25,133,133,11887008,external_inputs/environment/goto_chl,CHL_GOTO_PERIOD_month_lat010_lon046_201902_20190201_20190228.nc,external_inputs/environment/goto_chl/CHL_GOTO_PERIOD_month_lat010_lon046_201902_20190201_20190228.nc,0
planned,month,2019-03,CHL,cmems_obs-oc_glo_bgc-plankton_my_l4-gapfree-multi-4km_P1D,CHL,lat010_lon046,10,46,-40.25,-34.75,49.75,55.25,5.0,5.0,0.25,5.5,5.5,2019-03-01,2019-03-01,1,1,301,62,2,133,133,500000,external_inputs/environment/goto_chl,CHL_GOTO_PERIOD_month_lat010_lon046_201903_20190301_20190301.nc,external_inputs/environment/goto_chl/CHL_GOTO_PERIOD_month_lat010_lon046_201903_20190301_20190301.nc,0
planned,month,2016-01,CHL,cmems_obs-oc_glo_bgc-plankton_my_l4-gapfree-multi-4km_P1D,CHL,lat010_lon047,10,47,-40.25,-34.75,54.75,60.25,5.0,5.0,0.25,5.5,5.5,2016-01-21,2016-01-27,7,3,306,120,4,133,133,2971752,external_inputs/environment/goto_chl,CHL_GOTO_PERIOD_month_lat010_lon047_201601_20160121_20160127.nc,external_inputs/environment/goto_chl/CHL_GOTO_PERIOD_month_lat010_lon047_201601_20160121_20160127.nc,0
planned,month,2016-02,CHL,cmems_obs-oc_glo_bgc-plankton_my_l4-gapfree-multi-4km_P1D,CHL,lat010_lon047,10,47,-40.25,-34.75,54.75,60.25,5.0,5.0,0.25,5.5,5.5,2016-02-07,2016-02-09,3,3,543,113,3,133,133,1273608,external_inputs/environment/goto_chl,CHL_GOTO_PERIOD_month_lat010_lon047_201602_20160207_20160209.nc,external_inputs/environment/goto_chl/CHL_GOTO_PERIOD_month_lat010_lon047_201602_20160207_20160209.nc,0
planned,month,2018-01,CHL,cmems_obs-oc_glo_bgc-plankton_my_l4-gapfree-multi-4km_P1D,CHL,lat010_lon047,10,47,-40.25,-34.75,54.75,60.25,5.0,5.0,0.25,5.5,5.5,2018-01-25,2018-01-25,1,1,101,27,1,133,133,500000,external_inputs/environment/goto_chl,CHL_GOTO_PERIOD_month_lat010_lon047_201801_20180125_20180125.nc,external_inputs/environment/goto_chl/CHL_GOTO_PERIOD_month_lat010_lon047_201801_20180125_20180125.nc,0
planned,month,2018-02,CHL,cmems_obs-oc_glo_bgc-plankton_my_l4-gapfree-multi-4km_P1D,CHL,lat010_lon047,10,47,-40.25,-34.75,54.75,60.25,5.0,5.0,0.25,5.5,5.5,2018-02-27,2018-02-28,2,2,222,50,2,133,133,849072,external_inputs/environment/goto_chl,CHL_GOTO_PERIOD_month_lat010_lon047_201802_20180227_20180228.nc,external_inputs/environment/goto_chl/CHL_GOTO_PERIOD_month_lat010_lon047_201802_20180227_20180228.nc,0
planned,month,2019-01,CHL,cmems_obs-oc_glo_bgc-plankton_my_l4-gapfree-multi-4km_P1D,CHL,lat010_lon047,10,47,-40.25,-34.75,54.75,60.25,5.0,5.0,0.25,5.5,5.5,2019-01-27,2019-01-31,5,5,1098,276,7,133,133,2122680,external_inputs/environment/goto_chl,CHL_GOTO_PERIOD_month_lat010_lon047_201901_20190127_20190131.nc,external_inputs/environment/goto_chl/CHL_GOTO_PERIOD_month_lat010_lon047_201901_20190127_20190131.nc,0
planned,month,2019-02,CHL,cmems_obs-oc_glo_bgc-plankton_my_l4-gapfree-multi-4km_P1D,CHL,lat010_lon047,10,47,-40.25,-34.75,54.75,60.25,5.0,5.0,0.25,5.5,5.5,2019-02-01,2019-02-27,27,9,2295,523,9,133,133,11462472,external_inputs/environment/goto_chl,CHL_GOTO_PERIOD_month_lat010_lon047_201902_20190201_20190227.nc,external_inputs/environment/goto_chl/CHL_GOTO_PERIOD_month_lat010_lon047_201902_20190201_20190227.nc,0
planned,month,2016-01,CHL,cmems_obs-oc_glo_bgc-plankton_my_l4-gapfree-multi-4km_P1D,CHL,lat010_lon048,10,48,-40.25,-34.75,59.75,65.25,5.0,5.0,0.25,5.5,5.5,2016-01-23,2016-01-26,4,4,1452,315,4,133,133,1698144,external_inputs/environment/goto_chl,CHL_GOTO_PERIOD_month_lat010_lon048_201601_20160123_20160126.nc,external_inputs/environment/goto_chl/CHL_GOTO_PERIOD_month_lat010_lon048_201601_20160123_20160126.nc,0
planned,month,2016-02,CHL,cmems_obs-oc_glo_bgc-plankton_my_l4-gapfree-multi-4km_P1D,CHL,lat010_lon048,10,48,-40.25,-34.75,59.75,65.25,5.0,5.0,0.25,5.5,5.5,2016-02-07,2016-02-07,1,1,118,27,1,133,133,500000,external_inputs/environment/goto_chl,CHL_GOTO_PERIOD_month_lat010_lon048_201602_20160207_20160207.nc,external_inputs/environment/goto_chl/CHL_GOTO_PERIOD_month_lat010_lon048_201602_20160207_20160207.nc,0
planned,month,2018-01,CHL,cmems_obs-oc_glo_bgc-plankton_my_l4-gapfree-multi-4km_P1D,CHL,lat010_lon048,10,48,-40.25,-34.75,59.75,65.25,5.0,5.0,0.25,5.5,5.5,2018-01-25,2018-01-25,1,1,16,6,1,133,133,500000,external_inputs/environment/goto_chl,CHL_GOTO_PERIOD_month_lat010_lon048_201801_20180125_20180125.nc,external_inputs/environment/goto_chl/CHL_GOTO_PERIOD_month_lat010_lon048_201801_20180125_20180125.nc,0
planned,month,2019-01,CHL,cmems_obs-oc_glo_bgc-plankton_my_l4-gapfree-multi-4km_P1D,CHL,lat010_lon048,10,48,-40.25,-34.75,59.75,65.25,5.0,5.0,0.25,5.5,5.5,2019-01-27,2019-01-31,5,5,1117,236,6,133,133,2122680,external_inputs/environment/goto_chl,CHL_GOTO_PERIOD_month_lat010_lon048_201901_20190127_20190131.nc,external_inputs/environment/goto_chl/CHL_GOTO_PERIOD_month_lat010_lon048_201901_20190127_20190131.nc,0
planned,month,2019-02,CHL,cmems_obs-oc_glo_bgc-plankton_my_l4-gapfree-multi-4km_P1D,CHL,lat010_lon048,10,48,-40.25,-34.75,59.75,65.25,5.0,5.0,0.25,5.5,5.5,2019-02-03,2019-02-26,24,8,3640,780,10,133,133,10188864,external_inputs/environment/goto_chl,CHL_GOTO_PERIOD_month_lat010_lon048_201902_20190203_20190226.nc,external_inputs/environment/goto_chl/CHL_GOTO_PERIOD_month_lat010_lon048_201902_20190203_20190226.nc,0
planned,month,2019-01,CHL,cmems_obs-oc_glo_bgc-plankton_my_l4-gapfree-multi-4km_P1D,CHL,lat010_lon049,10,49,-40.25,-34.75,64.75,70.25,5.0,5.0,0.25,5.5,5.5,2019-01-28,2019-01-30,3,3,1798,362,6,133,133,1273608,external_inputs/environment/goto_chl,CHL_GOTO_PERIOD_month_lat010_lon049_201901_20190128_20190130.nc,external_inputs/environment/goto_chl/CHL_GOTO_PERIOD_month_lat010_lon049_201901_20190128_20190130.nc,0
planned,month,2019-02,CHL,cmems_obs-oc_glo_bgc-plankton_my_l4-gapfree-multi-4km_P1D,CHL,lat010_lon049,10,49,-40.25,-34.75,64.75,70.25,5.0,5.0,0.25,5.5,5.5,2019-02-02,2019-02-26,25,8,770,237,8,133,133,10613400,external_inputs/environment/goto_chl,CHL_GOTO_PERIOD_month_lat010_lon049_201902_20190202_20190226.nc,external_inputs/environment/goto_chl/CHL_GOTO_PERIOD_month_lat010_lon049_201902_20190202_20190226.nc,0
planned,month,2019-01,CHL,cmems_obs-oc_glo_bgc-plankton_my_l4-gapfree-multi-4km_P1D,CHL,lat010_lon050,10,50,-40.25,-34.75,69.75,75.25,5.0,5.0,0.25,5.5,5.5,2019-01-30,2019-01-30,1,1,285,66,1,133,133,500000,external_inputs/environment/goto_chl,CHL_GOTO_PERIOD_month_lat010_lon050_201901_20190130_20190130.nc,external_inputs/environment/goto_chl/CHL_GOTO_PERIOD_month_lat010_lon050_201901_20190130_20190130.nc,0
planned,month,2019-02,CHL,cmems_obs-oc_glo_bgc-plankton_my_l4-gapfree-multi-4km_P1D,CHL,lat010_lon050,10,50,-40.25,-34.75,69.75,75.25,5.0,5.0,0.25,5.5,5.5,2019-02-01,2019-02-22,22,6,676,158,6,133,133,9339792,external_inputs/environment/goto_chl,CHL_GOTO_PERIOD_month_lat010_lon050_201902_20190201_20190222.nc,external_inputs/environment/goto_chl/CHL_GOTO_PERIOD_month_lat010_lon050_201902_20190201_20190222.nc,0
planned,month,2019-01,CHL,cmems_obs-oc_glo_bgc-plankton_my_l4-gapfree-multi-4km_P1D,CHL,lat010_lon051,10,51,-40.25,-34.75,74.75,80.25,5.0,5.0,0.25,5.5,5.5,2019-01-31,2019-01-31,1,1,182,40,1,133,133,500000,external_inputs/environment/goto_chl,CHL_GOTO_PERIOD_month_lat010_lon051_201901_20190131_20190131.nc,external_inputs/environment/goto_chl/CHL_GOTO_PERIOD_month_lat010_lon051_201901_20190131_20190131.nc,0
planned,month,2019-02,CHL,cmems_obs-oc_glo_bgc-plankton_my_l4-gapfree-multi-4km_P1D,CHL,lat010_lon051,10,51,-40.25,-34.75,74.75,80.25,5.0,5.0,0.25,5.5,5.5,2019-02-01,2019-02-01,1,1,24,8,1,133,133,500000,external_inputs/environment/goto_chl,CHL_GOTO_PERIOD_month_lat010_lon051_201902_20190201_20190201.nc,external_inputs/environment/goto_chl/CHL_GOTO_PERIOD_month_lat010_lon051_201902_20190201_20190201.nc,0
planned,month,2016-02,CHL,cmems_obs-oc_glo_bgc-plankton_my_l4-gapfree-multi-4km_P1D,CHL,lat011_lon041,11,41,-35.25,-29.75,24.75,30.25,5.0,5.0,0.25,5.5,5.5,2016-02-13,2016-02-13,1,1,10,4,1,133,133,500000,external_inputs/environment/goto_chl,CHL_GOTO_PERIOD_month_lat011_lon041_201602_20160213_20160213.nc,external_inputs/environment/goto_chl/CHL_GOTO_PERIOD_month_lat011_lon041_201602_20160213_20160213.nc,0
planned,month,2018-01,CHL,cmems_obs-oc_glo_bgc-plankton_my_l4-gapfree-multi-4km_P1D,CHL,lat011_lon042,11,42,-35.25,-29.75,29.75,35.25,5.0,5.0,0.25,5.5,5.5,2018-01-29,2018-01-30,2,2,715,154,2,133,133,849072,external_inputs/environment/goto_chl,CHL_GOTO_PERIOD_month_lat011_lon042_201801_20180129_20180130.nc,external_inputs/environment/goto_chl/CHL_GOTO_PERIOD_month_lat011_lon042_201801_20180129_20180130.nc,0
planned,month,2019-02,CHL,cmems_obs-oc_glo_bgc-plankton_my_l4-gapfree-multi-4km_P1D,CHL,lat011_lon042,11,42,-35.25,-29.75,29.75,35.25,5.0,5.0,0.25,5.5,5.5,2019-02-23,2019-02-24,2,2,322,91,2,133,133,849072,external_inputs/environment/goto_chl,CHL_GOTO_PERIOD_month_lat011_lon042_201902_20190223_20190224.nc,external_inputs/environment/goto_chl/CHL_GOTO_PERIOD_month_lat011_lon042_201902_20190223_20190224.nc,0
planned,month,2016-02,CHL,cmems_obs-oc_glo_bgc-plankton_my_l4-gapfree-multi-4km_P1D,CHL,lat011_lon043,11,43,-35.25,-29.75,34.75,40.25,5.0,5.0,0.25,5.5,5.5,2016-02-23,2016-02-29,7,7,1871,411,7,133,133,2971752,external_inputs/environment/goto_chl,CHL_GOTO_PERIOD_month_lat011_lon043_201602_20160223_20160229.nc,external_inputs/environment/goto_chl/CHL_GOTO_PERIOD_month_lat011_lon043_201602_20160223_20160229.nc,0
planned,month,2018-01,CHL,cmems_obs-oc_glo_bgc-plankton_my_l4-gapfree-multi-4km_P1D,CHL,lat011_lon043,11,43,-35.25,-29.75,34.75,40.25,5.0,5.0,0.25,5.5,5.5,2018-01-26,2018-01-29,4,4,1182,251,4,133,133,1698144,external_inputs/environment/goto_chl,CHL_GOTO_PERIOD_month_lat011_lon043_201801_20180126_20180129.nc,external_inputs/environment/goto_chl/CHL_GOTO_PERIOD_month_lat011_lon043_201801_20180126_20180129.nc,0
planned,month,2019-01,CHL,cmems_obs-oc_glo_bgc-plankton_my_l4-gapfree-multi-4km_P1D,CHL,lat011_lon043,11,43,-35.25,-29.75,34.75,40.25,5.0,5.0,0.25,5.5,5.5,2019-01-28,2019-01-31,4,3,242,55,3,133,133,1698144,external_inputs/environment/goto_chl,CHL_GOTO_PERIOD_month_lat011_lon043_201901_20190128_20190131.nc,external_inputs/environment/goto_chl/CHL_GOTO_PERIOD_month_lat011_lon043_201901_20190128_20190131.nc,0
planned,month,2019-02,CHL,cmems_obs-oc_glo_bgc-plankton_my_l4-gapfree-multi-4km_P1D,CHL,lat011_lon043,11,43,-35.25,-29.75,34.75,40.25,5.0,5.0,0.25,5.5,5.5,2019-02-04,2019-02-24,21,4,735,177,5,133,133,8915256,external_inputs/environment/goto_chl,CHL_GOTO_PERIOD_month_lat011_lon043_201902_20190204_20190224.nc,external_inputs/environment/goto_chl/CHL_GOTO_PERIOD_month_lat011_lon043_201902_20190204_20190224.nc,0
planned,month,2016-01,CHL,cmems_obs-oc_glo_bgc-plankton_my_l4-gapfree-multi-4km_P1D,CHL,lat011_lon044,11,44,-35.25,-29.75,39.75,45.25,5.0,5.0,0.25,5.5,5.5,2016-01-21,2016-01-22,2,2,522,106,2,133,133,849072,external_inputs/environment/goto_chl,CHL_GOTO_PERIOD_month_lat011_lon044_201601_20160121_20160122.nc,external_inputs/environment/goto_chl/CHL_GOTO_PERIOD_month_lat011_lon044_201601_20160121_20160122.nc,0
planned,month,2016-02,CHL,cmems_obs-oc_glo_bgc-plankton_my_l4-gapfree-multi-4km_P1D,CHL,lat011_lon044,11,44,-35.25,-29.75,39.75,45.25,5.0,5.0,0.25,5.5,5.5,2016-02-07,2016-02-29,23,8,1404,338,8,133,133,9764328,external_inputs/environment/goto_chl,CHL_GOTO_PERIOD_month_lat011_lon044_201602_20160207_20160229.nc,external_inputs/environment/goto_chl/CHL_GOTO_PERIOD_month_lat011_lon044_201602_20160207_20160229.nc,0
planned,month,2016-03,CHL,cmems_obs-oc_glo_bgc-plankton_my_l4-gapfree-multi-4km_P1D,CHL,lat011_lon044,11,44,-35.25,-29.75,39.75,45.25,5.0,5.0,0.25,5.5,5.5,2016-03-01,2016-03-01,1,1,54,16,1,133,133,500000,external_inputs/environment/goto_chl,CHL_GOTO_PERIOD_month_lat011_lon044_201603_20160301_20160301.nc,external_inputs/environment/goto_chl/CHL_GOTO_PERIOD_month_lat011_lon044_201603_20160301_20160301.nc,0
planned,month,2017-02,CHL,cmems_obs-oc_glo_bgc-plankton_my_l4-gapfree-multi-4km_P1D,CHL,lat011_lon044,11,44,-35.25,-29.75,39.75,45.25,5.0,5.0,0.25,5.5,5.5,2017-02-22,2017-02-23,2,2,632,140,2,133,133,849072,external_inputs/environment/goto_chl,CHL_GOTO_PERIOD_month_lat011_lon044_201702_20170222_20170223.nc,external_inputs/environment/goto_chl/CHL_GOTO_PERIOD_month_lat011_lon044_201702_20170222_20170223.nc,0
planned,month,2017-03,CHL,cmems_obs-oc_glo_bgc-plankton_my_l4-gapfree-multi-4km_P1D,CHL,lat011_lon044,11,44,-35.25,-29.75,39.75,45.25,5.0,5.0,0.25,5.5,5.5,2017-03-07,2017-03-08,2,2,258,72,3,133,133,849072,external_inputs/environment/goto_chl,CHL_GOTO_PERIOD_month_lat011_lon044_201703_20170307_20170308.nc,external_inputs/environment/goto_chl/CHL_GOTO_PERIOD_month_lat011_lon044_201703_20170307_20170308.nc,0
planned,month,2018-01,CHL,cmems_obs-oc_glo_bgc-plankton_my_l4-gapfree-multi-4km_P1D,CHL,lat011_lon044,11,44,-35.25,-29.75,39.75,45.25,5.0,5.0,0.25,5.5,5.5,2018-01-28,2018-01-28,1,1,239,55,2,133,133,500000,external_inputs/environment/goto_chl,CHL_GOTO_PERIOD_month_lat011_lon044_201801_20180128_20180128.nc,external_inputs/environment/goto_chl/CHL_GOTO_PERIOD_month_lat011_lon044_201801_20180128_20180128.nc,0
planned,month,2019-01,CHL,cmems_obs-oc_glo_bgc-plankton_my_l4-gapfree-multi-4km_P1D,CHL,lat011_lon044,11,44,-35.25,-29.75,39.75,45.25,5.0,5.0,0.25,5.5,5.5,2019-01-27,2019-01-30,4,4,2260,474,9,133,133,1698144,external_inputs/environment/goto_chl,CHL_GOTO_PERIOD_month_lat011_lon044_201901_20190127_20190130.nc,external_inputs/environment/goto_chl/CHL_GOTO_PERIOD_month_lat011_lon044_201901_20190127_20190130.nc,0
planned,month,2019-02,CHL,cmems_obs-oc_glo_bgc-plankton_my_l4-gapfree-multi-4km_P1D,CHL,lat011_lon044,11,44,-35.25,-29.75,39.75,45.25,5.0,5.0,0.25,5.5,5.5,2019-02-06,2019-02-23,18,8,2057,558,10,133,133,7641648,external_inputs/environment/goto_chl,CHL_GOTO_PERIOD_month_lat011_lon044_201902_20190206_20190223.nc,external_inputs/environment/goto_chl/CHL_GOTO_PERIOD_month_lat011_lon044_201902_20190206_20190223.nc,0
planned,month,2019-03,CHL,cmems_obs-oc_glo_bgc-plankton_my_l4-gapfree-multi-4km_P1D,CHL,lat011_lon044,11,44,-35.25,-29.75,39.75,45.25,5.0,5.0,0.25,5.5,5.5,2019-03-04,2019-03-04,1,1,14,8,1,133,133,500000,external_inputs/environment/goto_chl,CHL_GOTO_PERIOD_month_lat011_lon044_201903_20190304_20190304.nc,external_inputs/environment/goto_chl/CHL_GOTO_PERIOD_month_lat011_lon044_201903_20190304_20190304.nc,0
planned,month,2016-01,CHL,cmems_obs-oc_glo_bgc-plankton_my_l4-gapfree-multi-4km_P1D,CHL,lat011_lon045,11,45,-35.25,-29.75,44.75,50.25,5.0,5.0,0.25,5.5,5.5,2016-01-18,2016-01-21,4,4,3500,700,4,133,133,1698144,external_inputs/environment/goto_chl,CHL_GOTO_PERIOD_month_lat011_lon045_201601_20160118_20160121.nc,external_inputs/environment/goto_chl/CHL_GOTO_PERIOD_month_lat011_lon045_201601_20160118_20160121.nc,0
planned,month,2016-02,CHL,cmems_obs-oc_glo_bgc-plankton_my_l4-gapfree-multi-4km_P1D,CHL,lat011_lon045,11,45,-35.25,-29.75,44.75,50.25,5.0,5.0,0.25,5.5,5.5,2016-02-07,2016-02-22,16,4,1121,259,4,133,133,6792576,external_inputs/environment/goto_chl,CHL_GOTO_PERIOD_month_lat011_lon045_201602_20160207_20160222.nc,external_inputs/environment/goto_chl/CHL_GOTO_PERIOD_month_lat011_lon045_201602_20160207_20160222.nc,0
planned,month,2017-02,CHL,cmems_obs-oc_glo_bgc-plankton_my_l4-gapfree-multi-4km_P1D,CHL,lat011_lon045,11,45,-35.25,-29.75,44.75,50.25,5.0,5.0,0.25,5.5,5.5,2017-02-22,2017-02-22,1,1,31,12,1,133,133,500000,external_inputs/environment/goto_chl,CHL_GOTO_PERIOD_month_lat011_lon045_201702_20170222_20170222.nc,external_inputs/environment/goto_chl/CHL_GOTO_PERIOD_month_lat011_lon045_201702_20170222_20170222.nc,0
planned,month,2018-01,CHL,cmems_obs-oc_glo_bgc-plankton_my_l4-gapfree-multi-4km_P1D,CHL,lat011_lon045,11,45,-35.25,-29.75,44.75,50.25,5.0,5.0,0.25,5.5,5.5,2018-01-27,2018-01-28,2,2,246,57,2,133,133,849072,external_inputs/environment/goto_chl,CHL_GOTO_PERIOD_month_lat011_lon045_201801_20180127_20180128.nc,external_inputs/environment/goto_chl/CHL_GOTO_PERIOD_month_lat011_lon045_201801_20180127_20180128.nc,0
planned,month,2019-01,CHL,cmems_obs-oc_glo_bgc-plankton_my_l4-gapfree-multi-4km_P1D,CHL,lat011_lon045,11,45,-35.25,-29.75,44.75,50.25,5.0,5.0,0.25,5.5,5.5,2019-01-26,2019-01-27,2,2,427,92,3,133,133,849072,external_inputs/environment/goto_chl,CHL_GOTO_PERIOD_month_lat011_lon045_201901_20190126_20190127.nc,external_inputs/environment/goto_chl/CHL_GOTO_PERIOD_month_lat011_lon045_201901_20190126_20190127.nc,0
planned,month,2019-02,CHL,cmems_obs-oc_glo_bgc-plankton_my_l4-gapfree-multi-4km_P1D,CHL,lat011_lon045,11,45,-35.25,-29.75,44.75,50.25,5.0,5.0,0.25,5.5,5.5,2019-02-07,2019-02-20,14,4,1386,430,8,133,133,5943504,external_inputs/environment/goto_chl,CHL_GOTO_PERIOD_month_lat011_lon045_201902_20190207_20190220.nc,external_inputs/environment/goto_chl/CHL_GOTO_PERIOD_month_lat011_lon045_201902_20190207_20190220.nc,0
planned,month,2019-03,CHL,cmems_obs-oc_glo_bgc-plankton_my_l4-gapfree-multi-4km_P1D,CHL,lat011_lon045,11,45,-35.25,-29.75,44.75,50.25,5.0,5.0,0.25,5.5,5.5,2019-03-01,2019-03-04,4,4,1813,373,4,133,133,1698144,external_inputs/environment/goto_chl,CHL_GOTO_PERIOD_month_lat011_lon045_201903_20190301_20190304.nc,external_inputs/environment/goto_chl/CHL_GOTO_PERIOD_month_lat011_lon045_201903_20190301_20190304.nc,0
planned,month,2018-01,CHL,cmems_obs-oc_glo_bgc-plankton_my_l4-gapfree-multi-4km_P1D,CHL,lat011_lon046,11,46,-35.25,-29.75,49.75,55.25,5.0,5.0,0.25,5.5,5.5,2018-01-25,2018-01-27,3,3,192,43,3,133,133,1273608,external_inputs/environment/goto_chl,CHL_GOTO_PERIOD_month_lat011_lon046_201801_20180125_20180127.nc,external_inputs/environment/goto_chl/CHL_GOTO_PERIOD_month_lat011_lon046_201801_20180125_20180127.nc,0
planned,month,2019-02,CHL,cmems_obs-oc_glo_bgc-plankton_my_l4-gapfree-multi-4km_P1D,CHL,lat011_lon046,11,46,-35.25,-29.75,49.75,55.25,5.0,5.0,0.25,5.5,5.5,2019-02-06,2019-02-18,13,3,304,88,3,133,133,5518968,external_inputs/environment/goto_chl,CHL_GOTO_PERIOD_month_lat011_lon046_201902_20190206_20190218.nc,external_inputs/environment/goto_chl/CHL_GOTO_PERIOD_month_lat011_lon046_201902_20190206_20190218.nc,0
planned,month,2019-03,CHL,cmems_obs-oc_glo_bgc-plankton_my_l4-gapfree-multi-4km_P1D,CHL,lat011_lon046,11,46,-35.25,-29.75,49.75,55.25,5.0,5.0,0.25,5.5,5.5,2019-03-01,2019-03-01,1,1,24,8,1,133,133,500000,external_inputs/environment/goto_chl,CHL_GOTO_PERIOD_month_lat011_lon046_201903_20190301_20190301.nc,external_inputs/environment/goto_chl/CHL_GOTO_PERIOD_month_lat011_lon046_201903_20190301_20190301.nc,0
planned,month,2018-01,CHL,cmems_obs-oc_glo_bgc-plankton_my_l4-gapfree-multi-4km_P1D,CHL,lat011_lon047,11,47,-35.25,-29.75,54.75,60.25,5.0,5.0,0.25,5.5,5.5,2018-01-25,2018-01-25,1,1,11,4,1,133,133,500000,external_inputs/environment/goto_chl,CHL_GOTO_PERIOD_month_lat011_lon047_201801_20180125_20180125.nc,external_inputs/environment/goto_chl/CHL_GOTO_PERIOD_month_lat011_lon047_201801_20180125_20180125.nc,0
planned,month,2019-02,CHL,cmems_obs-oc_glo_bgc-plankton_my_l4-gapfree-multi-4km_P1D,CHL,lat011_lon047,11,47,-35.25,-29.75,54.75,60.25,5.0,5.0,0.25,5.5,5.5,2019-02-04,2019-02-26,23,5,1022,242,5,133,133,9764328,external_inputs/environment/goto_chl,CHL_GOTO_PERIOD_month_lat011_lon047_201902_20190204_20190226.nc,external_inputs/environment/goto_chl/CHL_GOTO_PERIOD_month_lat011_lon047_201902_20190204_20190226.nc,0
planned,month,2019-02,CHL,cmems_obs-oc_glo_bgc-plankton_my_l4-gapfree-multi-4km_P1D,CHL,lat011_lon048,11,48,-35.25,-29.75,59.75,65.25,5.0,5.0,0.25,5.5,5.5,2019-02-22,2019-02-24,3,3,660,142,3,133,133,1273608,external_inputs/environment/goto_chl,CHL_GOTO_PERIOD_month_lat011_lon048_201902_20190222_20190224.nc,external_inputs/environment/goto_chl/CHL_GOTO_PERIOD_month_lat011_lon048_201902_20190222_20190224.nc,0
planned,month,2019-02,CHL,cmems_obs-oc_glo_bgc-plankton_my_l4-gapfree-multi-4km_P1D,CHL,lat011_lon049,11,49,-35.25,-29.75,64.75,70.25,5.0,5.0,0.25,5.5,5.5,2019-02-02,2019-02-23,22,3,80,25,3,133,133,9339792,external_inputs/environment/goto_chl,CHL_GOTO_PERIOD_month_lat011_lon049_201902_20190202_20190223.nc,external_inputs/environment/goto_chl/CHL_GOTO_PERIOD_month_lat011_lon049_201902_20190202_20190223.nc,0
planned,month,2019-01,CHL,cmems_obs-oc_glo_bgc-plankton_my_l4-gapfree-multi-4km_P1D,CHL,lat011_lon051,11,51,-35.25,-29.75,74.75,80.25,5.0,5.0,0.25,5.5,5.5,2019-01-31,2019-01-31,1,1,18,6,1,133,133,500000,external_inputs/environment/goto_chl,CHL_GOTO_PERIOD_month_lat011_lon051_201901_20190131_20190131.nc,external_inputs/environment/goto_chl/CHL_GOTO_PERIOD_month_lat011_lon051_201901_20190131_20190131.nc,0
planned,month,2019-02,CHL,cmems_obs-oc_glo_bgc-plankton_my_l4-gapfree-multi-4km_P1D,CHL,lat011_lon051,11,51,-35.25,-29.75,74.75,80.25,5.0,5.0,0.25,5.5,5.5,2019-02-01,2019-02-01,1,1,290,58,1,133,133,500000,external_inputs/environment/goto_chl,CHL_GOTO_PERIOD_month_lat011_lon051_201902_20190201_20190201.nc,external_inputs/environment/goto_chl/CHL_GOTO_PERIOD_month_lat011_lon051_201902_20190201_20190201.nc,0
