scale_m,event_id,cluster,segment_key,direction_group
250,339|1|RFBO_iGotU|1,1777-28242,339|1,none_observed
250,339|2|RFBO_iGotU|2,1777-28242,339|2,none_observed
250,339|2|RFBO_iGotU|3,1777-28242,339|2,none_observed
250,339|2|RFBO_iGotU|7,1777-28242,339|2,post_only
250,339|2|RFBO_iGotU|10,1777-28242,339|2,none_observed
250,339|2|RFBO_iGotU|12,1777-28242,339|2,none_observed
250,339|2|RFBO_iGotU|13,1777-28242,339|2,none_observed
250,339|2|RFBO_iGotU|14,1777-28242,339|2,pre_only
250,339|2|RFBO_iGotU|15,1777-28242,339|2,none_observed
250,339|2|RFBO_iGotU|17,1777-28242,339|2,none_observed
250,339|2|RFBO_iGotU|18,1777-28242,339|2,both
250,339|2|RFBO_iGotU|19,1777-28242,339|2,none_observed
250,339|2|RFBO_iGotU|37,1777-28242,339|2,pre_only
250,339|2|RFBO_iGotU|43,1777-28242,339|2,none_observed
250,341|1|RFBO_iGotU|6,2007-07121,341|1,post_only
250,341|1|RFBO_iGotU|8,2007-07121,341|1,none_observed
250,341|1|RFBO_iGotU|9,2007-07121,341|1,none_observed
250,341|1|RFBO_iGotU|11,2007-07121,341|1,none_observed
250,342|3|RFBO_iGotU|1,2007-07122,342|3,none_observed
250,342|3|RFBO_iGotU|3,2007-07122,342|3,none_observed
250,343|1|RFBO_iGotU|4,2007-07123,343|1,none_observed
250,343|1|RFBO_iGotU|5,2007-07123,343|1,none_observed
250,343|1|RFBO_iGotU|7,2007-07123,343|1,pre_only
250,343|1|RFBO_iGotU|8,2007-07123,343|1,post_only
250,343|1|RFBO_iGotU|10,2007-07123,343|1,both
250,343|1|RFBO_iGotU|11,2007-07123,343|1,post_only
250,343|1|RFBO_iGotU|12,2007-07123,343|1,none_observed
250,343|1|RFBO_iGotU|13,2007-07123,343|1,post_only
250,343|1|RFBO_iGotU|26,2007-07123,343|1,none_observed
250,343|1|RFBO_iGotU|27,2007-07123,343|1,post_only
250,343|1|RFBO_iGotU|29,2007-07123,343|1,none_observed
250,343|1|RFBO_iGotU|31,2007-07123,343|1,none_observed
250,343|1|RFBO_iGotU|32,2007-07123,343|1,post_only
250,343|1|RFBO_iGotU|33,2007-07123,343|1,none_observed
250,344|1|RFBO_iGotU|4,2007-07124,344|1,none_observed
250,344|1|RFBO_iGotU|6,2007-07124,344|1,none_observed
250,344|1|RFBO_iGotU|9,2007-07124,344|1,none_observed
250,344|1|RFBO_iGotU|10,2007-07124,344|1,none_observed
250,344|1|RFBO_iGotU|11,2007-07124,344|1,none_observed
250,344|1|RFBO_iGotU|12,2007-07124,344|1,none_observed
250,344|1|RFBO_iGotU|14,2007-07124,344|1,none_observed
250,344|1|RFBO_iGotU|15,2007-07124,344|1,none_observed
250,344|1|RFBO_iGotU|16,2007-07124,344|1,none_observed
250,344|1|RFBO_iGotU|26,2007-07124,344|1,none_observed
250,344|1|RFBO_iGotU|28,2007-07124,344|1,none_observed
250,344|1|RFBO_iGotU|30,2007-07124,344|1,none_observed
250,344|1|RFBO_iGotU|31,2007-07124,344|1,both
250,344|1|RFBO_iGotU|32,2007-07124,344|1,post_only
250,344|1|RFBO_iGotU|34,2007-07124,344|1,none_observed
250,344|1|RFBO_iGotU|35,2007-07124,344|1,none_observed
250,344|1|RFBO_iGotU|39,2007-07124,344|1,none_observed
250,345|1|RFBO_iGotU|2,2007-07125,345|1,both
250,345|1|RFBO_iGotU|3,2007-07125,345|1,pre_only
250,345|4|RFBO_iGotU|5,2007-07125,345|4,none_observed
250,345|4|RFBO_iGotU|6,2007-07125,345|4,post_only
250,345|4|RFBO_iGotU|8,2007-07125,345|4,none_observed
250,345|4|RFBO_iGotU|10,2007-07125,345|4,post_only
250,345|4|RFBO_iGotU|11,2007-07125,345|4,none_observed
250,345|4|RFBO_iGotU|12,2007-07125,345|4,none_observed
250,345|4|RFBO_iGotU|13,2007-07125,345|4,none_observed
250,346|1|RFBO_iGotU|5,2007-07126,346|1,none_observed
250,346|1|RFBO_iGotU|10,2007-07126,346|1,pre_only
250,346|1|RFBO_iGotU|16,2007-07126,346|1,none_observed
250,346|1|RFBO_iGotU|21,2007-07126,346|1,none_observed
250,346|1|RFBO_iGotU|22,2007-07126,346|1,none_observed
250,346|1|RFBO_iGotU|24,2007-07126,346|1,post_only
250,346|1|RFBO_iGotU|26,2007-07126,346|1,none_observed
250,346|1|RFBO_iGotU|29,2007-07126,346|1,none_observed
250,346|1|RFBO_iGotU|30,2007-07126,346|1,none_observed
250,346|1|RFBO_iGotU|34,2007-07126,346|1,none_observed
250,346|1|RFBO_iGotU|36,2007-07126,346|1,none_observed
250,346|1|RFBO_iGotU|40,2007-07126,346|1,none_observed
250,347|1|RFBO_iGotU|3,2007-07127,347|1,none_observed
250,347|1|RFBO_iGotU|11,2007-07127,347|1,none_observed
250,347|1|RFBO_iGotU|12,2007-07127,347|1,none_observed
250,347|1|RFBO_iGotU|13,2007-07127,347|1,none_observed
250,347|1|RFBO_iGotU|14,2007-07127,347|1,pre_only
250,348|1|RFBO_iGotU|3,2007-07128,348|1,none_observed
250,348|1|RFBO_iGotU|6,2007-07128,348|1,pre_only
250,348|1|RFBO_iGotU|12,2007-07128,348|1,none_observed
250,348|1|RFBO_iGotU|13,2007-07128,348|1,none_observed
250,348|1|RFBO_iGotU|14,2007-07128,348|1,none_observed
250,348|1|RFBO_iGotU|15,2007-07128,348|1,none_observed
250,348|1|RFBO_iGotU|16,2007-07128,348|1,none_observed
250,348|1|RFBO_iGotU|17,2007-07128,348|1,none_observed
250,348|1|RFBO_iGotU|21,2007-07128,348|1,pre_only
250,349|4|RFBO_iGotU|2,2007-07131,349|4,none_observed
250,349|4|RFBO_iGotU|3,2007-07131,349|4,none_observed
250,349|4|RFBO_iGotU|4,2007-07131,349|4,none_observed
250,349|4|RFBO_iGotU|6,2007-07131,349|4,none_observed
250,349|4|RFBO_iGotU|8,2007-07131,349|4,none_observed
250,349|4|RFBO_iGotU|10,2007-07131,349|4,none_observed
250,349|4|RFBO_iGotU|11,2007-07131,349|4,pre_only
250,349|4|RFBO_iGotU|12,2007-07131,349|4,none_observed
250,349|4|RFBO_iGotU|13,2007-07131,349|4,none_observed
250,349|4|RFBO_iGotU|14,2007-07131,349|4,none_observed
250,349|4|RFBO_iGotU|15,2007-07131,349|4,none_observed
250,349|4|RFBO_iGotU|17,2007-07131,349|4,none_observed
250,349|4|RFBO_iGotU|19,2007-07131,349|4,none_observed
250,349|4|RFBO_iGotU|25,2007-07131,349|4,none_observed
250,349|4|RFBO_iGotU|26,2007-07131,349|4,none_observed
250,349|4|RFBO_iGotU|30,2007-07131,349|4,none_observed
250,350|4|RFBO_iGotU|0,2007-07132,350|4,none_observed
250,351|1|RFBO_iGotU|9,2007-07133,351|1,none_observed
250,351|1|RFBO_iGotU|10,2007-07133,351|1,none_observed
250,351|1|RFBO_iGotU|11,2007-07133,351|1,post_only
250,351|1|RFBO_iGotU|12,2007-07133,351|1,none_observed
250,351|1|RFBO_iGotU|15,2007-07133,351|1,none_observed
250,351|1|RFBO_iGotU|16,2007-07133,351|1,none_observed
250,351|1|RFBO_iGotU|18,2007-07133,351|1,none_observed
250,351|1|RFBO_iGotU|19,2007-07133,351|1,none_observed
250,351|1|RFBO_iGotU|21,2007-07133,351|1,none_observed
250,351|1|RFBO_iGotU|23,2007-07133,351|1,none_observed
250,351|1|RFBO_iGotU|25,2007-07133,351|1,none_observed
250,351|1|RFBO_iGotU|26,2007-07133,351|1,pre_only
250,351|1|RFBO_iGotU|27,2007-07133,351|1,none_observed
250,351|1|RFBO_iGotU|29,2007-07133,351|1,none_observed
250,351|1|RFBO_iGotU|30,2007-07133,351|1,none_observed
250,351|1|RFBO_iGotU|33,2007-07133,351|1,post_only
250,351|1|RFBO_iGotU|36,2007-07133,351|1,none_observed
250,351|1|RFBO_iGotU|38,2007-07133,351|1,none_observed
250,351|1|RFBO_iGotU|39,2007-07133,351|1,pre_only
250,351|1|RFBO_iGotU|40,2007-07133,351|1,none_observed
250,351|1|RFBO_iGotU|42,2007-07133,351|1,none_observed
250,351|1|RFBO_iGotU|43,2007-07133,351|1,none_observed
250,352|1|RFBO_iGotU|2,2007-07134,352|1,none_observed
250,352|1|RFBO_iGotU|3,2007-07134,352|1,post_only
250,352|1|RFBO_iGotU|5,2007-07134,352|1,none_observed
250,352|1|RFBO_iGotU|7,2007-07134,352|1,none_observed
250,352|1|RFBO_iGotU|8,2007-07134,352|1,none_observed
250,352|1|RFBO_iGotU|10,2007-07134,352|1,none_observed
250,352|1|RFBO_iGotU|16,2007-07134,352|1,none_observed
250,352|1|RFBO_iGotU|17,2007-07134,352|1,none_observed
250,352|1|RFBO_iGotU|18,2007-07134,352|1,both
250,352|1|RFBO_iGotU|21,2007-07134,352|1,none_observed
250,352|1|RFBO_iGotU|22,2007-07134,352|1,none_observed
250,353|1|RFBO_iGotU|7,2007-07135,353|1,none_observed
250,353|1|RFBO_iGotU|8,2007-07135,353|1,none_observed
250,353|1|RFBO_iGotU|9,2007-07135,353|1,none_observed
250,353|1|RFBO_iGotU|10,2007-07135,353|1,pre_only
250,353|1|RFBO_iGotU|13,2007-07135,353|1,none_observed
250,353|1|RFBO_iGotU|14,2007-07135,353|1,none_observed
250,353|1|RFBO_iGotU|19,2007-07135,353|1,none_observed
250,353|1|RFBO_iGotU|20,2007-07135,353|1,none_observed
250,353|1|RFBO_iGotU|21,2007-07135,353|1,none_observed
250,353|1|RFBO_iGotU|22,2007-07135,353|1,both
250,353|1|RFBO_iGotU|23,2007-07135,353|1,both
250,354|1|RFBO_iGotU|1,2007-07138,354|1,none_observed
250,354|1|RFBO_iGotU|2,2007-07138,354|1,pre_only
250,354|1|RFBO_iGotU|3,2007-07138,354|1,pre_only
250,354|1|RFBO_iGotU|5,2007-07138,354|1,none_observed
250,354|1|RFBO_iGotU|7,2007-07138,354|1,none_observed
250,354|1|RFBO_iGotU|9,2007-07138,354|1,none_observed
250,354|1|RFBO_iGotU|11,2007-07138,354|1,post_only
250,354|1|RFBO_iGotU|18,2007-07138,354|1,none_observed
250,354|1|RFBO_iGotU|19,2007-07138,354|1,none_observed
250,356|1|RFBO_iGotU|9,2007-07141,356|1,none_observed
250,356|1|RFBO_iGotU|15,2007-07141,356|1,none_observed
250,356|1|RFBO_iGotU|18,2007-07141,356|1,pre_only
250,356|1|RFBO_iGotU|21,2007-07141,356|1,pre_only
250,356|1|RFBO_iGotU|22,2007-07141,356|1,none_observed
250,356|1|RFBO_iGotU|26,2007-07141,356|1,none_observed
250,356|1|RFBO_iGotU|33,2007-07141,356|1,none_observed
250,356|1|RFBO_iGotU|37,2007-07141,356|1,none_observed
250,356|1|RFBO_iGotU|38,2007-07141,356|1,none_observed
250,356|1|RFBO_iGotU|39,2007-07141,356|1,none_observed
250,356|1|RFBO_iGotU|40,2007-07141,356|1,none_observed
250,356|1|RFBO_iGotU|41,2007-07141,356|1,none_observed
250,359|1|RFBO_iGotU|3,2007-07144,359|1,none_observed
250,359|1|RFBO_iGotU|7,2007-07144,359|1,pre_only
250,359|1|RFBO_iGotU|9,2007-07144,359|1,none_observed
250,359|1|RFBO_iGotU|10,2007-07144,359|1,none_observed
250,359|1|RFBO_iGotU|12,2007-07144,359|1,none_observed
250,359|1|RFBO_iGotU|13,2007-07144,359|1,none_observed
250,359|1|RFBO_iGotU|17,2007-07144,359|1,both
250,359|1|RFBO_iGotU|21,2007-07144,359|1,none_observed
250,359|1|RFBO_iGotU|24,2007-07144,359|1,none_observed
250,359|1|RFBO_iGotU|25,2007-07144,359|1,post_only
250,359|1|RFBO_iGotU|27,2007-07144,359|1,none_observed
250,359|1|RFBO_iGotU|30,2007-07144,359|1,none_observed
250,360|1|RFBO_iGotU|13,2007-07145,360|1,none_observed
250,360|1|RFBO_iGotU|14,2007-07145,360|1,pre_only
250,360|1|RFBO_iGotU|16,2007-07145,360|1,none_observed
250,361|5|RFBO_iGotU|9,2007-07146,361|5,pre_only
250,361|5|RFBO_iGotU|10,2007-07146,361|5,none_observed
250,361|5|RFBO_iGotU|11,2007-07146,361|5,none_observed
250,361|5|RFBO_iGotU|15,2007-07146,361|5,none_observed
250,361|5|RFBO_iGotU|17,2007-07146,361|5,none_observed
250,361|5|RFBO_iGotU|20,2007-07146,361|5,none_observed
250,361|5|RFBO_iGotU|21,2007-07146,361|5,none_observed
250,361|5|RFBO_iGotU|45,2007-07146,361|5,none_observed
250,361|5|RFBO_iGotU|46,2007-07146,361|5,none_observed
250,361|5|RFBO_iGotU|49,2007-07146,361|5,none_observed
250,361|5|RFBO_iGotU|51,2007-07146,361|5,post_only
250,363|1|RFBO_iGotU|1,2007-07148,363|1,pre_only
250,363|1|RFBO_iGotU|6,2007-07148,363|1,none_observed
250,364|1|RFBO_iGotU|3,2007-07149,364|1,none_observed
250,364|1|RFBO_iGotU|4,2007-07149,364|1,post_only
250,364|1|RFBO_iGotU|7,2007-07149,364|1,both
250,364|1|RFBO_iGotU|13,2007-07149,364|1,none_observed
250,364|1|RFBO_iGotU|14,2007-07149,364|1,none_observed
250,364|1|RFBO_iGotU|15,2007-07149,364|1,none_observed
250,364|1|RFBO_iGotU|16,2007-07149,364|1,none_observed
250,364|1|RFBO_iGotU|18,2007-07149,364|1,none_observed
250,364|1|RFBO_iGotU|19,2007-07149,364|1,none_observed
250,365|1|RFBO_iGotU|8,2007-07150,365|1,pre_only
250,365|1|RFBO_iGotU|11,2007-07150,365|1,post_only
250,365|1|RFBO_iGotU|16,2007-07150,365|1,none_observed
250,365|1|RFBO_iGotU|17,2007-07150,365|1,none_observed
250,365|1|RFBO_iGotU|18,2007-07150,365|1,none_observed
250,365|1|RFBO_iGotU|19,2007-07150,365|1,none_observed
250,366|1|RFBO_iGotU|5,2007-07152,366|1,none_observed
250,366|1|RFBO_iGotU|6,2007-07152,366|1,none_observed
250,366|1|RFBO_iGotU|7,2007-07152,366|1,none_observed
250,366|1|RFBO_iGotU|9,2007-07152,366|1,none_observed
250,366|1|RFBO_iGotU|11,2007-07152,366|1,none_observed
250,366|1|RFBO_iGotU|12,2007-07152,366|1,none_observed
250,366|1|RFBO_iGotU|18,2007-07152,366|1,none_observed
250,366|1|RFBO_iGotU|22,2007-07152,366|1,none_observed
250,366|1|RFBO_iGotU|23,2007-07152,366|1,none_observed
250,367|1|RFBO_iGotU|5,2007-07153,367|1,none_observed
250,367|1|RFBO_iGotU|6,2007-07153,367|1,post_only
250,367|1|RFBO_iGotU|8,2007-07153,367|1,none_observed
250,367|1|RFBO_iGotU|14,2007-07153,367|1,both
250,367|1|RFBO_iGotU|15,2007-07153,367|1,post_only
250,367|1|RFBO_iGotU|16,2007-07153,367|1,none_observed
250,367|1|RFBO_iGotU|20,2007-07153,367|1,none_observed
250,367|1|RFBO_iGotU|21,2007-07153,367|1,none_observed
250,367|1|RFBO_iGotU|23,2007-07153,367|1,none_observed
250,367|1|RFBO_iGotU|28,2007-07153,367|1,none_observed
250,367|1|RFBO_iGotU|38,2007-07153,367|1,none_observed
250,367|1|RFBO_iGotU|40,2007-07153,367|1,none_observed
250,367|1|RFBO_iGotU|41,2007-07153,367|1,none_observed
250,368|1|RFBO_iGotU|4,2007-07154,368|1,none_observed
250,368|1|RFBO_iGotU|6,2007-07154,368|1,post_only
250,368|1|RFBO_iGotU|7,2007-07154,368|1,none_observed
250,368|1|RFBO_iGotU|9,2007-07154,368|1,pre_only
250,368|1|RFBO_iGotU|11,2007-07154,368|1,post_only
250,368|1|RFBO_iGotU|14,2007-07154,368|1,none_observed
250,368|1|RFBO_iGotU|15,2007-07154,368|1,none_observed
250,368|1|RFBO_iGotU|17,2007-07154,368|1,none_observed
250,368|1|RFBO_iGotU|19,2007-07154,368|1,none_observed
250,368|1|RFBO_iGotU|23,2007-07154,368|1,none_observed
250,368|1|RFBO_iGotU|24,2007-07154,368|1,none_observed
250,368|1|RFBO_iGotU|28,2007-07154,368|1,none_observed
250,368|1|RFBO_iGotU|30,2007-07154,368|1,none_observed
250,368|1|RFBO_iGotU|31,2007-07154,368|1,none_observed
250,368|1|RFBO_iGotU|32,2007-07154,368|1,none_observed
250,368|1|RFBO_iGotU|34,2007-07154,368|1,none_observed
250,369|3|RFBO_iGotU|0,2007-07155,369|3,post_only
250,369|3|RFBO_iGotU|2,2007-07155,369|3,none_observed
250,369|3|RFBO_iGotU|3,2007-07155,369|3,none_observed
250,369|3|RFBO_iGotU|4,2007-07155,369|3,post_only
250,369|3|RFBO_iGotU|5,2007-07155,369|3,none_observed
250,369|3|RFBO_iGotU|6,2007-07155,369|3,pre_only
250,369|3|RFBO_iGotU|9,2007-07155,369|3,none_observed
250,369|3|RFBO_iGotU|10,2007-07155,369|3,post_only
250,369|3|RFBO_iGotU|14,2007-07155,369|3,none_observed
250,369|3|RFBO_iGotU|18,2007-07155,369|3,none_observed
250,369|3|RFBO_iGotU|21,2007-07155,369|3,none_observed
250,369|3|RFBO_iGotU|23,2007-07155,369|3,none_observed
250,369|3|RFBO_iGotU|24,2007-07155,369|3,none_observed
250,370|1|RFBO_iGotU|6,2007-07156,370|1,none_observed
250,370|1|RFBO_iGotU|8,2007-07156,370|1,post_only
250,370|1|RFBO_iGotU|9,2007-07156,370|1,none_observed
250,370|1|RFBO_iGotU|10,2007-07156,370|1,post_only
250,370|1|RFBO_iGotU|11,2007-07156,370|1,pre_only
250,370|1|RFBO_iGotU|12,2007-07156,370|1,none_observed
250,370|1|RFBO_iGotU|17,2007-07156,370|1,none_observed
250,370|1|RFBO_iGotU|18,2007-07156,370|1,none_observed
250,370|1|RFBO_iGotU|19,2007-07156,370|1,none_observed
250,370|1|RFBO_iGotU|22,2007-07156,370|1,post_only
250,370|1|RFBO_iGotU|26,2007-07156,370|1,none_observed
250,370|1|RFBO_iGotU|27,2007-07156,370|1,none_observed
250,370|1|RFBO_iGotU|28,2007-07156,370|1,none_observed
250,371|1|RFBO_iGotU|2,2007-07157,371|1,none_observed
250,371|1|RFBO_iGotU|4,2007-07157,371|1,post_only
250,371|1|RFBO_iGotU|5,2007-07157,371|1,both
250,371|1|RFBO_iGotU|7,2007-07157,371|1,none_observed
250,371|1|RFBO_iGotU|8,2007-07157,371|1,none_observed
250,371|1|RFBO_iGotU|9,2007-07157,371|1,none_observed
250,371|1|RFBO_iGotU|15,2007-07157,371|1,none_observed
250,371|1|RFBO_iGotU|16,2007-07157,371|1,none_observed
250,371|1|RFBO_iGotU|17,2007-07157,371|1,none_observed
250,371|1|RFBO_iGotU|18,2007-07157,371|1,none_observed
250,371|1|RFBO_iGotU|21,2007-07157,371|1,none_observed
250,371|1|RFBO_iGotU|23,2007-07157,371|1,none_observed
250,371|1|RFBO_iGotU|25,2007-07157,371|1,none_observed
250,371|1|RFBO_iGotU|26,2007-07157,371|1,none_observed
250,371|1|RFBO_iGotU|27,2007-07157,371|1,none_observed
250,373|1|RFBO_iGotU|2,2007-07159,373|1,none_observed
250,373|1|RFBO_iGotU|4,2007-07159,373|1,none_observed
250,373|1|RFBO_iGotU|5,2007-07159,373|1,none_observed
250,373|1|RFBO_iGotU|6,2007-07159,373|1,post_only
250,373|1|RFBO_iGotU|8,2007-07159,373|1,none_observed
250,373|1|RFBO_iGotU|10,2007-07159,373|1,none_observed
250,373|1|RFBO_iGotU|12,2007-07159,373|1,none_observed
250,373|1|RFBO_iGotU|15,2007-07159,373|1,pre_only
250,373|1|RFBO_iGotU|17,2007-07159,373|1,pre_only
250,373|1|RFBO_iGotU|18,2007-07159,373|1,none_observed
250,373|1|RFBO_iGotU|19,2007-07159,373|1,none_observed
250,373|1|RFBO_iGotU|20,2007-07159,373|1,none_observed
250,373|1|RFBO_iGotU|23,2007-07159,373|1,none_observed
250,373|1|RFBO_iGotU|24,2007-07159,373|1,none_observed
250,373|1|RFBO_iGotU|25,2007-07159,373|1,none_observed
250,373|1|RFBO_iGotU|26,2007-07159,373|1,none_observed
250,373|1|RFBO_iGotU|27,2007-07159,373|1,none_observed
250,373|1|RFBO_iGotU|28,2007-07159,373|1,none_observed
250,374|1|RFBO_iGotU|1,2007-07160,374|1,pre_only
250,374|1|RFBO_iGotU|2,2007-07160,374|1,post_only
250,374|1|RFBO_iGotU|7,2007-07160,374|1,none_observed
250,374|1|RFBO_iGotU|19,2007-07160,374|1,pre_only
250,374|2|RFBO_iGotU|0,2007-07160,374|2,none_observed
250,374|2|RFBO_iGotU|2,2007-07160,374|2,none_observed
250,374|2|RFBO_iGotU|3,2007-07160,374|2,none_observed
250,374|4|RFBO_iGotU|0,2007-07160,374|4,post_only
250,374|4|RFBO_iGotU|1,2007-07160,374|4,none_observed
250,374|4|RFBO_iGotU|7,2007-07160,374|4,none_observed
250,374|4|RFBO_iGotU|8,2007-07160,374|4,both
250,374|4|RFBO_iGotU|10,2007-07160,374|4,none_observed
250,374|4|RFBO_iGotU|13,2007-07160,374|4,none_observed
250,374|4|RFBO_iGotU|16,2007-07160,374|4,none_observed
250,375|1|RFBO_iGotU|8,2007-07171,375|1,none_observed
250,375|1|RFBO_iGotU|9,2007-07171,375|1,none_observed
250,375|1|RFBO_iGotU|10,2007-07171,375|1,post_only
250,375|1|RFBO_iGotU|11,2007-07171,375|1,none_observed
250,375|1|RFBO_iGotU|14,2007-07171,375|1,none_observed
250,375|1|RFBO_iGotU|16,2007-07171,375|1,none_observed
250,375|1|RFBO_iGotU|22,2007-07171,375|1,none_observed
250,375|1|RFBO_iGotU|25,2007-07171,375|1,none_observed
250,376|3|RFBO_iGotU|0,2007-07172,376|3,none_observed
250,376|3|RFBO_iGotU|2,2007-07172,376|3,none_observed
250,376|3|RFBO_iGotU|3,2007-07172,376|3,none_observed
250,376|3|RFBO_iGotU|4,2007-07172,376|3,none_observed
250,376|3|RFBO_iGotU|6,2007-07172,376|3,pre_only
250,376|3|RFBO_iGotU|8,2007-07172,376|3,pre_only
250,376|5|RFBO_iGotU|0,2007-07172,376|5,none_observed
250,376|12|RFBO_iGotU|0,2007-07172,376|12,none_observed
250,376|14|RFBO_iGotU|0,2007-07172,376|14,none_observed
250,377|1|RFBO_iGotU|3,2007-07173,377|1,post_only
250,377|1|RFBO_iGotU|7,2007-07173,377|1,both
250,377|1|RFBO_iGotU|8,2007-07173,377|1,none_observed
250,377|1|RFBO_iGotU|9,2007-07173,377|1,none_observed
250,377|4|RFBO_iGotU|0,2007-07173,377|4,none_observed
250,377|4|RFBO_iGotU|4,2007-07173,377|4,none_observed
250,377|4|RFBO_iGotU|5,2007-07173,377|4,none_observed
250,377|4|RFBO_iGotU|6,2007-07173,377|4,none_observed
250,377|4|RFBO_iGotU|9,2007-07173,377|4,none_observed
250,377|4|RFBO_iGotU|10,2007-07173,377|4,post_only
250,377|4|RFBO_iGotU|14,2007-07173,377|4,none_observed
250,377|4|RFBO_iGotU|15,2007-07173,377|4,pre_only
250,377|4|RFBO_iGotU|30,2007-07173,377|4,post_only
250,377|4|RFBO_iGotU|33,2007-07173,377|4,none_observed
250,377|4|RFBO_iGotU|38,2007-07173,377|4,none_observed
250,378|1|RFBO_iGotU|3,2007-07174,378|1,none_observed
250,378|1|RFBO_iGotU|4,2007-07174,378|1,none_observed
250,378|1|RFBO_iGotU|7,2007-07174,378|1,none_observed
250,378|1|RFBO_iGotU|8,2007-07174,378|1,none_observed
250,378|1|RFBO_iGotU|10,2007-07174,378|1,none_observed
250,378|1|RFBO_iGotU|14,2007-07174,378|1,none_observed
250,378|1|RFBO_iGotU|15,2007-07174,378|1,post_only
250,378|1|RFBO_iGotU|16,2007-07174,378|1,none_observed
250,378|1|RFBO_iGotU|17,2007-07174,378|1,none_observed
250,378|1|RFBO_iGotU|21,2007-07174,378|1,none_observed
250,378|1|RFBO_iGotU|22,2007-07174,378|1,none_observed
250,378|1|RFBO_iGotU|23,2007-07174,378|1,none_observed
250,378|1|RFBO_iGotU|25,2007-07174,378|1,none_observed
250,378|1|RFBO_iGotU|32,2007-07174,378|1,none_observed
250,378|1|RFBO_iGotU|35,2007-07174,378|1,none_observed
250,379|1|RFBO_iGotU|2,2007-07175,379|1,pre_only
250,379|1|RFBO_iGotU|3,2007-07175,379|1,none_observed
250,379|1|RFBO_iGotU|6,2007-07175,379|1,none_observed
250,379|1|RFBO_iGotU|7,2007-07175,379|1,pre_only
250,379|1|RFBO_iGotU|8,2007-07175,379|1,none_observed
250,380|1|RFBO_iGotU|1,2007-07176,380|1,post_only
250,380|1|RFBO_iGotU|3,2007-07176,380|1,pre_only
250,380|1|RFBO_iGotU|5,2007-07176,380|1,none_observed
250,380|1|RFBO_iGotU|6,2007-07176,380|1,none_observed
250,380|1|RFBO_iGotU|7,2007-07176,380|1,pre_only
250,380|1|RFBO_iGotU|10,2007-07176,380|1,none_observed
250,380|1|RFBO_iGotU|12,2007-07176,380|1,none_observed
250,380|1|RFBO_iGotU|14,2007-07176,380|1,none_observed
250,380|1|RFBO_iGotU|15,2007-07176,380|1,none_observed
250,380|1|RFBO_iGotU|24,2007-07176,380|1,both
250,380|1|RFBO_iGotU|25,2007-07176,380|1,none_observed
250,380|1|RFBO_iGotU|27,2007-07176,380|1,none_observed
250,380|1|RFBO_iGotU|29,2007-07176,380|1,none_observed
250,380|1|RFBO_iGotU|32,2007-07176,380|1,none_observed
250,380|1|RFBO_iGotU|34,2007-07176,380|1,post_only
250,380|1|RFBO_iGotU|35,2007-07176,380|1,none_observed
250,380|1|RFBO_iGotU|36,2007-07176,380|1,none_observed
250,380|1|RFBO_iGotU|37,2007-07176,380|1,none_observed
250,380|1|RFBO_iGotU|38,2007-07176,380|1,both
250,380|1|RFBO_iGotU|39,2007-07176,380|1,none_observed
250,380|1|RFBO_iGotU|42,2007-07176,380|1,none_observed
250,380|1|RFBO_iGotU|48,2007-07176,380|1,pre_only
250,380|1|RFBO_iGotU|49,2007-07176,380|1,pre_only
250,381|1|RFBO_iGotU|5,2007-07177,381|1,none_observed
250,382|1|RFBO_iGotU|1,2007-07178,382|1,none_observed
250,382|1|RFBO_iGotU|3,2007-07178,382|1,none_observed
250,382|1|RFBO_iGotU|5,2007-07178,382|1,none_observed
250,382|1|RFBO_iGotU|8,2007-07178,382|1,none_observed
250,382|1|RFBO_iGotU|11,2007-07178,382|1,none_observed
250,382|1|RFBO_iGotU|12,2007-07178,382|1,none_observed
250,382|1|RFBO_iGotU|16,2007-07178,382|1,none_observed
250,382|1|RFBO_iGotU|21,2007-07178,382|1,none_observed
250,382|1|RFBO_iGotU|22,2007-07178,382|1,none_observed
250,382|1|RFBO_iGotU|24,2007-07178,382|1,none_observed
250,382|1|RFBO_iGotU|27,2007-07178,382|1,none_observed
250,382|1|RFBO_iGotU|28,2007-07178,382|1,none_observed
250,382|1|RFBO_iGotU|31,2007-07178,382|1,none_observed
250,382|1|RFBO_iGotU|32,2007-07178,382|1,none_observed
250,382|1|RFBO_iGotU|34,2007-07178,382|1,none_observed
250,382|1|RFBO_iGotU|35,2007-07178,382|1,none_observed
250,382|1|RFBO_iGotU|39,2007-07178,382|1,none_observed
250,383|1|RFBO_iGotU|4,2007-07179,383|1,none_observed
250,383|1|RFBO_iGotU|7,2007-07179,383|1,none_observed
250,383|1|RFBO_iGotU|8,2007-07179,383|1,none_observed
250,383|1|RFBO_iGotU|9,2007-07179,383|1,none_observed
250,383|1|RFBO_iGotU|10,2007-07179,383|1,none_observed
250,383|1|RFBO_iGotU|13,2007-07179,383|1,post_only
250,383|1|RFBO_iGotU|16,2007-07179,383|1,none_observed
250,383|1|RFBO_iGotU|17,2007-07179,383|1,post_only
250,383|1|RFBO_iGotU|18,2007-07179,383|1,pre_only
250,383|1|RFBO_iGotU|19,2007-07179,383|1,none_observed
250,383|1|RFBO_iGotU|21,2007-07179,383|1,none_observed
250,383|1|RFBO_iGotU|23,2007-07179,383|1,none_observed
250,383|1|RFBO_iGotU|24,2007-07179,383|1,post_only
250,383|1|RFBO_iGotU|26,2007-07179,383|1,none_observed
250,383|1|RFBO_iGotU|30,2007-07179,383|1,none_observed
250,383|1|RFBO_iGotU|31,2007-07179,383|1,none_observed
250,383|1|RFBO_iGotU|41,2007-07179,383|1,none_observed
250,384|1|RFBO_iGotU|3,2007-07180,384|1,none_observed
250,384|1|RFBO_iGotU|4,2007-07180,384|1,none_observed
250,384|1|RFBO_iGotU|7,2007-07180,384|1,post_only
250,384|1|RFBO_iGotU|9,2007-07180,384|1,none_observed
250,384|1|RFBO_iGotU|15,2007-07180,384|1,post_only
250,384|1|RFBO_iGotU|16,2007-07180,384|1,none_observed
250,386|1|RFBO_iGotU|1,2017-24332,386|1,none_observed
250,386|1|RFBO_iGotU|5,2017-24332,386|1,post_only
250,386|1|RFBO_iGotU|6,2017-24332,386|1,post_only
250,386|1|RFBO_iGotU|7,2017-24332,386|1,none_observed
250,386|1|RFBO_iGotU|10,2017-24332,386|1,none_observed
250,386|1|RFBO_iGotU|19,2017-24332,386|1,none_observed
250,386|1|RFBO_iGotU|24,2017-24332,386|1,none_observed
250,386|1|RFBO_iGotU|25,2017-24332,386|1,none_observed
250,387|1|RFBO_iGotU|1,2017-24336,387|1,none_observed
250,387|1|RFBO_iGotU|4,2017-24336,387|1,none_observed
250,387|1|RFBO_iGotU|5,2017-24336,387|1,none_observed
250,387|1|RFBO_iGotU|6,2017-24336,387|1,pre_only
250,387|1|RFBO_iGotU|11,2017-24336,387|1,none_observed
250,387|1|RFBO_iGotU|14,2017-24336,387|1,none_observed
250,387|1|RFBO_iGotU|18,2017-24336,387|1,none_observed
250,387|1|RFBO_iGotU|19,2017-24336,387|1,none_observed
250,387|1|RFBO_iGotU|20,2017-24336,387|1,none_observed
250,393|1|RFBO_iGotU|2,2017-24342,393|1,none_observed
250,393|1|RFBO_iGotU|5,2017-24342,393|1,none_observed
250,399|1|RFBO_iGotU|7,2017-24360,399|1,none_observed
250,399|1|RFBO_iGotU|8,2017-24360,399|1,none_observed
250,399|1|RFBO_iGotU|9,2017-24360,399|1,post_only
250,399|1|RFBO_iGotU|17,2017-24360,399|1,post_only
250,399|1|RFBO_iGotU|18,2017-24360,399|1,none_observed
250,401|1|RFBO_iGotU|11,2017-24361,401|1,none_observed
250,401|1|RFBO_iGotU|13,2017-24361,401|1,none_observed
250,401|1|RFBO_iGotU|18,2017-24361,401|1,none_observed
250,401|1|RFBO_iGotU|20,2017-24361,401|1,pre_only
250,401|1|RFBO_iGotU|22,2017-24361,401|1,none_observed
250,614|7|RFBO_iGotU|0,2007-07104,614|7,none_observed
250,614|7|RFBO_iGotU|1,2007-07104,614|7,none_observed
250,614|10|RFBO_iGotU|0,2007-07104,614|10,none_observed
250,615|1|RFBO_iGotU|0,2007-07105,615|1,none_observed
250,615|1|RFBO_iGotU|1,2007-07105,615|1,post_only
250,615|1|RFBO_iGotU|2,2007-07105,615|1,none_observed
250,615|1|RFBO_iGotU|3,2007-07105,615|1,none_observed
250,615|2|RFBO_iGotU|0,2007-07105,615|2,post_only
250,615|2|RFBO_iGotU|2,2007-07105,615|2,none_observed
250,615|2|RFBO_iGotU|4,2007-07105,615|2,none_observed
250,615|2|RFBO_iGotU|7,2007-07105,615|2,pre_only
250,615|2|RFBO_iGotU|8,2007-07105,615|2,pre_only
250,615|2|RFBO_iGotU|12,2007-07105,615|2,none_observed
250,615|2|RFBO_iGotU|14,2007-07105,615|2,none_observed
250,615|8|RFBO_iGotU|0,2007-07105,615|8,none_observed
250,615|8|RFBO_iGotU|1,2007-07105,615|8,none_observed
250,615|8|RFBO_iGotU|2,2007-07105,615|8,none_observed
250,615|8|RFBO_iGotU|3,2007-07105,615|8,none_observed
250,616|1|RFBO_iGotU|1,2007-07106,616|1,none_observed
250,616|1|RFBO_iGotU|3,2007-07106,616|1,none_observed
250,616|1|RFBO_iGotU|4,2007-07106,616|1,none_observed
250,616|1|RFBO_iGotU|7,2007-07106,616|1,none_observed
250,616|1|RFBO_iGotU|11,2007-07106,616|1,none_observed
250,616|1|RFBO_iGotU|16,2007-07106,616|1,none_observed
250,616|1|RFBO_iGotU|19,2007-07106,616|1,none_observed
250,616|1|RFBO_iGotU|21,2007-07106,616|1,none_observed
250,616|1|RFBO_iGotU|22,2007-07106,616|1,none_observed
250,616|1|RFBO_iGotU|24,2007-07106,616|1,none_observed
250,616|1|RFBO_iGotU|26,2007-07106,616|1,none_observed
250,616|1|RFBO_iGotU|27,2007-07106,616|1,none_observed
250,617|1|RFBO_iGotU|0,2007-07107,617|1,post_only
250,617|1|RFBO_iGotU|1,2007-07107,617|1,none_observed
250,617|1|RFBO_iGotU|3,2007-07107,617|1,none_observed
250,617|1|RFBO_iGotU|6,2007-07107,617|1,pre_only
250,617|1|RFBO_iGotU|9,2007-07107,617|1,none_observed
250,617|1|RFBO_iGotU|11,2007-07107,617|1,both
250,617|1|RFBO_iGotU|12,2007-07107,617|1,none_observed
250,617|1|RFBO_iGotU|17,2007-07107,617|1,none_observed
250,617|1|RFBO_iGotU|19,2007-07107,617|1,none_observed
250,617|1|RFBO_iGotU|21,2007-07107,617|1,none_observed
250,617|1|RFBO_iGotU|23,2007-07107,617|1,none_observed
250,617|1|RFBO_iGotU|24,2007-07107,617|1,none_observed
250,617|1|RFBO_iGotU|26,2007-07107,617|1,none_observed
250,617|2|RFBO_iGotU|0,2007-07107,617|2,none_observed
250,617|2|RFBO_iGotU|1,2007-07107,617|2,none_observed
250,617|2|RFBO_iGotU|3,2007-07107,617|2,none_observed
250,617|2|RFBO_iGotU|5,2007-07107,617|2,none_observed
250,617|2|RFBO_iGotU|6,2007-07107,617|2,none_observed
250,617|2|RFBO_iGotU|9,2007-07107,617|2,none_observed
250,617|2|RFBO_iGotU|11,2007-07107,617|2,none_observed
250,617|2|RFBO_iGotU|12,2007-07107,617|2,none_observed
250,617|2|RFBO_iGotU|13,2007-07107,617|2,none_observed
250,618|2|RFBO_iGotU|1,2007-07108,618|2,none_observed
250,618|2|RFBO_iGotU|4,2007-07108,618|2,none_observed
250,618|2|RFBO_iGotU|5,2007-07108,618|2,none_observed
250,618|2|RFBO_iGotU|9,2007-07108,618|2,none_observed
250,618|2|RFBO_iGotU|10,2007-07108,618|2,none_observed
250,618|2|RFBO_iGotU|11,2007-07108,618|2,none_observed
250,618|2|RFBO_iGotU|12,2007-07108,618|2,none_observed
250,618|2|RFBO_iGotU|14,2007-07108,618|2,pre_only
250,618|2|RFBO_iGotU|16,2007-07108,618|2,post_only
250,618|2|RFBO_iGotU|18,2007-07108,618|2,none_observed
250,618|2|RFBO_iGotU|19,2007-07108,618|2,post_only
250,618|2|RFBO_iGotU|20,2007-07108,618|2,both
250,618|2|RFBO_iGotU|21,2007-07108,618|2,none_observed
250,618|2|RFBO_iGotU|22,2007-07108,618|2,none_observed
250,618|2|RFBO_iGotU|24,2007-07108,618|2,none_observed
250,618|2|RFBO_iGotU|25,2007-07108,618|2,none_observed
250,618|2|RFBO_iGotU|27,2007-07108,618|2,none_observed
250,618|2|RFBO_iGotU|28,2007-07108,618|2,none_observed
250,618|2|RFBO_iGotU|30,2007-07108,618|2,none_observed
250,619|1|RFBO_iGotU|2,2007-07109,619|1,none_observed
250,619|1|RFBO_iGotU|3,2007-07109,619|1,post_only
250,619|1|RFBO_iGotU|4,2007-07109,619|1,none_observed
250,619|1|RFBO_iGotU|5,2007-07109,619|1,none_observed
250,619|1|RFBO_iGotU|6,2007-07109,619|1,none_observed
250,619|1|RFBO_iGotU|7,2007-07109,619|1,none_observed
250,619|1|RFBO_iGotU|9,2007-07109,619|1,none_observed
250,619|1|RFBO_iGotU|12,2007-07109,619|1,post_only
250,619|1|RFBO_iGotU|13,2007-07109,619|1,pre_only
250,619|4|RFBO_iGotU|2,2007-07109,619|4,none_observed
250,620|1|RFBO_iGotU|0,2007-07110,620|1,none_observed
250,620|1|RFBO_iGotU|2,2007-07110,620|1,none_observed
250,620|1|RFBO_iGotU|3,2007-07110,620|1,none_observed
250,620|1|RFBO_iGotU|4,2007-07110,620|1,none_observed
250,620|2|RFBO_iGotU|4,2007-07110,620|2,none_observed
250,620|2|RFBO_iGotU|6,2007-07110,620|2,none_observed
250,620|2|RFBO_iGotU|8,2007-07110,620|2,none_observed
250,620|2|RFBO_iGotU|10,2007-07110,620|2,none_observed
250,620|2|RFBO_iGotU|12,2007-07110,620|2,none_observed
250,620|2|RFBO_iGotU|13,2007-07110,620|2,pre_only
250,620|2|RFBO_iGotU|14,2007-07110,620|2,none_observed
250,620|2|RFBO_iGotU|15,2007-07110,620|2,post_only
250,620|2|RFBO_iGotU|17,2007-07110,620|2,none_observed
250,620|2|RFBO_iGotU|22,2007-07110,620|2,none_observed
250,620|2|RFBO_iGotU|23,2007-07110,620|2,none_observed
250,620|2|RFBO_iGotU|25,2007-07110,620|2,none_observed
250,620|2|RFBO_iGotU|26,2007-07110,620|2,none_observed
250,620|3|RFBO_iGotU|0,2007-07110,620|3,none_observed
250,620|3|RFBO_iGotU|1,2007-07110,620|3,none_observed
250,620|3|RFBO_iGotU|2,2007-07110,620|3,none_observed
250,620|3|RFBO_iGotU|3,2007-07110,620|3,none_observed
250,620|3|RFBO_iGotU|4,2007-07110,620|3,none_observed
250,620|3|RFBO_iGotU|6,2007-07110,620|3,none_observed
250,621|1|RFBO_iGotU|0,2007-07111,621|1,post_only
250,621|3|RFBO_iGotU|0,2007-07111,621|3,none_observed
250,621|3|RFBO_iGotU|1,2007-07111,621|3,none_observed
250,621|3|RFBO_iGotU|2,2007-07111,621|3,none_observed
250,621|3|RFBO_iGotU|4,2007-07111,621|3,none_observed
250,621|5|RFBO_iGotU|0,2007-07111,621|5,none_observed
250,621|9|RFBO_iGotU|0,2007-07111,621|9,none_observed
250,621|9|RFBO_iGotU|1,2007-07111,621|9,none_observed
250,623|1|RFBO_iGotU|2,2007-07113,623|1,none_observed
250,623|1|RFBO_iGotU|3,2007-07113,623|1,none_observed
250,623|1|RFBO_iGotU|5,2007-07113,623|1,none_observed
250,623|1|RFBO_iGotU|6,2007-07113,623|1,none_observed
250,624|1|RFBO_iGotU|0,2007-07114,624|1,none_observed
250,624|1|RFBO_iGotU|1,2007-07114,624|1,none_observed
250,624|1|RFBO_iGotU|2,2007-07114,624|1,none_observed
250,624|1|RFBO_iGotU|3,2007-07114,624|1,none_observed
250,624|1|RFBO_iGotU|6,2007-07114,624|1,none_observed
250,624|1|RFBO_iGotU|7,2007-07114,624|1,none_observed
250,624|1|RFBO_iGotU|9,2007-07114,624|1,none_observed
250,624|1|RFBO_iGotU|10,2007-07114,624|1,none_observed
250,624|1|RFBO_iGotU|11,2007-07114,624|1,none_observed
250,624|1|RFBO_iGotU|12,2007-07114,624|1,none_observed
250,624|1|RFBO_iGotU|13,2007-07114,624|1,none_observed
250,624|1|RFBO_iGotU|14,2007-07114,624|1,none_observed
250,624|1|RFBO_iGotU|15,2007-07114,624|1,post_only
250,624|1|RFBO_iGotU|18,2007-07114,624|1,none_observed
250,624|1|RFBO_iGotU|19,2007-07114,624|1,none_observed
250,624|1|RFBO_iGotU|20,2007-07114,624|1,none_observed
250,624|1|RFBO_iGotU|21,2007-07114,624|1,none_observed
250,626|1|RFBO_iGotU|1,2007-07116,626|1,pre_only
250,626|1|RFBO_iGotU|2,2007-07116,626|1,none_observed
250,626|1|RFBO_iGotU|5,2007-07116,626|1,pre_only
250,627|1|RFBO_iGotU|1,2007-07117,627|1,none_observed
250,627|1|RFBO_iGotU|2,2007-07117,627|1,none_observed
250,627|1|RFBO_iGotU|3,2007-07117,627|1,post_only
250,627|1|RFBO_iGotU|4,2007-07117,627|1,both
250,627|1|RFBO_iGotU|5,2007-07117,627|1,none_observed
250,627|1|RFBO_iGotU|6,2007-07117,627|1,none_observed
250,627|1|RFBO_iGotU|7,2007-07117,627|1,none_observed
250,627|1|RFBO_iGotU|8,2007-07117,627|1,none_observed
250,627|1|RFBO_iGotU|12,2007-07117,627|1,none_observed
250,627|1|RFBO_iGotU|14,2007-07117,627|1,post_only
250,627|2|RFBO_iGotU|3,2007-07117,627|2,none_observed
250,627|2|RFBO_iGotU|4,2007-07117,627|2,none_observed
250,627|2|RFBO_iGotU|5,2007-07117,627|2,none_observed
250,627|2|RFBO_iGotU|6,2007-07117,627|2,none_observed
250,627|4|RFBO_iGotU|0,2007-07117,627|4,none_observed
250,627|4|RFBO_iGotU|1,2007-07117,627|4,none_observed
250,628|1|RFBO_iGotU|0,2007-07118,628|1,none_observed
250,628|1|RFBO_iGotU|2,2007-07118,628|1,none_observed
250,628|1|RFBO_iGotU|8,2007-07118,628|1,none_observed
250,628|1|RFBO_iGotU|13,2007-07118,628|1,none_observed
250,628|1|RFBO_iGotU|14,2007-07118,628|1,post_only
250,628|2|RFBO_iGotU|3,2007-07118,628|2,none_observed
250,628|3|RFBO_iGotU|7,2007-07118,628|3,none_observed
250,629|1|RFBO_iGotU|1,2007-07119,629|1,none_observed
250,629|1|RFBO_iGotU|2,2007-07119,629|1,none_observed
250,629|1|RFBO_iGotU|3,2007-07119,629|1,none_observed
250,629|1|RFBO_iGotU|6,2007-07119,629|1,none_observed
250,629|1|RFBO_iGotU|7,2007-07119,629|1,pre_only
250,629|2|RFBO_iGotU|0,2007-07119,629|2,none_observed
250,629|2|RFBO_iGotU|1,2007-07119,629|2,none_observed
250,629|2|RFBO_iGotU|2,2007-07119,629|2,none_observed
250,629|2|RFBO_iGotU|3,2007-07119,629|2,post_only
250,629|2|RFBO_iGotU|4,2007-07119,629|2,none_observed
250,629|2|RFBO_iGotU|5,2007-07119,629|2,none_observed
250,629|2|RFBO_iGotU|7,2007-07119,629|2,none_observed
250,629|2|RFBO_iGotU|8,2007-07119,629|2,none_observed
250,630|1|RFBO_iGotU|0,2007-07120,630|1,none_observed
250,630|1|RFBO_iGotU|4,2007-07120,630|1,none_observed
250,630|1|RFBO_iGotU|5,2007-07120,630|1,none_observed
250,630|1|RFBO_iGotU|6,2007-07120,630|1,none_observed
250,630|1|RFBO_iGotU|7,2007-07120,630|1,none_observed
250,630|1|RFBO_iGotU|8,2007-07120,630|1,none_observed
250,630|1|RFBO_iGotU|10,2007-07120,630|1,none_observed
250,630|1|RFBO_iGotU|11,2007-07120,630|1,none_observed
250,630|1|RFBO_iGotU|12,2007-07120,630|1,none_observed
250,630|1|RFBO_iGotU|15,2007-07120,630|1,none_observed
250,630|8|RFBO_iGotU|3,2007-07120,630|8,none_observed
250,630|8|RFBO_iGotU|4,2007-07120,630|8,none_observed
250,631|1|RFBO_iGotU|0,2017-24307,631|1,post_only
250,631|1|RFBO_iGotU|1,2017-24307,631|1,none_observed
250,631|1|RFBO_iGotU|2,2017-24307,631|1,none_observed
250,631|1|RFBO_iGotU|4,2017-24307,631|1,none_observed
250,631|1|RFBO_iGotU|6,2017-24307,631|1,none_observed
250,631|1|RFBO_iGotU|7,2017-24307,631|1,none_observed
250,631|1|RFBO_iGotU|9,2017-24307,631|1,pre_only
250,631|1|RFBO_iGotU|10,2017-24307,631|1,none_observed
250,631|1|RFBO_iGotU|13,2017-24307,631|1,none_observed
250,631|1|RFBO_iGotU|15,2017-24307,631|1,pre_only
250,631|2|RFBO_iGotU|1,2017-24307,631|2,none_observed
250,631|2|RFBO_iGotU|3,2017-24307,631|2,none_observed
250,631|3|RFBO_iGotU|0,2017-24307,631|3,none_observed
250,635|1|RFBO_iGotU|0,2017-24315,635|1,none_observed
250,635|1|RFBO_iGotU|2,2017-24315,635|1,none_observed
250,635|1|RFBO_iGotU|3,2017-24315,635|1,none_observed
250,635|1|RFBO_iGotU|5,2017-24315,635|1,none_observed
250,635|1|RFBO_iGotU|6,2017-24315,635|1,none_observed
250,635|1|RFBO_iGotU|11,2017-24315,635|1,none_observed
250,635|1|RFBO_iGotU|12,2017-24315,635|1,none_observed
250,635|1|RFBO_iGotU|13,2017-24315,635|1,none_observed
250,637|1|RFBO_iGotU|0,2017-24317,637|1,none_observed
250,637|1|RFBO_iGotU|2,2017-24317,637|1,none_observed
250,637|1|RFBO_iGotU|4,2017-24317,637|1,none_observed
250,637|1|RFBO_iGotU|5,2017-24317,637|1,none_observed
250,637|1|RFBO_iGotU|7,2017-24317,637|1,none_observed
250,637|1|RFBO_iGotU|9,2017-24317,637|1,none_observed
250,637|1|RFBO_iGotU|10,2017-24317,637|1,none_observed
250,637|1|RFBO_iGotU|11,2017-24317,637|1,none_observed
250,637|1|RFBO_iGotU|14,2017-24317,637|1,none_observed
250,637|1|RFBO_iGotU|16,2017-24317,637|1,none_observed
250,639|1|RFBO_iGotU|2,2017-24319,639|1,none_observed
250,639|1|RFBO_iGotU|4,2017-24319,639|1,none_observed
250,639|1|RFBO_iGotU|5,2017-24319,639|1,none_observed
250,639|1|RFBO_iGotU|6,2017-24319,639|1,none_observed
250,639|1|RFBO_iGotU|7,2017-24319,639|1,none_observed
250,639|1|RFBO_iGotU|8,2017-24319,639|1,none_observed
250,639|1|RFBO_iGotU|9,2017-24319,639|1,none_observed
250,639|1|RFBO_iGotU|11,2017-24319,639|1,none_observed
250,639|1|RFBO_iGotU|12,2017-24319,639|1,none_observed
250,639|1|RFBO_iGotU|14,2017-24319,639|1,none_observed
250,640|1|RFBO_iGotU|0,2017-24320,640|1,none_observed
250,640|1|RFBO_iGotU|1,2017-24320,640|1,none_observed
250,640|1|RFBO_iGotU|2,2017-24320,640|1,none_observed
250,640|1|RFBO_iGotU|6,2017-24320,640|1,none_observed
250,640|2|RFBO_iGotU|0,2017-24320,640|2,none_observed
250,640|2|RFBO_iGotU|1,2017-24320,640|2,none_observed
250,640|2|RFBO_iGotU|3,2017-24320,640|2,none_observed
250,640|5|RFBO_iGotU|0,2017-24320,640|5,none_observed
250,640|5|RFBO_iGotU|1,2017-24320,640|5,none_observed
250,640|5|RFBO_iGotU|2,2017-24320,640|5,none_observed
250,640|5|RFBO_iGotU|3,2017-24320,640|5,none_observed
250,640|5|RFBO_iGotU|4,2017-24320,640|5,none_observed
250,647|1|RFBO_iGotU|0,2017-24327,647|1,none_observed
250,647|1|RFBO_iGotU|3,2017-24327,647|1,none_observed
250,647|1|RFBO_iGotU|4,2017-24327,647|1,none_observed
250,647|1|RFBO_iGotU|5,2017-24327,647|1,none_observed
250,647|1|RFBO_iGotU|6,2017-24327,647|1,none_observed
250,647|1|RFBO_iGotU|7,2017-24327,647|1,none_observed
250,647|1|RFBO_iGotU|9,2017-24327,647|1,none_observed
250,648|1|RFBO_iGotU|2,2017-24328,648|1,none_observed
250,649|1|RFBO_iGotU|0,2017-24329,649|1,none_observed
250,649|1|RFBO_iGotU|2,2017-24329,649|1,none_observed
250,649|1|RFBO_iGotU|3,2017-24329,649|1,none_observed
250,649|1|RFBO_iGotU|4,2017-24329,649|1,none_observed
250,649|1|RFBO_iGotU|12,2017-24329,649|1,none_observed
250,649|1|RFBO_iGotU|16,2017-24329,649|1,none_observed
250,649|1|RFBO_iGotU|17,2017-24329,649|1,none_observed
250,650|1|RFBO_iGotU|0,2017-24330,650|1,none_observed
250,650|1|RFBO_iGotU|1,2017-24330,650|1,none_observed
250,650|2|RFBO_iGotU|1,2017-24330,650|2,none_observed
250,650|2|RFBO_iGotU|2,2017-24330,650|2,none_observed
250,947|1|RFBO_iGotU|3,2007-09901,947|1,post_only
250,947|1|RFBO_iGotU|7,2007-09901,947|1,none_observed
250,947|1|RFBO_iGotU|8,2007-09901,947|1,none_observed
250,947|1|RFBO_iGotU|9,2007-09901,947|1,none_observed
250,947|1|RFBO_iGotU|10,2007-09901,947|1,none_observed
250,947|1|RFBO_iGotU|11,2007-09901,947|1,none_observed
250,947|1|RFBO_iGotU|15,2007-09901,947|1,both
250,947|1|RFBO_iGotU|17,2007-09901,947|1,none_observed
250,947|1|RFBO_iGotU|18,2007-09901,947|1,pre_only
250,947|1|RFBO_iGotU|22,2007-09901,947|1,pre_only
250,947|1|RFBO_iGotU|23,2007-09901,947|1,none_observed
250,947|1|RFBO_iGotU|25,2007-09901,947|1,none_observed
250,947|1|RFBO_iGotU|26,2007-09901,947|1,none_observed
250,947|1|RFBO_iGotU|35,2007-09901,947|1,post_only
250,947|1|RFBO_iGotU|37,2007-09901,947|1,none_observed
250,947|1|RFBO_iGotU|48,2007-09901,947|1,none_observed
250,947|1|RFBO_iGotU|49,2007-09901,947|1,none_observed
250,947|1|RFBO_iGotU|52,2007-09901,947|1,none_observed
250,947|1|RFBO_iGotU|57,2007-09901,947|1,pre_only
250,947|1|RFBO_iGotU|58,2007-09901,947|1,none_observed
250,947|1|RFBO_iGotU|61,2007-09901,947|1,none_observed
250,947|1|RFBO_iGotU|63,2007-09901,947|1,none_observed
250,947|1|RFBO_iGotU|67,2007-09901,947|1,none_observed
250,947|1|RFBO_iGotU|69,2007-09901,947|1,none_observed
250,947|1|RFBO_iGotU|70,2007-09901,947|1,none_observed
250,947|1|RFBO_iGotU|71,2007-09901,947|1,none_observed
250,947|1|RFBO_iGotU|72,2007-09901,947|1,none_observed
250,947|1|RFBO_iGotU|87,2007-09901,947|1,none_observed
250,947|1|RFBO_iGotU|88,2007-09901,947|1,none_observed
250,947|1|RFBO_iGotU|90,2007-09901,947|1,post_only
250,947|1|RFBO_iGotU|91,2007-09901,947|1,post_only
250,947|1|RFBO_iGotU|92,2007-09901,947|1,none_observed
250,947|1|RFBO_iGotU|93,2007-09901,947|1,none_observed
250,947|1|RFBO_iGotU|95,2007-09901,947|1,none_observed
250,948|1|RFBO_iGotU|4,2007-09911,948|1,pre_only
250,948|1|RFBO_iGotU|5,2007-09911,948|1,none_observed
250,948|1|RFBO_iGotU|6,2007-09911,948|1,none_observed
250,948|1|RFBO_iGotU|7,2007-09911,948|1,none_observed
250,948|1|RFBO_iGotU|9,2007-09911,948|1,none_observed
250,948|1|RFBO_iGotU|11,2007-09911,948|1,none_observed
250,948|1|RFBO_iGotU|17,2007-09911,948|1,none_observed
250,948|1|RFBO_iGotU|19,2007-09911,948|1,none_observed
250,948|1|RFBO_iGotU|21,2007-09911,948|1,none_observed
250,948|1|RFBO_iGotU|23,2007-09911,948|1,none_observed
250,948|1|RFBO_iGotU|24,2007-09911,948|1,none_observed
250,948|1|RFBO_iGotU|25,2007-09911,948|1,none_observed
250,948|1|RFBO_iGotU|26,2007-09911,948|1,none_observed
250,948|1|RFBO_iGotU|27,2007-09911,948|1,none_observed
250,948|1|RFBO_iGotU|28,2007-09911,948|1,none_observed
250,948|1|RFBO_iGotU|29,2007-09911,948|1,post_only
250,948|1|RFBO_iGotU|30,2007-09911,948|1,none_observed
250,948|1|RFBO_iGotU|31,2007-09911,948|1,none_observed
250,949|1|RFBO_iGotU|5,2007-09902,949|1,none_observed
250,949|1|RFBO_iGotU|7,2007-09902,949|1,none_observed
250,949|1|RFBO_iGotU|12,2007-09902,949|1,pre_only
250,949|1|RFBO_iGotU|13,2007-09902,949|1,none_observed
250,949|1|RFBO_iGotU|14,2007-09902,949|1,post_only
250,949|1|RFBO_iGotU|15,2007-09902,949|1,none_observed
250,949|1|RFBO_iGotU|16,2007-09902,949|1,none_observed
250,949|1|RFBO_iGotU|17,2007-09902,949|1,pre_only
250,949|1|RFBO_iGotU|18,2007-09902,949|1,post_only
250,949|1|RFBO_iGotU|20,2007-09902,949|1,none_observed
250,949|1|RFBO_iGotU|21,2007-09902,949|1,both
250,949|1|RFBO_iGotU|23,2007-09902,949|1,both
250,949|1|RFBO_iGotU|26,2007-09902,949|1,none_observed
250,949|1|RFBO_iGotU|28,2007-09902,949|1,none_observed
250,949|1|RFBO_iGotU|29,2007-09902,949|1,none_observed
250,949|1|RFBO_iGotU|31,2007-09902,949|1,none_observed
250,949|1|RFBO_iGotU|35,2007-09902,949|1,pre_only
250,949|1|RFBO_iGotU|36,2007-09902,949|1,post_only
250,949|1|RFBO_iGotU|37,2007-09902,949|1,none_observed
250,949|1|RFBO_iGotU|38,2007-09902,949|1,none_observed
250,949|1|RFBO_iGotU|39,2007-09902,949|1,pre_only
250,949|1|RFBO_iGotU|45,2007-09902,949|1,both
250,949|1|RFBO_iGotU|58,2007-09902,949|1,post_only
250,949|1|RFBO_iGotU|60,2007-09902,949|1,both
250,949|1|RFBO_iGotU|62,2007-09902,949|1,post_only
250,949|1|RFBO_iGotU|64,2007-09902,949|1,none_observed
250,950|1|RFBO_iGotU|3,2007-09912,950|1,none_observed
250,950|1|RFBO_iGotU|5,2007-09912,950|1,none_observed
250,950|1|RFBO_iGotU|7,2007-09912,950|1,none_observed
250,950|1|RFBO_iGotU|16,2007-09912,950|1,none_observed
250,950|1|RFBO_iGotU|20,2007-09912,950|1,none_observed
250,950|1|RFBO_iGotU|21,2007-09912,950|1,none_observed
250,950|1|RFBO_iGotU|25,2007-09912,950|1,both
250,950|2|RFBO_iGotU|1,2007-09912,950|2,none_observed
250,950|2|RFBO_iGotU|2,2007-09912,950|2,none_observed
250,950|2|RFBO_iGotU|8,2007-09912,950|2,none_observed
250,950|2|RFBO_iGotU|11,2007-09912,950|2,none_observed
250,950|2|RFBO_iGotU|13,2007-09912,950|2,pre_only
250,950|2|RFBO_iGotU|14,2007-09912,950|2,none_observed
250,950|2|RFBO_iGotU|15,2007-09912,950|2,none_observed
250,950|2|RFBO_iGotU|21,2007-09912,950|2,none_observed
250,950|2|RFBO_iGotU|22,2007-09912,950|2,both
250,950|2|RFBO_iGotU|24,2007-09912,950|2,none_observed
250,950|2|RFBO_iGotU|26,2007-09912,950|2,pre_only
250,950|2|RFBO_iGotU|28,2007-09912,950|2,both
250,950|2|RFBO_iGotU|29,2007-09912,950|2,none_observed
250,950|2|RFBO_iGotU|32,2007-09912,950|2,none_observed
250,950|2|RFBO_iGotU|33,2007-09912,950|2,pre_only
250,950|2|RFBO_iGotU|34,2007-09912,950|2,none_observed
250,950|2|RFBO_iGotU|40,2007-09912,950|2,none_observed
250,950|2|RFBO_iGotU|42,2007-09912,950|2,none_observed
250,950|2|RFBO_iGotU|43,2007-09912,950|2,none_observed
250,950|2|RFBO_iGotU|44,2007-09912,950|2,none_observed
250,950|2|RFBO_iGotU|46,2007-09912,950|2,pre_only
250,950|2|RFBO_iGotU|49,2007-09912,950|2,none_observed
250,950|2|RFBO_iGotU|50,2007-09912,950|2,pre_only
250,951|1|RFBO_iGotU|1,2007-09903,951|1,post_only
250,951|1|RFBO_iGotU|3,2007-09903,951|1,both
250,951|1|RFBO_iGotU|5,2007-09903,951|1,none_observed
250,951|1|RFBO_iGotU|6,2007-09903,951|1,none_observed
250,951|1|RFBO_iGotU|7,2007-09903,951|1,none_observed
250,951|1|RFBO_iGotU|9,2007-09903,951|1,none_observed
250,951|1|RFBO_iGotU|10,2007-09903,951|1,post_only
250,951|1|RFBO_iGotU|12,2007-09903,951|1,none_observed
250,951|1|RFBO_iGotU|14,2007-09903,951|1,none_observed
250,951|1|RFBO_iGotU|15,2007-09903,951|1,none_observed
250,951|1|RFBO_iGotU|18,2007-09903,951|1,none_observed
250,951|1|RFBO_iGotU|19,2007-09903,951|1,none_observed
250,951|1|RFBO_iGotU|21,2007-09903,951|1,none_observed
250,951|1|RFBO_iGotU|22,2007-09903,951|1,post_only
250,951|1|RFBO_iGotU|24,2007-09903,951|1,post_only
250,951|1|RFBO_iGotU|25,2007-09903,951|1,both
250,951|1|RFBO_iGotU|28,2007-09903,951|1,none_observed
250,951|1|RFBO_iGotU|29,2007-09903,951|1,none_observed
250,951|1|RFBO_iGotU|31,2007-09903,951|1,none_observed
250,951|1|RFBO_iGotU|32,2007-09903,951|1,post_only
250,951|1|RFBO_iGotU|33,2007-09903,951|1,post_only
250,951|1|RFBO_iGotU|34,2007-09903,951|1,post_only
250,951|1|RFBO_iGotU|36,2007-09903,951|1,none_observed
250,951|1|RFBO_iGotU|40,2007-09903,951|1,none_observed
250,951|1|RFBO_iGotU|41,2007-09903,951|1,none_observed
250,951|1|RFBO_iGotU|42,2007-09903,951|1,none_observed
250,951|1|RFBO_iGotU|43,2007-09903,951|1,none_observed
250,951|1|RFBO_iGotU|45,2007-09903,951|1,none_observed
250,951|1|RFBO_iGotU|46,2007-09903,951|1,none_observed
250,952|1|RFBO_iGotU|5,2007-09913,952|1,post_only
250,952|1|RFBO_iGotU|6,2007-09913,952|1,none_observed
250,952|1|RFBO_iGotU|10,2007-09913,952|1,none_observed
250,952|1|RFBO_iGotU|16,2007-09913,952|1,both
250,952|1|RFBO_iGotU|19,2007-09913,952|1,both
250,952|1|RFBO_iGotU|21,2007-09913,952|1,pre_only
250,952|1|RFBO_iGotU|23,2007-09913,952|1,pre_only
250,952|1|RFBO_iGotU|28,2007-09913,952|1,post_only
250,952|1|RFBO_iGotU|31,2007-09913,952|1,pre_only
250,953|1|RFBO_iGotU|1,2007-09904,953|1,none_observed
250,953|1|RFBO_iGotU|12,2007-09904,953|1,none_observed
250,953|1|RFBO_iGotU|14,2007-09904,953|1,none_observed
250,953|1|RFBO_iGotU|15,2007-09904,953|1,post_only
250,953|1|RFBO_iGotU|16,2007-09904,953|1,none_observed
250,953|1|RFBO_iGotU|23,2007-09904,953|1,none_observed
250,953|1|RFBO_iGotU|24,2007-09904,953|1,none_observed
250,953|1|RFBO_iGotU|25,2007-09904,953|1,none_observed
250,953|1|RFBO_iGotU|27,2007-09904,953|1,none_observed
250,953|1|RFBO_iGotU|29,2007-09904,953|1,none_observed
250,953|1|RFBO_iGotU|34,2007-09904,953|1,none_observed
250,953|1|RFBO_iGotU|37,2007-09904,953|1,post_only
250,953|1|RFBO_iGotU|38,2007-09904,953|1,none_observed
250,953|1|RFBO_iGotU|39,2007-09904,953|1,pre_only
250,953|1|RFBO_iGotU|42,2007-09904,953|1,both
250,953|1|RFBO_iGotU|43,2007-09904,953|1,none_observed
250,953|3|RFBO_iGotU|1,2007-09904,953|3,pre_only
250,954|1|RFBO_iGotU|10,2007-09914,954|1,none_observed
250,954|1|RFBO_iGotU|11,2007-09914,954|1,post_only
250,954|1|RFBO_iGotU|12,2007-09914,954|1,none_observed
250,954|1|RFBO_iGotU|14,2007-09914,954|1,pre_only
250,954|1|RFBO_iGotU|16,2007-09914,954|1,none_observed
250,954|1|RFBO_iGotU|22,2007-09914,954|1,none_observed
250,954|1|RFBO_iGotU|30,2007-09914,954|1,none_observed
250,954|1|RFBO_iGotU|31,2007-09914,954|1,none_observed
250,954|1|RFBO_iGotU|35,2007-09914,954|1,none_observed
250,954|1|RFBO_iGotU|36,2007-09914,954|1,post_only
250,954|1|RFBO_iGotU|41,2007-09914,954|1,none_observed
250,954|1|RFBO_iGotU|42,2007-09914,954|1,none_observed
250,954|1|RFBO_iGotU|43,2007-09914,954|1,none_observed
250,954|1|RFBO_iGotU|44,2007-09914,954|1,none_observed
250,954|1|RFBO_iGotU|48,2007-09914,954|1,none_observed
250,954|1|RFBO_iGotU|50,2007-09914,954|1,none_observed
250,954|1|RFBO_iGotU|52,2007-09914,954|1,none_observed
250,954|1|RFBO_iGotU|54,2007-09914,954|1,post_only
250,954|1|RFBO_iGotU|60,2007-09914,954|1,post_only
250,954|1|RFBO_iGotU|62,2007-09914,954|1,both
250,954|1|RFBO_iGotU|64,2007-09914,954|1,post_only
250,954|1|RFBO_iGotU|67,2007-09914,954|1,post_only
250,954|1|RFBO_iGotU|68,2007-09914,954|1,none_observed
250,955|1|RFBO_iGotU|4,2007-09905,955|1,none_observed
250,955|1|RFBO_iGotU|6,2007-09905,955|1,post_only
250,955|1|RFBO_iGotU|8,2007-09905,955|1,none_observed
250,955|1|RFBO_iGotU|11,2007-09905,955|1,none_observed
250,955|1|RFBO_iGotU|16,2007-09905,955|1,none_observed
250,955|1|RFBO_iGotU|19,2007-09905,955|1,post_only
250,955|1|RFBO_iGotU|23,2007-09905,955|1,none_observed
250,955|1|RFBO_iGotU|25,2007-09905,955|1,none_observed
250,955|1|RFBO_iGotU|28,2007-09905,955|1,pre_only
250,955|1|RFBO_iGotU|32,2007-09905,955|1,none_observed
250,955|1|RFBO_iGotU|34,2007-09905,955|1,pre_only
250,955|1|RFBO_iGotU|37,2007-09905,955|1,post_only
250,955|1|RFBO_iGotU|40,2007-09905,955|1,pre_only
250,955|1|RFBO_iGotU|43,2007-09905,955|1,none_observed
250,955|1|RFBO_iGotU|44,2007-09905,955|1,none_observed
250,955|1|RFBO_iGotU|45,2007-09905,955|1,none_observed
250,955|1|RFBO_iGotU|48,2007-09905,955|1,none_observed
250,955|1|RFBO_iGotU|51,2007-09905,955|1,post_only
250,956|1|RFBO_iGotU|2,2007-09915,956|1,both
250,956|1|RFBO_iGotU|3,2007-09915,956|1,none_observed
250,956|1|RFBO_iGotU|4,2007-09915,956|1,none_observed
250,956|1|RFBO_iGotU|8,2007-09915,956|1,pre_only
250,956|1|RFBO_iGotU|9,2007-09915,956|1,post_only
250,956|1|RFBO_iGotU|15,2007-09915,956|1,none_observed
250,956|1|RFBO_iGotU|19,2007-09915,956|1,both
250,956|1|RFBO_iGotU|21,2007-09915,956|1,pre_only
250,956|1|RFBO_iGotU|24,2007-09915,956|1,pre_only
250,956|1|RFBO_iGotU|25,2007-09915,956|1,none_observed
250,956|1|RFBO_iGotU|26,2007-09915,956|1,none_observed
250,956|1|RFBO_iGotU|28,2007-09915,956|1,post_only
250,956|1|RFBO_iGotU|29,2007-09915,956|1,none_observed
250,956|1|RFBO_iGotU|30,2007-09915,956|1,none_observed
250,956|1|RFBO_iGotU|33,2007-09915,956|1,none_observed
250,956|1|RFBO_iGotU|35,2007-09915,956|1,none_observed
250,956|1|RFBO_iGotU|36,2007-09915,956|1,none_observed
250,956|1|RFBO_iGotU|37,2007-09915,956|1,both
250,956|1|RFBO_iGotU|39,2007-09915,956|1,none_observed
250,956|1|RFBO_iGotU|41,2007-09915,956|1,none_observed
250,956|1|RFBO_iGotU|42,2007-09915,956|1,post_only
250,956|1|RFBO_iGotU|44,2007-09915,956|1,both
250,957|1|RFBO_iGotU|1,2007-09906,957|1,post_only
250,957|1|RFBO_iGotU|3,2007-09906,957|1,none_observed
250,957|1|RFBO_iGotU|6,2007-09906,957|1,none_observed
250,957|1|RFBO_iGotU|18,2007-09906,957|1,pre_only
250,957|1|RFBO_iGotU|19,2007-09906,957|1,none_observed
250,957|1|RFBO_iGotU|20,2007-09906,957|1,none_observed
250,957|1|RFBO_iGotU|23,2007-09906,957|1,none_observed
250,957|1|RFBO_iGotU|25,2007-09906,957|1,none_observed
250,957|1|RFBO_iGotU|28,2007-09906,957|1,pre_only
250,957|1|RFBO_iGotU|29,2007-09906,957|1,none_observed
250,958|1|RFBO_iGotU|5,2007-09916,958|1,none_observed
250,958|1|RFBO_iGotU|6,2007-09916,958|1,post_only
250,958|1|RFBO_iGotU|10,2007-09916,958|1,none_observed
250,958|1|RFBO_iGotU|14,2007-09916,958|1,none_observed
250,958|1|RFBO_iGotU|15,2007-09916,958|1,none_observed
250,958|1|RFBO_iGotU|16,2007-09916,958|1,none_observed
250,958|1|RFBO_iGotU|17,2007-09916,958|1,none_observed
250,958|1|RFBO_iGotU|20,2007-09916,958|1,post_only
250,958|1|RFBO_iGotU|26,2007-09916,958|1,none_observed
250,958|1|RFBO_iGotU|30,2007-09916,958|1,none_observed
250,958|1|RFBO_iGotU|36,2007-09916,958|1,pre_only
250,958|1|RFBO_iGotU|37,2007-09916,958|1,none_observed
250,958|1|RFBO_iGotU|41,2007-09916,958|1,none_observed
250,958|1|RFBO_iGotU|42,2007-09916,958|1,none_observed
250,958|1|RFBO_iGotU|44,2007-09916,958|1,none_observed
250,958|1|RFBO_iGotU|46,2007-09916,958|1,none_observed
250,959|1|RFBO_iGotU|5,2007-09922,959|1,none_observed
250,959|1|RFBO_iGotU|6,2007-09922,959|1,none_observed
250,959|1|RFBO_iGotU|7,2007-09922,959|1,both
250,959|1|RFBO_iGotU|9,2007-09922,959|1,none_observed
250,959|1|RFBO_iGotU|11,2007-09922,959|1,pre_only
250,959|1|RFBO_iGotU|13,2007-09922,959|1,none_observed
250,959|1|RFBO_iGotU|17,2007-09922,959|1,none_observed
250,959|1|RFBO_iGotU|18,2007-09922,959|1,post_only
250,959|1|RFBO_iGotU|19,2007-09922,959|1,pre_only
250,959|1|RFBO_iGotU|23,2007-09922,959|1,none_observed
250,959|1|RFBO_iGotU|28,2007-09922,959|1,none_observed
250,959|1|RFBO_iGotU|30,2007-09922,959|1,none_observed
250,959|1|RFBO_iGotU|31,2007-09922,959|1,none_observed
250,959|1|RFBO_iGotU|37,2007-09922,959|1,none_observed
250,959|1|RFBO_iGotU|40,2007-09922,959|1,none_observed
250,959|1|RFBO_iGotU|41,2007-09922,959|1,none_observed
250,959|1|RFBO_iGotU|43,2007-09922,959|1,post_only
250,959|1|RFBO_iGotU|45,2007-09922,959|1,none_observed
250,959|1|RFBO_iGotU|47,2007-09922,959|1,none_observed
250,959|1|RFBO_iGotU|49,2007-09922,959|1,none_observed
250,959|1|RFBO_iGotU|53,2007-09922,959|1,none_observed
250,959|1|RFBO_iGotU|54,2007-09922,959|1,none_observed
250,959|1|RFBO_iGotU|55,2007-09922,959|1,none_observed
250,959|1|RFBO_iGotU|56,2007-09922,959|1,none_observed
250,959|1|RFBO_iGotU|58,2007-09922,959|1,none_observed
250,959|1|RFBO_iGotU|60,2007-09922,959|1,none_observed
250,960|1|RFBO_iGotU|4,2007-09917,960|1,post_only
250,960|1|RFBO_iGotU|5,2007-09917,960|1,both
250,960|1|RFBO_iGotU|7,2007-09917,960|1,none_observed
250,960|1|RFBO_iGotU|10,2007-09917,960|1,none_observed
250,960|1|RFBO_iGotU|11,2007-09917,960|1,none_observed
250,960|1|RFBO_iGotU|15,2007-09917,960|1,post_only
250,960|1|RFBO_iGotU|17,2007-09917,960|1,none_observed
250,960|1|RFBO_iGotU|21,2007-09917,960|1,none_observed
250,960|1|RFBO_iGotU|24,2007-09917,960|1,none_observed
250,960|1|RFBO_iGotU|27,2007-09917,960|1,none_observed
250,960|1|RFBO_iGotU|28,2007-09917,960|1,post_only
250,960|1|RFBO_iGotU|30,2007-09917,960|1,none_observed
250,960|1|RFBO_iGotU|33,2007-09917,960|1,none_observed
250,960|1|RFBO_iGotU|35,2007-09917,960|1,none_observed
250,960|1|RFBO_iGotU|36,2007-09917,960|1,pre_only
250,960|1|RFBO_iGotU|37,2007-09917,960|1,none_observed
250,961|4|RFBO_iGotU|2,2007-09923,961|4,none_observed
250,961|4|RFBO_iGotU|4,2007-09923,961|4,none_observed
250,961|4|RFBO_iGotU|6,2007-09923,961|4,none_observed
250,961|4|RFBO_iGotU|8,2007-09923,961|4,none_observed
250,961|4|RFBO_iGotU|9,2007-09923,961|4,none_observed
250,961|4|RFBO_iGotU|10,2007-09923,961|4,none_observed
250,961|4|RFBO_iGotU|11,2007-09923,961|4,none_observed
250,961|4|RFBO_iGotU|14,2007-09923,961|4,none_observed
250,961|4|RFBO_iGotU|15,2007-09923,961|4,none_observed
250,961|4|RFBO_iGotU|16,2007-09923,961|4,none_observed
250,961|4|RFBO_iGotU|22,2007-09923,961|4,none_observed
250,961|4|RFBO_iGotU|23,2007-09923,961|4,none_observed
250,961|4|RFBO_iGotU|27,2007-09923,961|4,none_observed
250,961|4|RFBO_iGotU|29,2007-09923,961|4,none_observed
250,961|4|RFBO_iGotU|30,2007-09923,961|4,none_observed
250,961|4|RFBO_iGotU|35,2007-09923,961|4,none_observed
250,961|4|RFBO_iGotU|44,2007-09923,961|4,none_observed
250,961|4|RFBO_iGotU|45,2007-09923,961|4,none_observed
250,961|4|RFBO_iGotU|46,2007-09923,961|4,none_observed
250,961|4|RFBO_iGotU|47,2007-09923,961|4,none_observed
250,961|4|RFBO_iGotU|49,2007-09923,961|4,none_observed
250,961|4|RFBO_iGotU|52,2007-09923,961|4,none_observed
250,961|4|RFBO_iGotU|54,2007-09923,961|4,none_observed
250,961|4|RFBO_iGotU|55,2007-09923,961|4,none_observed
250,961|4|RFBO_iGotU|57,2007-09923,961|4,none_observed
250,961|4|RFBO_iGotU|58,2007-09923,961|4,none_observed
250,963|1|RFBO_iGotU|3,2007-09924,963|1,none_observed
250,963|1|RFBO_iGotU|5,2007-09924,963|1,none_observed
250,963|1|RFBO_iGotU|7,2007-09924,963|1,none_observed
250,963|1|RFBO_iGotU|8,2007-09924,963|1,none_observed
250,963|1|RFBO_iGotU|12,2007-09924,963|1,none_observed
250,963|1|RFBO_iGotU|13,2007-09924,963|1,none_observed
250,963|1|RFBO_iGotU|14,2007-09924,963|1,none_observed
250,963|1|RFBO_iGotU|15,2007-09924,963|1,none_observed
250,963|1|RFBO_iGotU|17,2007-09924,963|1,none_observed
250,963|1|RFBO_iGotU|26,2007-09924,963|1,none_observed
250,963|1|RFBO_iGotU|28,2007-09924,963|1,none_observed
250,963|1|RFBO_iGotU|31,2007-09924,963|1,none_observed
250,963|1|RFBO_iGotU|34,2007-09924,963|1,none_observed
250,963|1|RFBO_iGotU|36,2007-09924,963|1,none_observed
250,963|1|RFBO_iGotU|37,2007-09924,963|1,none_observed
250,963|1|RFBO_iGotU|40,2007-09924,963|1,none_observed
250,963|1|RFBO_iGotU|43,2007-09924,963|1,none_observed
250,963|1|RFBO_iGotU|57,2007-09924,963|1,none_observed
250,963|1|RFBO_iGotU|58,2007-09924,963|1,none_observed
250,963|1|RFBO_iGotU|60,2007-09924,963|1,none_observed
250,963|1|RFBO_iGotU|61,2007-09924,963|1,none_observed
250,963|1|RFBO_iGotU|62,2007-09924,963|1,none_observed
250,963|1|RFBO_iGotU|64,2007-09924,963|1,none_observed
250,963|1|RFBO_iGotU|65,2007-09924,963|1,none_observed
250,963|1|RFBO_iGotU|66,2007-09924,963|1,none_observed
250,963|1|RFBO_iGotU|67,2007-09924,963|1,none_observed
250,963|1|RFBO_iGotU|68,2007-09924,963|1,none_observed
250,965|1|RFBO_iGotU|2,2007-09925,965|1,both
250,965|1|RFBO_iGotU|4,2007-09925,965|1,none_observed
250,965|1|RFBO_iGotU|5,2007-09925,965|1,none_observed
250,965|1|RFBO_iGotU|7,2007-09925,965|1,pre_only
250,965|1|RFBO_iGotU|9,2007-09925,965|1,none_observed
250,965|1|RFBO_iGotU|11,2007-09925,965|1,post_only
250,965|1|RFBO_iGotU|16,2007-09925,965|1,post_only
250,965|1|RFBO_iGotU|19,2007-09925,965|1,both
250,965|1|RFBO_iGotU|21,2007-09925,965|1,pre_only
250,965|1|RFBO_iGotU|22,2007-09925,965|1,post_only
250,965|1|RFBO_iGotU|23,2007-09925,965|1,none_observed
250,965|1|RFBO_iGotU|25,2007-09925,965|1,none_observed
250,965|1|RFBO_iGotU|26,2007-09925,965|1,post_only
250,965|1|RFBO_iGotU|27,2007-09925,965|1,none_observed
250,965|1|RFBO_iGotU|28,2007-09925,965|1,pre_only
250,965|1|RFBO_iGotU|31,2007-09925,965|1,none_observed
250,965|1|RFBO_iGotU|32,2007-09925,965|1,none_observed
250,965|1|RFBO_iGotU|33,2007-09925,965|1,none_observed
250,965|1|RFBO_iGotU|34,2007-09925,965|1,none_observed
250,965|1|RFBO_iGotU|35,2007-09925,965|1,none_observed
250,965|1|RFBO_iGotU|42,2007-09925,965|1,none_observed
250,965|1|RFBO_iGotU|43,2007-09925,965|1,none_observed
250,965|1|RFBO_iGotU|44,2007-09925,965|1,none_observed
250,965|1|RFBO_iGotU|45,2007-09925,965|1,none_observed
250,965|1|RFBO_iGotU|46,2007-09925,965|1,post_only
250,966|1|RFBO_iGotU|6,2007-09932,966|1,none_observed
250,966|1|RFBO_iGotU|8,2007-09932,966|1,post_only
250,966|1|RFBO_iGotU|9,2007-09932,966|1,none_observed
250,966|1|RFBO_iGotU|10,2007-09932,966|1,none_observed
250,966|1|RFBO_iGotU|11,2007-09932,966|1,post_only
250,966|1|RFBO_iGotU|18,2007-09932,966|1,none_observed
250,966|1|RFBO_iGotU|30,2007-09932,966|1,none_observed
250,966|1|RFBO_iGotU|34,2007-09932,966|1,none_observed
250,968|1|RFBO_iGotU|1,2007-09933,968|1,none_observed
250,968|1|RFBO_iGotU|5,2007-09933,968|1,none_observed
250,968|1|RFBO_iGotU|7,2007-09933,968|1,post_only
250,968|1|RFBO_iGotU|13,2007-09933,968|1,pre_only
250,968|1|RFBO_iGotU|14,2007-09933,968|1,none_observed
250,968|1|RFBO_iGotU|15,2007-09933,968|1,none_observed
250,968|1|RFBO_iGotU|16,2007-09933,968|1,none_observed
250,968|1|RFBO_iGotU|21,2007-09933,968|1,none_observed
250,968|1|RFBO_iGotU|27,2007-09933,968|1,none_observed
250,968|1|RFBO_iGotU|28,2007-09933,968|1,post_only
250,968|1|RFBO_iGotU|29,2007-09933,968|1,none_observed
250,968|1|RFBO_iGotU|30,2007-09933,968|1,none_observed
250,968|1|RFBO_iGotU|31,2007-09933,968|1,none_observed
250,968|1|RFBO_iGotU|32,2007-09933,968|1,none_observed
250,968|1|RFBO_iGotU|33,2007-09933,968|1,post_only
250,968|1|RFBO_iGotU|34,2007-09933,968|1,none_observed
250,968|1|RFBO_iGotU|47,2007-09933,968|1,none_observed
250,968|1|RFBO_iGotU|48,2007-09933,968|1,pre_only
250,968|1|RFBO_iGotU|51,2007-09933,968|1,none_observed
250,968|1|RFBO_iGotU|53,2007-09933,968|1,none_observed
250,968|1|RFBO_iGotU|62,2007-09933,968|1,none_observed
250,968|1|RFBO_iGotU|66,2007-09933,968|1,none_observed
250,968|1|RFBO_iGotU|68,2007-09933,968|1,none_observed
250,968|1|RFBO_iGotU|70,2007-09933,968|1,both
250,968|1|RFBO_iGotU|71,2007-09933,968|1,none_observed
250,968|1|RFBO_iGotU|74,2007-09933,968|1,none_observed
250,968|1|RFBO_iGotU|75,2007-09933,968|1,none_observed
250,968|1|RFBO_iGotU|79,2007-09933,968|1,none_observed
250,968|7|RFBO_iGotU|1,2007-09933,968|7,none_observed
250,968|7|RFBO_iGotU|3,2007-09933,968|7,none_observed
250,968|9|RFBO_iGotU|1,2007-09933,968|9,none_observed
250,969|1|RFBO_iGotU|1,2007-09934,969|1,none_observed
250,969|1|RFBO_iGotU|2,2007-09934,969|1,none_observed
250,969|1|RFBO_iGotU|6,2007-09934,969|1,pre_only
250,969|1|RFBO_iGotU|7,2007-09934,969|1,none_observed
250,969|1|RFBO_iGotU|8,2007-09934,969|1,both
250,969|1|RFBO_iGotU|9,2007-09934,969|1,post_only
250,969|1|RFBO_iGotU|15,2007-09934,969|1,none_observed
250,969|1|RFBO_iGotU|16,2007-09934,969|1,none_observed
250,969|1|RFBO_iGotU|17,2007-09934,969|1,none_observed
250,969|1|RFBO_iGotU|24,2007-09934,969|1,post_only
250,969|1|RFBO_iGotU|27,2007-09934,969|1,pre_only
250,969|1|RFBO_iGotU|28,2007-09934,969|1,none_observed
250,969|1|RFBO_iGotU|29,2007-09934,969|1,none_observed
250,969|1|RFBO_iGotU|30,2007-09934,969|1,none_observed
250,969|1|RFBO_iGotU|31,2007-09934,969|1,none_observed
250,969|1|RFBO_iGotU|32,2007-09934,969|1,none_observed
250,969|1|RFBO_iGotU|33,2007-09934,969|1,none_observed
250,969|1|RFBO_iGotU|38,2007-09934,969|1,none_observed
250,969|1|RFBO_iGotU|40,2007-09934,969|1,pre_only
250,969|1|RFBO_iGotU|41,2007-09934,969|1,none_observed
250,969|1|RFBO_iGotU|42,2007-09934,969|1,pre_only
250,969|1|RFBO_iGotU|45,2007-09934,969|1,none_observed
250,969|1|RFBO_iGotU|47,2007-09934,969|1,none_observed
250,969|1|RFBO_iGotU|50,2007-09934,969|1,none_observed
250,969|1|RFBO_iGotU|51,2007-09934,969|1,none_observed
250,969|1|RFBO_iGotU|55,2007-09934,969|1,none_observed
250,969|1|RFBO_iGotU|56,2007-09934,969|1,none_observed
250,969|1|RFBO_iGotU|57,2007-09934,969|1,none_observed
250,969|1|RFBO_iGotU|58,2007-09934,969|1,none_observed
250,970|1|RFBO_iGotU|3,2007-09935,970|1,none_observed
250,970|1|RFBO_iGotU|5,2007-09935,970|1,both
250,970|1|RFBO_iGotU|9,2007-09935,970|1,pre_only
250,970|1|RFBO_iGotU|11,2007-09935,970|1,none_observed
250,970|1|RFBO_iGotU|13,2007-09935,970|1,none_observed
250,970|1|RFBO_iGotU|14,2007-09935,970|1,both
250,970|1|RFBO_iGotU|15,2007-09935,970|1,none_observed
250,970|1|RFBO_iGotU|17,2007-09935,970|1,none_observed
250,970|1|RFBO_iGotU|19,2007-09935,970|1,pre_only
250,970|1|RFBO_iGotU|21,2007-09935,970|1,both
250,970|1|RFBO_iGotU|37,2007-09935,970|1,none_observed
250,970|1|RFBO_iGotU|38,2007-09935,970|1,none_observed
250,970|1|RFBO_iGotU|41,2007-09935,970|1,pre_only
250,970|1|RFBO_iGotU|45,2007-09935,970|1,post_only
250,970|1|RFBO_iGotU|50,2007-09935,970|1,post_only
250,970|1|RFBO_iGotU|51,2007-09935,970|1,none_observed
250,970|1|RFBO_iGotU|55,2007-09935,970|1,pre_only
250,970|1|RFBO_iGotU|62,2007-09935,970|1,both
250,970|1|RFBO_iGotU|68,2007-09935,970|1,pre_only
250,970|1|RFBO_iGotU|69,2007-09935,970|1,post_only
250,970|1|RFBO_iGotU|73,2007-09935,970|1,none_observed
250,970|1|RFBO_iGotU|79,2007-09935,970|1,none_observed
250,970|1|RFBO_iGotU|81,2007-09935,970|1,none_observed
250,970|1|RFBO_iGotU|82,2007-09935,970|1,none_observed
250,970|1|RFBO_iGotU|83,2007-09935,970|1,none_observed
250,970|1|RFBO_iGotU|84,2007-09935,970|1,pre_only
250,970|1|RFBO_iGotU|85,2007-09935,970|1,none_observed
250,970|1|RFBO_iGotU|86,2007-09935,970|1,post_only
250,970|1|RFBO_iGotU|87,2007-09935,970|1,none_observed
250,970|1|RFBO_iGotU|88,2007-09935,970|1,none_observed
250,970|1|RFBO_iGotU|92,2007-09935,970|1,pre_only
250,970|1|RFBO_iGotU|93,2007-09935,970|1,both
250,972|2|RFBO_iGotU|1,2007-30801,972|2,post_only
250,972|2|RFBO_iGotU|3,2007-30801,972|2,both
250,972|2|RFBO_iGotU|8,2007-30801,972|2,none_observed
250,972|2|RFBO_iGotU|11,2007-30801,972|2,none_observed
250,972|2|RFBO_iGotU|13,2007-30801,972|2,post_only
250,972|2|RFBO_iGotU|14,2007-30801,972|2,none_observed
250,972|2|RFBO_iGotU|16,2007-30801,972|2,none_observed
250,972|2|RFBO_iGotU|18,2007-30801,972|2,none_observed
250,972|2|RFBO_iGotU|19,2007-30801,972|2,none_observed
250,972|2|RFBO_iGotU|21,2007-30801,972|2,none_observed
250,972|2|RFBO_iGotU|23,2007-30801,972|2,none_observed
250,972|2|RFBO_iGotU|26,2007-30801,972|2,none_observed
250,972|2|RFBO_iGotU|28,2007-30801,972|2,none_observed
250,972|2|RFBO_iGotU|30,2007-30801,972|2,both
250,972|2|RFBO_iGotU|31,2007-30801,972|2,none_observed
250,972|2|RFBO_iGotU|33,2007-30801,972|2,both
250,972|2|RFBO_iGotU|34,2007-30801,972|2,none_observed
250,972|2|RFBO_iGotU|35,2007-30801,972|2,none_observed
250,972|2|RFBO_iGotU|36,2007-30801,972|2,post_only
250,972|2|RFBO_iGotU|39,2007-30801,972|2,none_observed
250,972|2|RFBO_iGotU|42,2007-30801,972|2,none_observed
250,972|2|RFBO_iGotU|43,2007-30801,972|2,none_observed
250,972|2|RFBO_iGotU|44,2007-30801,972|2,none_observed
250,972|2|RFBO_iGotU|48,2007-30801,972|2,both
250,972|2|RFBO_iGotU|49,2007-30801,972|2,pre_only
250,972|2|RFBO_iGotU|50,2007-30801,972|2,none_observed
250,972|2|RFBO_iGotU|65,2007-30801,972|2,post_only
250,972|2|RFBO_iGotU|66,2007-30801,972|2,none_observed
250,972|2|RFBO_iGotU|70,2007-30801,972|2,post_only
250,972|2|RFBO_iGotU|71,2007-30801,972|2,none_observed
250,972|2|RFBO_iGotU|72,2007-30801,972|2,none_observed
250,972|2|RFBO_iGotU|73,2007-30801,972|2,post_only
250,972|2|RFBO_iGotU|74,2007-30801,972|2,none_observed
250,972|2|RFBO_iGotU|76,2007-30801,972|2,none_observed
250,972|2|RFBO_iGotU|79,2007-30801,972|2,none_observed
250,974|4|RFBO_iGotU|2,2007-30802,974|4,both
250,974|4|RFBO_iGotU|3,2007-30802,974|4,none_observed
250,974|4|RFBO_iGotU|4,2007-30802,974|4,pre_only
250,974|4|RFBO_iGotU|5,2007-30802,974|4,both
250,974|4|RFBO_iGotU|7,2007-30802,974|4,pre_only
250,974|4|RFBO_iGotU|8,2007-30802,974|4,none_observed
250,974|4|RFBO_iGotU|12,2007-30802,974|4,post_only
250,974|4|RFBO_iGotU|15,2007-30802,974|4,none_observed
250,974|4|RFBO_iGotU|23,2007-30802,974|4,none_observed
250,974|4|RFBO_iGotU|24,2007-30802,974|4,none_observed
250,974|4|RFBO_iGotU|25,2007-30802,974|4,pre_only
250,974|4|RFBO_iGotU|26,2007-30802,974|4,none_observed
250,974|4|RFBO_iGotU|27,2007-30802,974|4,none_observed
250,974|4|RFBO_iGotU|28,2007-30802,974|4,post_only
250,974|4|RFBO_iGotU|29,2007-30802,974|4,pre_only
250,974|4|RFBO_iGotU|30,2007-30802,974|4,none_observed
250,974|4|RFBO_iGotU|31,2007-30802,974|4,none_observed
250,974|4|RFBO_iGotU|32,2007-30802,974|4,none_observed
250,974|4|RFBO_iGotU|33,2007-30802,974|4,none_observed
250,974|4|RFBO_iGotU|34,2007-30802,974|4,none_observed
250,974|4|RFBO_iGotU|35,2007-30802,974|4,none_observed
250,974|4|RFBO_iGotU|36,2007-30802,974|4,post_only
250,974|4|RFBO_iGotU|39,2007-30802,974|4,post_only
250,974|4|RFBO_iGotU|42,2007-30802,974|4,post_only
250,974|4|RFBO_iGotU|43,2007-30802,974|4,none_observed
250,974|4|RFBO_iGotU|44,2007-30802,974|4,none_observed
250,974|4|RFBO_iGotU|60,2007-30802,974|4,none_observed
250,974|4|RFBO_iGotU|61,2007-30802,974|4,post_only
250,974|4|RFBO_iGotU|62,2007-30802,974|4,pre_only
250,974|4|RFBO_iGotU|63,2007-30802,974|4,pre_only
250,974|4|RFBO_iGotU|71,2007-30802,974|4,none_observed
250,974|4|RFBO_iGotU|74,2007-30802,974|4,none_observed
250,974|4|RFBO_iGotU|76,2007-30802,974|4,none_observed
250,974|4|RFBO_iGotU|79,2007-30802,974|4,none_observed
250,974|4|RFBO_iGotU|85,2007-30802,974|4,post_only
250,974|4|RFBO_iGotU|86,2007-30802,974|4,pre_only
250,976|1|RFBO_iGotU|2,2007-30803,976|1,none_observed
250,976|1|RFBO_iGotU|3,2007-30803,976|1,none_observed
250,976|1|RFBO_iGotU|4,2007-30803,976|1,none_observed
250,976|1|RFBO_iGotU|5,2007-30803,976|1,none_observed
250,976|1|RFBO_iGotU|6,2007-30803,976|1,none_observed
250,976|1|RFBO_iGotU|11,2007-30803,976|1,none_observed
250,976|1|RFBO_iGotU|12,2007-30803,976|1,none_observed
250,976|1|RFBO_iGotU|13,2007-30803,976|1,post_only
250,976|1|RFBO_iGotU|14,2007-30803,976|1,both
250,976|1|RFBO_iGotU|15,2007-30803,976|1,none_observed
250,976|1|RFBO_iGotU|18,2007-30803,976|1,none_observed
250,976|1|RFBO_iGotU|21,2007-30803,976|1,none_observed
250,976|1|RFBO_iGotU|26,2007-30803,976|1,none_observed
250,976|1|RFBO_iGotU|28,2007-30803,976|1,none_observed
250,976|1|RFBO_iGotU|34,2007-30803,976|1,none_observed
250,976|1|RFBO_iGotU|36,2007-30803,976|1,none_observed
250,976|1|RFBO_iGotU|40,2007-30803,976|1,none_observed
250,976|1|RFBO_iGotU|41,2007-30803,976|1,none_observed
250,976|1|RFBO_iGotU|42,2007-30803,976|1,none_observed
250,976|1|RFBO_iGotU|46,2007-30803,976|1,none_observed
250,976|1|RFBO_iGotU|48,2007-30803,976|1,none_observed
250,976|1|RFBO_iGotU|49,2007-30803,976|1,none_observed
250,976|1|RFBO_iGotU|50,2007-30803,976|1,none_observed
250,976|1|RFBO_iGotU|62,2007-30803,976|1,none_observed
250,976|1|RFBO_iGotU|63,2007-30803,976|1,none_observed
250,977|1|RFBO_iGotU|4,2007-30804,977|1,none_observed
250,977|1|RFBO_iGotU|7,2007-30804,977|1,none_observed
250,977|1|RFBO_iGotU|8,2007-30804,977|1,none_observed
250,977|1|RFBO_iGotU|9,2007-30804,977|1,post_only
250,977|1|RFBO_iGotU|11,2007-30804,977|1,none_observed
250,977|1|RFBO_iGotU|18,2007-30804,977|1,none_observed
250,977|1|RFBO_iGotU|19,2007-30804,977|1,both
250,977|1|RFBO_iGotU|22,2007-30804,977|1,none_observed
250,977|1|RFBO_iGotU|24,2007-30804,977|1,none_observed
250,977|1|RFBO_iGotU|26,2007-30804,977|1,pre_only
250,977|1|RFBO_iGotU|33,2007-30804,977|1,both
250,977|1|RFBO_iGotU|34,2007-30804,977|1,none_observed
250,977|1|RFBO_iGotU|35,2007-30804,977|1,none_observed
250,977|1|RFBO_iGotU|36,2007-30804,977|1,pre_only
250,977|1|RFBO_iGotU|38,2007-30804,977|1,none_observed
250,977|1|RFBO_iGotU|40,2007-30804,977|1,both
250,977|1|RFBO_iGotU|41,2007-30804,977|1,both
250,977|1|RFBO_iGotU|42,2007-30804,977|1,post_only
250,977|1|RFBO_iGotU|43,2007-30804,977|1,none_observed
250,977|1|RFBO_iGotU|44,2007-30804,977|1,pre_only
250,977|1|RFBO_iGotU|45,2007-30804,977|1,both
250,977|1|RFBO_iGotU|48,2007-30804,977|1,none_observed
250,977|1|RFBO_iGotU|49,2007-30804,977|1,none_observed
250,977|1|RFBO_iGotU|53,2007-30804,977|1,none_observed
250,977|1|RFBO_iGotU|54,2007-30804,977|1,none_observed
250,977|1|RFBO_iGotU|55,2007-30804,977|1,none_observed
250,977|1|RFBO_iGotU|57,2007-30804,977|1,none_observed
250,977|1|RFBO_iGotU|64,2007-30804,977|1,pre_only
250,977|1|RFBO_iGotU|65,2007-30804,977|1,none_observed
250,977|1|RFBO_iGotU|66,2007-30804,977|1,none_observed
250,977|1|RFBO_iGotU|67,2007-30804,977|1,none_observed
250,977|1|RFBO_iGotU|73,2007-30804,977|1,none_observed
250,977|1|RFBO_iGotU|75,2007-30804,977|1,none_observed
250,977|1|RFBO_iGotU|78,2007-30804,977|1,none_observed
250,980|4|RFBO_iGotU|1,2007-09909,980|4,both
250,980|4|RFBO_iGotU|2,2007-09909,980|4,none_observed
250,980|4|RFBO_iGotU|3,2007-09909,980|4,both
250,980|4|RFBO_iGotU|4,2007-09909,980|4,none_observed
250,980|4|RFBO_iGotU|6,2007-09909,980|4,both
250,980|4|RFBO_iGotU|11,2007-09909,980|4,none_observed
250,980|4|RFBO_iGotU|16,2007-09909,980|4,none_observed
250,980|4|RFBO_iGotU|17,2007-09909,980|4,none_observed
250,980|4|RFBO_iGotU|18,2007-09909,980|4,both
250,980|4|RFBO_iGotU|25,2007-09909,980|4,post_only
250,980|4|RFBO_iGotU|31,2007-09909,980|4,post_only
250,980|4|RFBO_iGotU|33,2007-09909,980|4,pre_only
250,980|4|RFBO_iGotU|36,2007-09909,980|4,none_observed
250,980|4|RFBO_iGotU|38,2007-09909,980|4,post_only
250,980|4|RFBO_iGotU|40,2007-09909,980|4,post_only
250,980|4|RFBO_iGotU|41,2007-09909,980|4,post_only
250,980|4|RFBO_iGotU|42,2007-09909,980|4,pre_only
250,980|4|RFBO_iGotU|44,2007-09909,980|4,none_observed
250,980|4|RFBO_iGotU|48,2007-09909,980|4,post_only
250,980|4|RFBO_iGotU|49,2007-09909,980|4,none_observed
250,980|4|RFBO_iGotU|50,2007-09909,980|4,none_observed
250,980|4|RFBO_iGotU|53,2007-09909,980|4,none_observed
250,980|4|RFBO_iGotU|54,2007-09909,980|4,post_only
250,980|4|RFBO_iGotU|56,2007-09909,980|4,none_observed
250,980|4|RFBO_iGotU|59,2007-09909,980|4,post_only
250,980|4|RFBO_iGotU|60,2007-09909,980|4,both
250,980|4|RFBO_iGotU|62,2007-09909,980|4,both
250,980|4|RFBO_iGotU|63,2007-09909,980|4,pre_only
250,980|4|RFBO_iGotU|64,2007-09909,980|4,none_observed
250,980|4|RFBO_iGotU|67,2007-09909,980|4,post_only
250,980|4|RFBO_iGotU|68,2007-09909,980|4,none_observed
250,980|4|RFBO_iGotU|72,2007-09909,980|4,post_only
250,980|4|RFBO_iGotU|77,2007-09909,980|4,post_only
250,980|4|RFBO_iGotU|78,2007-09909,980|4,none_observed
250,980|4|RFBO_iGotU|85,2007-09909,980|4,pre_only
250,980|5|RFBO_iGotU|0,2007-09909,980|5,none_observed
250,980|5|RFBO_iGotU|4,2007-09909,980|5,post_only
250,980|5|RFBO_iGotU|5,2007-09909,980|5,none_observed
250,980|5|RFBO_iGotU|8,2007-09909,980|5,pre_only
250,980|5|RFBO_iGotU|9,2007-09909,980|5,none_observed
250,980|5|RFBO_iGotU|10,2007-09909,980|5,none_observed
250,980|5|RFBO_iGotU|12,2007-09909,980|5,post_only
250,980|5|RFBO_iGotU|14,2007-09909,980|5,none_observed
250,980|5|RFBO_iGotU|16,2007-09909,980|5,none_observed
250,980|5|RFBO_iGotU|17,2007-09909,980|5,none_observed
250,980|5|RFBO_iGotU|18,2007-09909,980|5,none_observed
250,980|5|RFBO_iGotU|32,2007-09909,980|5,none_observed
250,980|5|RFBO_iGotU|37,2007-09909,980|5,pre_only
250,980|5|RFBO_iGotU|41,2007-09909,980|5,both
250,980|5|RFBO_iGotU|42,2007-09909,980|5,none_observed
250,980|5|RFBO_iGotU|45,2007-09909,980|5,none_observed
250,980|5|RFBO_iGotU|46,2007-09909,980|5,pre_only
250,980|5|RFBO_iGotU|47,2007-09909,980|5,post_only
250,980|5|RFBO_iGotU|52,2007-09909,980|5,none_observed
250,980|5|RFBO_iGotU|55,2007-09909,980|5,none_observed
250,980|5|RFBO_iGotU|56,2007-09909,980|5,none_observed
250,980|5|RFBO_iGotU|60,2007-09909,980|5,none_observed
250,980|5|RFBO_iGotU|61,2007-09909,980|5,post_only
250,980|5|RFBO_iGotU|63,2007-09909,980|5,none_observed
250,980|5|RFBO_iGotU|64,2007-09909,980|5,pre_only
250,980|6|RFBO_iGotU|0,2007-09909,980|6,none_observed
250,980|6|RFBO_iGotU|2,2007-09909,980|6,none_observed
250,980|8|RFBO_iGotU|0,2007-09909,980|8,post_only
250,980|8|RFBO_iGotU|2,2007-09909,980|8,none_observed
250,980|8|RFBO_iGotU|14,2007-09909,980|8,pre_only
250,980|8|RFBO_iGotU|16,2007-09909,980|8,none_observed
250,980|8|RFBO_iGotU|19,2007-09909,980|8,post_only
250,980|8|RFBO_iGotU|24,2007-09909,980|8,post_only
250,980|11|RFBO_iGotU|1,2007-09909,980|11,none_observed
250,980|11|RFBO_iGotU|7,2007-09909,980|11,none_observed
250,980|11|RFBO_iGotU|10,2007-09909,980|11,none_observed
250,980|11|RFBO_iGotU|14,2007-09909,980|11,none_observed
250,980|11|RFBO_iGotU|20,2007-09909,980|11,none_observed
250,980|11|RFBO_iGotU|21,2007-09909,980|11,none_observed
250,980|11|RFBO_iGotU|22,2007-09909,980|11,none_observed
250,980|11|RFBO_iGotU|25,2007-09909,980|11,post_only
250,980|11|RFBO_iGotU|26,2007-09909,980|11,none_observed
250,1030|1|RFBO_iGotU|1,2017-24320,1030|1,none_observed
250,1030|1|RFBO_iGotU|2,2017-24320,1030|1,post_only
250,1030|1|RFBO_iGotU|3,2017-24320,1030|1,pre_only
250,1030|1|RFBO_iGotU|4,2017-24320,1030|1,post_only
250,1030|1|RFBO_iGotU|6,2017-24320,1030|1,none_observed
250,1030|1|RFBO_iGotU|9,2017-24320,1030|1,post_only
250,1030|1|RFBO_iGotU|15,2017-24320,1030|1,none_observed
250,1030|1|RFBO_iGotU|18,2017-24320,1030|1,post_only
250,1030|1|RFBO_iGotU|22,2017-24320,1030|1,none_observed
250,1030|1|RFBO_iGotU|23,2017-24320,1030|1,none_observed
250,1030|1|RFBO_iGotU|24,2017-24320,1030|1,none_observed
250,1030|1|RFBO_iGotU|25,2017-24320,1030|1,none_observed
250,1030|1|RFBO_iGotU|26,2017-24320,1030|1,none_observed
250,1030|1|RFBO_iGotU|31,2017-24320,1030|1,none_observed
250,1030|1|RFBO_iGotU|32,2017-24320,1030|1,post_only
250,1030|1|RFBO_iGotU|33,2017-24320,1030|1,none_observed
250,1030|1|RFBO_iGotU|34,2017-24320,1030|1,none_observed
250,1030|1|RFBO_iGotU|35,2017-24320,1030|1,post_only
250,1030|1|RFBO_iGotU|36,2017-24320,1030|1,none_observed
250,1030|1|RFBO_iGotU|37,2017-24320,1030|1,pre_only
250,1030|1|RFBO_iGotU|38,2017-24320,1030|1,none_observed
250,1030|1|RFBO_iGotU|39,2017-24320,1030|1,none_observed
250,1030|1|RFBO_iGotU|40,2017-24320,1030|1,none_observed
250,1030|1|RFBO_iGotU|41,2017-24320,1030|1,none_observed
250,1030|1|RFBO_iGotU|42,2017-24320,1030|1,pre_only
250,1030|1|RFBO_iGotU|43,2017-24320,1030|1,none_observed
250,1030|1|RFBO_iGotU|45,2017-24320,1030|1,none_observed
250,1030|1|RFBO_iGotU|47,2017-24320,1030|1,none_observed
250,1030|1|RFBO_iGotU|48,2017-24320,1030|1,none_observed
250,1030|1|RFBO_iGotU|49,2017-24320,1030|1,none_observed
250,1030|1|RFBO_iGotU|50,2017-24320,1030|1,none_observed
250,1030|1|RFBO_iGotU|51,2017-24320,1030|1,none_observed
250,1030|1|RFBO_iGotU|52,2017-24320,1030|1,none_observed
250,1034|1|RFBO_iGotU|3,2007-07184,1034|1,none_observed
250,1034|1|RFBO_iGotU|4,2007-07184,1034|1,none_observed
250,1034|1|RFBO_iGotU|5,2007-07184,1034|1,pre_only
250,1034|1|RFBO_iGotU|6,2007-07184,1034|1,none_observed
250,1034|1|RFBO_iGotU|7,2007-07184,1034|1,none_observed
250,1034|1|RFBO_iGotU|8,2007-07184,1034|1,none_observed
250,1034|1|RFBO_iGotU|9,2007-07184,1034|1,none_observed
250,1034|1|RFBO_iGotU|11,2007-07184,1034|1,post_only
250,1034|1|RFBO_iGotU|12,2007-07184,1034|1,pre_only
250,1034|1|RFBO_iGotU|13,2007-07184,1034|1,none_observed
250,1034|1|RFBO_iGotU|14,2007-07184,1034|1,none_observed
250,1034|1|RFBO_iGotU|15,2007-07184,1034|1,none_observed
250,1034|1|RFBO_iGotU|16,2007-07184,1034|1,post_only
250,1034|1|RFBO_iGotU|18,2007-07184,1034|1,none_observed
250,1034|1|RFBO_iGotU|19,2007-07184,1034|1,none_observed
250,1034|1|RFBO_iGotU|21,2007-07184,1034|1,none_observed
250,1034|1|RFBO_iGotU|22,2007-07184,1034|1,none_observed
250,1034|1|RFBO_iGotU|24,2007-07184,1034|1,none_observed
250,1034|1|RFBO_iGotU|25,2007-07184,1034|1,post_only
250,1034|1|RFBO_iGotU|26,2007-07184,1034|1,none_observed
250,1034|1|RFBO_iGotU|27,2007-07184,1034|1,none_observed
250,1034|1|RFBO_iGotU|28,2007-07184,1034|1,none_observed
250,1034|1|RFBO_iGotU|32,2007-07184,1034|1,none_observed
250,1034|1|RFBO_iGotU|33,2007-07184,1034|1,pre_only
250,1034|1|RFBO_iGotU|34,2007-07184,1034|1,none_observed
250,1034|1|RFBO_iGotU|35,2007-07184,1034|1,none_observed
250,1034|1|RFBO_iGotU|36,2007-07184,1034|1,post_only
250,1034|1|RFBO_iGotU|38,2007-07184,1034|1,none_observed
250,1034|1|RFBO_iGotU|42,2007-07184,1034|1,none_observed
250,1034|1|RFBO_iGotU|43,2007-07184,1034|1,none_observed
250,1034|1|RFBO_iGotU|44,2007-07184,1034|1,none_observed
250,1034|1|RFBO_iGotU|46,2007-07184,1034|1,both
250,1034|1|RFBO_iGotU|47,2007-07184,1034|1,none_observed
250,1036|1|RFBO_iGotU|1,2007-07186,1036|1,pre_only
250,1036|1|RFBO_iGotU|2,2007-07186,1036|1,pre_only
250,1036|1|RFBO_iGotU|3,2007-07186,1036|1,none_observed
250,1036|1|RFBO_iGotU|5,2007-07186,1036|1,none_observed
250,1036|1|RFBO_iGotU|6,2007-07186,1036|1,none_observed
250,1036|1|RFBO_iGotU|7,2007-07186,1036|1,none_observed
250,1036|1|RFBO_iGotU|8,2007-07186,1036|1,none_observed
250,1036|1|RFBO_iGotU|10,2007-07186,1036|1,none_observed
250,1036|1|RFBO_iGotU|11,2007-07186,1036|1,pre_only
250,1036|1|RFBO_iGotU|13,2007-07186,1036|1,post_only
250,1036|1|RFBO_iGotU|14,2007-07186,1036|1,none_observed
250,1036|1|RFBO_iGotU|18,2007-07186,1036|1,both
250,1036|1|RFBO_iGotU|20,2007-07186,1036|1,none_observed
250,1036|1|RFBO_iGotU|21,2007-07186,1036|1,none_observed
250,1036|1|RFBO_iGotU|22,2007-07186,1036|1,none_observed
250,1036|1|RFBO_iGotU|23,2007-07186,1036|1,none_observed
250,1036|1|RFBO_iGotU|24,2007-07186,1036|1,none_observed
250,1036|1|RFBO_iGotU|25,2007-07186,1036|1,none_observed
250,1036|1|RFBO_iGotU|26,2007-07186,1036|1,none_observed
250,1036|1|RFBO_iGotU|30,2007-07186,1036|1,pre_only
250,1036|1|RFBO_iGotU|31,2007-07186,1036|1,none_observed
250,1036|1|RFBO_iGotU|34,2007-07186,1036|1,none_observed
250,1036|1|RFBO_iGotU|41,2007-07186,1036|1,none_observed
250,1036|1|RFBO_iGotU|42,2007-07186,1036|1,post_only
250,1036|1|RFBO_iGotU|43,2007-07186,1036|1,none_observed
250,1036|1|RFBO_iGotU|46,2007-07186,1036|1,none_observed
250,1036|1|RFBO_iGotU|48,2007-07186,1036|1,none_observed
250,1036|1|RFBO_iGotU|49,2007-07186,1036|1,none_observed
250,1036|1|RFBO_iGotU|51,2007-07186,1036|1,none_observed
250,1036|1|RFBO_iGotU|52,2007-07186,1036|1,pre_only
250,1036|1|RFBO_iGotU|53,2007-07186,1036|1,post_only
250,1036|1|RFBO_iGotU|54,2007-07186,1036|1,pre_only
250,1036|1|RFBO_iGotU|55,2007-07186,1036|1,pre_only
250,1036|1|RFBO_iGotU|58,2007-07186,1036|1,none_observed
250,1037|1|RFBO_iGotU|1,2007-07187,1037|1,none_observed
250,1037|1|RFBO_iGotU|2,2007-07187,1037|1,none_observed
250,1037|1|RFBO_iGotU|5,2007-07187,1037|1,none_observed
250,1037|1|RFBO_iGotU|7,2007-07187,1037|1,none_observed
250,1037|1|RFBO_iGotU|9,2007-07187,1037|1,none_observed
250,1037|1|RFBO_iGotU|12,2007-07187,1037|1,none_observed
250,1037|1|RFBO_iGotU|13,2007-07187,1037|1,none_observed
250,1037|1|RFBO_iGotU|14,2007-07187,1037|1,none_observed
250,1037|1|RFBO_iGotU|15,2007-07187,1037|1,none_observed
250,1037|1|RFBO_iGotU|16,2007-07187,1037|1,none_observed
250,1037|1|RFBO_iGotU|17,2007-07187,1037|1,none_observed
250,1037|1|RFBO_iGotU|18,2007-07187,1037|1,none_observed
250,1037|1|RFBO_iGotU|20,2007-07187,1037|1,none_observed
250,1037|1|RFBO_iGotU|21,2007-07187,1037|1,none_observed
250,1037|1|RFBO_iGotU|30,2007-07187,1037|1,none_observed
250,1037|1|RFBO_iGotU|32,2007-07187,1037|1,none_observed
250,1037|1|RFBO_iGotU|33,2007-07187,1037|1,none_observed
250,1037|1|RFBO_iGotU|34,2007-07187,1037|1,none_observed
250,1037|1|RFBO_iGotU|35,2007-07187,1037|1,none_observed
250,1037|1|RFBO_iGotU|36,2007-07187,1037|1,none_observed
250,1037|1|RFBO_iGotU|37,2007-07187,1037|1,none_observed
250,1037|1|RFBO_iGotU|38,2007-07187,1037|1,none_observed
250,1037|1|RFBO_iGotU|39,2007-07187,1037|1,none_observed
250,1037|1|RFBO_iGotU|40,2007-07187,1037|1,none_observed
250,1037|1|RFBO_iGotU|41,2007-07187,1037|1,none_observed
250,1037|1|RFBO_iGotU|42,2007-07187,1037|1,none_observed
250,1037|1|RFBO_iGotU|43,2007-07187,1037|1,none_observed
250,1037|1|RFBO_iGotU|44,2007-07187,1037|1,none_observed
250,1037|1|RFBO_iGotU|45,2007-07187,1037|1,none_observed
250,1037|1|RFBO_iGotU|46,2007-07187,1037|1,none_observed
250,1037|1|RFBO_iGotU|47,2007-07187,1037|1,none_observed
250,1037|1|RFBO_iGotU|48,2007-07187,1037|1,none_observed
250,1037|1|RFBO_iGotU|52,2007-07187,1037|1,none_observed
250,1037|1|RFBO_iGotU|53,2007-07187,1037|1,none_observed
250,1037|1|RFBO_iGotU|55,2007-07187,1037|1,none_observed
250,1037|1|RFBO_iGotU|56,2007-07187,1037|1,none_observed
250,1037|1|RFBO_iGotU|57,2007-07187,1037|1,none_observed
250,1037|1|RFBO_iGotU|58,2007-07187,1037|1,none_observed
250,1037|1|RFBO_iGotU|60,2007-07187,1037|1,none_observed
250,1037|1|RFBO_iGotU|61,2007-07187,1037|1,none_observed
250,1038|1|RFBO_iGotU|0,2007-07188,1038|1,none_observed
250,1038|1|RFBO_iGotU|3,2007-07188,1038|1,none_observed
250,1038|1|RFBO_iGotU|4,2007-07188,1038|1,none_observed
250,1038|1|RFBO_iGotU|6,2007-07188,1038|1,none_observed
250,1038|1|RFBO_iGotU|7,2007-07188,1038|1,none_observed
250,1038|1|RFBO_iGotU|8,2007-07188,1038|1,none_observed
250,1038|1|RFBO_iGotU|10,2007-07188,1038|1,none_observed
250,1038|1|RFBO_iGotU|11,2007-07188,1038|1,pre_only
250,1038|1|RFBO_iGotU|17,2007-07188,1038|1,none_observed
250,1038|1|RFBO_iGotU|18,2007-07188,1038|1,none_observed
250,1038|1|RFBO_iGotU|22,2007-07188,1038|1,none_observed
250,1038|1|RFBO_iGotU|26,2007-07188,1038|1,post_only
250,1038|1|RFBO_iGotU|27,2007-07188,1038|1,none_observed
250,1038|1|RFBO_iGotU|28,2007-07188,1038|1,none_observed
250,1038|1|RFBO_iGotU|30,2007-07188,1038|1,none_observed
250,1038|1|RFBO_iGotU|31,2007-07188,1038|1,none_observed
250,1038|1|RFBO_iGotU|37,2007-07188,1038|1,none_observed
250,1038|1|RFBO_iGotU|42,2007-07188,1038|1,none_observed
250,1038|1|RFBO_iGotU|44,2007-07188,1038|1,none_observed
250,1038|1|RFBO_iGotU|46,2007-07188,1038|1,none_observed
250,1038|1|RFBO_iGotU|47,2007-07188,1038|1,none_observed
250,1038|1|RFBO_iGotU|48,2007-07188,1038|1,none_observed
250,1038|1|RFBO_iGotU|51,2007-07188,1038|1,none_observed
250,1038|1|RFBO_iGotU|52,2007-07188,1038|1,none_observed
250,1039|1|RFBO_iGotU|1,2017-24308,1039|1,none_observed
250,1039|1|RFBO_iGotU|3,2017-24308,1039|1,none_observed
250,1039|1|RFBO_iGotU|5,2017-24308,1039|1,pre_only
250,1039|1|RFBO_iGotU|6,2017-24308,1039|1,post_only
250,1039|1|RFBO_iGotU|9,2017-24308,1039|1,both
250,1039|1|RFBO_iGotU|10,2017-24308,1039|1,none_observed
250,1039|1|RFBO_iGotU|11,2017-24308,1039|1,post_only
250,1039|1|RFBO_iGotU|12,2017-24308,1039|1,pre_only
250,1039|1|RFBO_iGotU|14,2017-24308,1039|1,none_observed
250,1039|1|RFBO_iGotU|15,2017-24308,1039|1,none_observed
250,1039|1|RFBO_iGotU|17,2017-24308,1039|1,post_only
250,1039|1|RFBO_iGotU|20,2017-24308,1039|1,both
250,1040|1|RFBO_iGotU|3,2007-07189,1040|1,none_observed
250,1040|1|RFBO_iGotU|5,2007-07189,1040|1,none_observed
250,1040|1|RFBO_iGotU|6,2007-07189,1040|1,none_observed
250,1040|1|RFBO_iGotU|8,2007-07189,1040|1,post_only
250,1040|1|RFBO_iGotU|9,2007-07189,1040|1,none_observed
250,1040|1|RFBO_iGotU|10,2007-07189,1040|1,none_observed
250,1040|1|RFBO_iGotU|13,2007-07189,1040|1,none_observed
250,1040|1|RFBO_iGotU|14,2007-07189,1040|1,none_observed
250,1040|1|RFBO_iGotU|15,2007-07189,1040|1,pre_only
250,1040|1|RFBO_iGotU|17,2007-07189,1040|1,post_only
250,1040|1|RFBO_iGotU|21,2007-07189,1040|1,none_observed
250,1040|1|RFBO_iGotU|25,2007-07189,1040|1,none_observed
250,1040|1|RFBO_iGotU|26,2007-07189,1040|1,none_observed
250,1040|1|RFBO_iGotU|27,2007-07189,1040|1,pre_only
250,1040|2|RFBO_iGotU|0,2007-07189,1040|2,none_observed
250,1040|2|RFBO_iGotU|4,2007-07189,1040|2,none_observed
250,1040|2|RFBO_iGotU|5,2007-07189,1040|2,pre_only
250,1040|2|RFBO_iGotU|6,2007-07189,1040|2,none_observed
250,1040|2|RFBO_iGotU|8,2007-07189,1040|2,none_observed
250,1040|2|RFBO_iGotU|9,2007-07189,1040|2,both
250,1040|2|RFBO_iGotU|11,2007-07189,1040|2,none_observed
250,1040|2|RFBO_iGotU|12,2007-07189,1040|2,none_observed
250,1040|2|RFBO_iGotU|19,2007-07189,1040|2,post_only
250,1040|2|RFBO_iGotU|21,2007-07189,1040|2,none_observed
250,1040|2|RFBO_iGotU|22,2007-07189,1040|2,none_observed
250,1040|4|RFBO_iGotU|0,2007-07189,1040|4,none_observed
250,1040|6|RFBO_iGotU|0,2007-07189,1040|6,none_observed
250,1042|1|RFBO_iGotU|2,2007-07191,1042|1,none_observed
250,1042|1|RFBO_iGotU|7,2007-07191,1042|1,none_observed
250,1042|1|RFBO_iGotU|9,2007-07191,1042|1,none_observed
250,1042|1|RFBO_iGotU|11,2007-07191,1042|1,none_observed
250,1042|1|RFBO_iGotU|15,2007-07191,1042|1,none_observed
250,1042|1|RFBO_iGotU|22,2007-07191,1042|1,none_observed
250,1042|1|RFBO_iGotU|23,2007-07191,1042|1,none_observed
250,1042|1|RFBO_iGotU|24,2007-07191,1042|1,none_observed
250,1042|1|RFBO_iGotU|30,2007-07191,1042|1,none_observed
250,1042|1|RFBO_iGotU|31,2007-07191,1042|1,none_observed
250,1042|1|RFBO_iGotU|32,2007-07191,1042|1,none_observed
250,1042|1|RFBO_iGotU|43,2007-07191,1042|1,post_only
250,1042|1|RFBO_iGotU|44,2007-07191,1042|1,pre_only
250,1042|1|RFBO_iGotU|45,2007-07191,1042|1,none_observed
250,1042|1|RFBO_iGotU|47,2007-07191,1042|1,none_observed
250,1042|1|RFBO_iGotU|49,2007-07191,1042|1,pre_only
250,1042|1|RFBO_iGotU|50,2007-07191,1042|1,none_observed
250,1042|1|RFBO_iGotU|51,2007-07191,1042|1,none_observed
250,1042|1|RFBO_iGotU|52,2007-07191,1042|1,none_observed
250,1042|1|RFBO_iGotU|56,2007-07191,1042|1,none_observed
250,1042|1|RFBO_iGotU|57,2007-07191,1042|1,none_observed
250,1042|1|RFBO_iGotU|62,2007-07191,1042|1,none_observed
250,1042|1|RFBO_iGotU|65,2007-07191,1042|1,none_observed
250,1042|1|RFBO_iGotU|66,2007-07191,1042|1,none_observed
250,1042|1|RFBO_iGotU|67,2007-07191,1042|1,pre_only
250,1042|1|RFBO_iGotU|69,2007-07191,1042|1,none_observed
250,1042|1|RFBO_iGotU|70,2007-07191,1042|1,post_only
250,1042|1|RFBO_iGotU|75,2007-07191,1042|1,both
250,1042|1|RFBO_iGotU|79,2007-07191,1042|1,post_only
250,1043|1|RFBO_iGotU|3,2007-07192,1043|1,both
250,1043|1|RFBO_iGotU|5,2007-07192,1043|1,none_observed
250,1043|1|RFBO_iGotU|7,2007-07192,1043|1,none_observed
250,1043|1|RFBO_iGotU|10,2007-07192,1043|1,none_observed
250,1043|1|RFBO_iGotU|11,2007-07192,1043|1,pre_only
250,1043|1|RFBO_iGotU|12,2007-07192,1043|1,none_observed
250,1043|1|RFBO_iGotU|13,2007-07192,1043|1,none_observed
250,1043|1|RFBO_iGotU|14,2007-07192,1043|1,none_observed
250,1043|1|RFBO_iGotU|16,2007-07192,1043|1,none_observed
250,1043|1|RFBO_iGotU|17,2007-07192,1043|1,none_observed
250,1043|1|RFBO_iGotU|18,2007-07192,1043|1,pre_only
250,1043|1|RFBO_iGotU|19,2007-07192,1043|1,post_only
250,1043|1|RFBO_iGotU|20,2007-07192,1043|1,none_observed
250,1043|1|RFBO_iGotU|21,2007-07192,1043|1,none_observed
250,1043|1|RFBO_iGotU|22,2007-07192,1043|1,pre_only
250,1043|1|RFBO_iGotU|23,2007-07192,1043|1,none_observed
250,1043|1|RFBO_iGotU|24,2007-07192,1043|1,none_observed
250,1043|1|RFBO_iGotU|26,2007-07192,1043|1,none_observed
250,1043|1|RFBO_iGotU|27,2007-07192,1043|1,post_only
250,1043|1|RFBO_iGotU|28,2007-07192,1043|1,pre_only
250,1043|1|RFBO_iGotU|29,2007-07192,1043|1,pre_only
250,1043|1|RFBO_iGotU|30,2007-07192,1043|1,none_observed
250,1043|1|RFBO_iGotU|32,2007-07192,1043|1,none_observed
250,1043|1|RFBO_iGotU|33,2007-07192,1043|1,none_observed
250,1043|1|RFBO_iGotU|34,2007-07192,1043|1,none_observed
250,1043|1|RFBO_iGotU|37,2007-07192,1043|1,none_observed
250,1043|1|RFBO_iGotU|38,2007-07192,1043|1,both
250,1043|1|RFBO_iGotU|45,2007-07192,1043|1,none_observed
250,1043|1|RFBO_iGotU|50,2007-07192,1043|1,none_observed
250,1043|1|RFBO_iGotU|51,2007-07192,1043|1,none_observed
250,1043|1|RFBO_iGotU|59,2007-07192,1043|1,post_only
250,1043|1|RFBO_iGotU|60,2007-07192,1043|1,none_observed
250,1043|1|RFBO_iGotU|63,2007-07192,1043|1,none_observed
250,1043|1|RFBO_iGotU|64,2007-07192,1043|1,post_only
250,1043|1|RFBO_iGotU|65,2007-07192,1043|1,none_observed
250,1049|1|RFBO_iGotU|0,2007-07105,1049|1,none_observed
250,1049|1|RFBO_iGotU|2,2007-07105,1049|1,post_only
250,1049|1|RFBO_iGotU|4,2007-07105,1049|1,none_observed
250,1049|1|RFBO_iGotU|13,2007-07105,1049|1,none_observed
250,1049|1|RFBO_iGotU|17,2007-07105,1049|1,pre_only
250,1049|1|RFBO_iGotU|18,2007-07105,1049|1,pre_only
250,1049|1|RFBO_iGotU|21,2007-07105,1049|1,pre_only
250,1049|1|RFBO_iGotU|22,2007-07105,1049|1,post_only
250,1049|1|RFBO_iGotU|25,2007-07105,1049|1,both
250,1049|1|RFBO_iGotU|26,2007-07105,1049|1,none_observed
250,1049|1|RFBO_iGotU|27,2007-07105,1049|1,none_observed
250,1049|1|RFBO_iGotU|28,2007-07105,1049|1,none_observed
250,1049|1|RFBO_iGotU|29,2007-07105,1049|1,none_observed
250,1049|1|RFBO_iGotU|37,2007-07105,1049|1,none_observed
250,1049|1|RFBO_iGotU|38,2007-07105,1049|1,none_observed
250,1049|1|RFBO_iGotU|39,2007-07105,1049|1,none_observed
250,1049|1|RFBO_iGotU|40,2007-07105,1049|1,none_observed
250,1049|1|RFBO_iGotU|41,2007-07105,1049|1,post_only
250,1049|1|RFBO_iGotU|42,2007-07105,1049|1,none_observed
250,1049|1|RFBO_iGotU|43,2007-07105,1049|1,none_observed
250,1049|1|RFBO_iGotU|45,2007-07105,1049|1,none_observed
250,1049|1|RFBO_iGotU|46,2007-07105,1049|1,none_observed
250,1049|1|RFBO_iGotU|48,2007-07105,1049|1,none_observed
250,1049|1|RFBO_iGotU|49,2007-07105,1049|1,none_observed
250,1049|1|RFBO_iGotU|50,2007-07105,1049|1,none_observed
250,1049|1|RFBO_iGotU|54,2007-07105,1049|1,none_observed
250,1049|1|RFBO_iGotU|55,2007-07105,1049|1,none_observed
250,1049|1|RFBO_iGotU|56,2007-07105,1049|1,none_observed
250,1049|1|RFBO_iGotU|57,2007-07105,1049|1,none_observed
250,1049|1|RFBO_iGotU|58,2007-07105,1049|1,none_observed
250,1049|1|RFBO_iGotU|59,2007-07105,1049|1,post_only
250,1049|1|RFBO_iGotU|61,2007-07105,1049|1,none_observed
250,1049|1|RFBO_iGotU|63,2007-07105,1049|1,none_observed
250,1050|1|RFBO_iGotU|2,2017-24329,1050|1,none_observed
250,1050|1|RFBO_iGotU|3,2017-24329,1050|1,both
250,1050|1|RFBO_iGotU|8,2017-24329,1050|1,none_observed
250,1050|1|RFBO_iGotU|11,2017-24329,1050|1,post_only
250,1050|1|RFBO_iGotU|14,2017-24329,1050|1,post_only
250,1050|1|RFBO_iGotU|15,2017-24329,1050|1,none_observed
250,1050|1|RFBO_iGotU|16,2017-24329,1050|1,post_only
250,1050|1|RFBO_iGotU|17,2017-24329,1050|1,none_observed
250,1050|1|RFBO_iGotU|19,2017-24329,1050|1,none_observed
250,1050|1|RFBO_iGotU|20,2017-24329,1050|1,pre_only
250,1050|1|RFBO_iGotU|25,2017-24329,1050|1,both
250,1050|1|RFBO_iGotU|26,2017-24329,1050|1,none_observed
250,1050|1|RFBO_iGotU|27,2017-24329,1050|1,none_observed
250,1050|1|RFBO_iGotU|28,2017-24329,1050|1,none_observed
250,1050|1|RFBO_iGotU|29,2017-24329,1050|1,none_observed
250,1050|1|RFBO_iGotU|30,2017-24329,1050|1,post_only
250,1050|1|RFBO_iGotU|31,2017-24329,1050|1,pre_only
250,1050|3|RFBO_iGotU|0,2017-24329,1050|3,none_observed
250,1050|3|RFBO_iGotU|3,2017-24329,1050|3,none_observed
250,1050|3|RFBO_iGotU|6,2017-24329,1050|3,none_observed
250,1050|3|RFBO_iGotU|8,2017-24329,1050|3,none_observed
250,1050|3|RFBO_iGotU|9,2017-24329,1050|3,none_observed
250,1050|3|RFBO_iGotU|10,2017-24329,1050|3,post_only
250,1050|3|RFBO_iGotU|12,2017-24329,1050|3,post_only
250,1050|3|RFBO_iGotU|14,2017-24329,1050|3,none_observed
250,1050|3|RFBO_iGotU|16,2017-24329,1050|3,none_observed
250,1050|3|RFBO_iGotU|17,2017-24329,1050|3,none_observed
250,1050|3|RFBO_iGotU|18,2017-24329,1050|3,none_observed
250,1050|3|RFBO_iGotU|20,2017-24329,1050|3,none_observed
250,1050|3|RFBO_iGotU|21,2017-24329,1050|3,none_observed
250,1050|3|RFBO_iGotU|22,2017-24329,1050|3,none_observed
250,1050|3|RFBO_iGotU|23,2017-24329,1050|3,none_observed
250,1050|3|RFBO_iGotU|24,2017-24329,1050|3,post_only
250,1053|1|RFBO_iGotU|2,2007-07129,1053|1,both
250,1053|1|RFBO_iGotU|4,2007-07129,1053|1,post_only
250,1053|1|RFBO_iGotU|5,2007-07129,1053|1,both
250,1053|1|RFBO_iGotU|9,2007-07129,1053|1,none_observed
250,1053|1|RFBO_iGotU|14,2007-07129,1053|1,none_observed
250,1053|1|RFBO_iGotU|15,2007-07129,1053|1,pre_only
250,1053|1|RFBO_iGotU|16,2007-07129,1053|1,none_observed
250,1053|1|RFBO_iGotU|17,2007-07129,1053|1,none_observed
250,1053|1|RFBO_iGotU|18,2007-07129,1053|1,none_observed
250,1053|1|RFBO_iGotU|22,2007-07129,1053|1,none_observed
250,1053|1|RFBO_iGotU|24,2007-07129,1053|1,none_observed
250,1053|1|RFBO_iGotU|26,2007-07129,1053|1,none_observed
250,1053|1|RFBO_iGotU|29,2007-07129,1053|1,pre_only
250,1053|1|RFBO_iGotU|30,2007-07129,1053|1,none_observed
250,1053|1|RFBO_iGotU|33,2007-07129,1053|1,none_observed
250,1053|1|RFBO_iGotU|35,2007-07129,1053|1,post_only
250,1053|1|RFBO_iGotU|36,2007-07129,1053|1,none_observed
250,1053|1|RFBO_iGotU|37,2007-07129,1053|1,both
250,1053|1|RFBO_iGotU|38,2007-07129,1053|1,none_observed
250,1053|1|RFBO_iGotU|41,2007-07129,1053|1,none_observed
250,1053|1|RFBO_iGotU|42,2007-07129,1053|1,none_observed
250,1053|1|RFBO_iGotU|43,2007-07129,1053|1,none_observed
250,1053|1|RFBO_iGotU|47,2007-07129,1053|1,none_observed
250,1053|6|RFBO_iGotU|2,2007-07129,1053|6,none_observed
250,1053|6|RFBO_iGotU|3,2007-07129,1053|6,pre_only
250,1053|6|RFBO_iGotU|4,2007-07129,1053|6,none_observed
250,1053|6|RFBO_iGotU|8,2007-07129,1053|6,none_observed
250,1053|6|RFBO_iGotU|9,2007-07129,1053|6,none_observed
250,1054|1|RFBO_iGotU|1,2007-07200,1054|1,none_observed
250,1054|1|RFBO_iGotU|2,2007-07200,1054|1,post_only
250,1054|1|RFBO_iGotU|4,2007-07200,1054|1,both
250,1054|1|RFBO_iGotU|7,2007-07200,1054|1,both
250,1054|1|RFBO_iGotU|9,2007-07200,1054|1,pre_only
250,1054|1|RFBO_iGotU|12,2007-07200,1054|1,both
250,1054|1|RFBO_iGotU|16,2007-07200,1054|1,both
250,1054|1|RFBO_iGotU|18,2007-07200,1054|1,pre_only
250,1054|1|RFBO_iGotU|20,2007-07200,1054|1,post_only
250,1054|1|RFBO_iGotU|21,2007-07200,1054|1,none_observed
250,1054|1|RFBO_iGotU|22,2007-07200,1054|1,none_observed
250,1054|1|RFBO_iGotU|23,2007-07200,1054|1,pre_only
250,1054|1|RFBO_iGotU|24,2007-07200,1054|1,none_observed
250,1054|1|RFBO_iGotU|25,2007-07200,1054|1,none_observed
250,1054|1|RFBO_iGotU|27,2007-07200,1054|1,none_observed
250,1054|1|RFBO_iGotU|28,2007-07200,1054|1,none_observed
250,1054|1|RFBO_iGotU|29,2007-07200,1054|1,none_observed
250,1054|1|RFBO_iGotU|34,2007-07200,1054|1,none_observed
250,1054|1|RFBO_iGotU|35,2007-07200,1054|1,none_observed
250,1054|1|RFBO_iGotU|36,2007-07200,1054|1,post_only
250,1054|1|RFBO_iGotU|38,2007-07200,1054|1,pre_only
250,1054|1|RFBO_iGotU|39,2007-07200,1054|1,none_observed
250,1054|1|RFBO_iGotU|40,2007-07200,1054|1,none_observed
250,1054|1|RFBO_iGotU|41,2007-07200,1054|1,none_observed
250,1054|1|RFBO_iGotU|42,2007-07200,1054|1,none_observed
250,1054|1|RFBO_iGotU|43,2007-07200,1054|1,post_only
250,1054|1|RFBO_iGotU|44,2007-07200,1054|1,post_only
250,1054|1|RFBO_iGotU|46,2007-07200,1054|1,none_observed
250,1054|1|RFBO_iGotU|49,2007-07200,1054|1,none_observed
250,1054|1|RFBO_iGotU|50,2007-07200,1054|1,none_observed
250,1054|1|RFBO_iGotU|52,2007-07200,1054|1,none_observed
250,1054|1|RFBO_iGotU|53,2007-07200,1054|1,none_observed
250,1054|1|RFBO_iGotU|56,2007-07200,1054|1,pre_only
250,1054|1|RFBO_iGotU|58,2007-07200,1054|1,none_observed
250,1054|1|RFBO_iGotU|59,2007-07200,1054|1,post_only
250,1055|1|RFBO_iGotU|2,2007-07130,1055|1,none_observed
250,1055|1|RFBO_iGotU|4,2007-07130,1055|1,none_observed
250,1055|1|RFBO_iGotU|5,2007-07130,1055|1,none_observed
250,1055|1|RFBO_iGotU|11,2007-07130,1055|1,post_only
250,1055|1|RFBO_iGotU|12,2007-07130,1055|1,none_observed
250,1055|1|RFBO_iGotU|13,2007-07130,1055|1,none_observed
250,1055|1|RFBO_iGotU|14,2007-07130,1055|1,none_observed
250,1055|1|RFBO_iGotU|19,2007-07130,1055|1,none_observed
250,1055|1|RFBO_iGotU|20,2007-07130,1055|1,none_observed
250,1055|1|RFBO_iGotU|21,2007-07130,1055|1,none_observed
250,1055|1|RFBO_iGotU|26,2007-07130,1055|1,none_observed
250,1055|1|RFBO_iGotU|30,2007-07130,1055|1,none_observed
250,1055|1|RFBO_iGotU|31,2007-07130,1055|1,none_observed
250,1055|1|RFBO_iGotU|34,2007-07130,1055|1,none_observed
250,1055|1|RFBO_iGotU|36,2007-07130,1055|1,none_observed
250,1055|1|RFBO_iGotU|37,2007-07130,1055|1,none_observed
250,1055|1|RFBO_iGotU|38,2007-07130,1055|1,none_observed
250,1055|1|RFBO_iGotU|44,2007-07130,1055|1,none_observed
250,1055|1|RFBO_iGotU|47,2007-07130,1055|1,none_observed
250,1055|1|RFBO_iGotU|48,2007-07130,1055|1,pre_only
250,1055|1|RFBO_iGotU|49,2007-07130,1055|1,none_observed
250,1055|1|RFBO_iGotU|50,2007-07130,1055|1,none_observed
250,1055|1|RFBO_iGotU|56,2007-07130,1055|1,none_observed
250,1055|1|RFBO_iGotU|57,2007-07130,1055|1,none_observed
250,1055|1|RFBO_iGotU|58,2007-07130,1055|1,none_observed
250,1055|1|RFBO_iGotU|65,2007-07130,1055|1,none_observed
250,1055|1|RFBO_iGotU|70,2007-07130,1055|1,none_observed
250,1055|1|RFBO_iGotU|75,2007-07130,1055|1,none_observed
250,1056|1|RFBO_iGotU|0,2007-07136,1056|1,none_observed
250,1056|1|RFBO_iGotU|2,2007-07136,1056|1,none_observed
250,1056|1|RFBO_iGotU|3,2007-07136,1056|1,none_observed
250,1056|1|RFBO_iGotU|4,2007-07136,1056|1,none_observed
250,1056|1|RFBO_iGotU|5,2007-07136,1056|1,none_observed
250,1056|1|RFBO_iGotU|6,2007-07136,1056|1,none_observed
250,1056|1|RFBO_iGotU|11,2007-07136,1056|1,none_observed
250,1056|1|RFBO_iGotU|12,2007-07136,1056|1,post_only
250,1056|1|RFBO_iGotU|13,2007-07136,1056|1,none_observed
250,1056|1|RFBO_iGotU|14,2007-07136,1056|1,none_observed
250,1056|1|RFBO_iGotU|15,2007-07136,1056|1,post_only
250,1056|1|RFBO_iGotU|20,2007-07136,1056|1,none_observed
250,1056|1|RFBO_iGotU|21,2007-07136,1056|1,none_observed
250,1056|1|RFBO_iGotU|23,2007-07136,1056|1,none_observed
250,1056|1|RFBO_iGotU|24,2007-07136,1056|1,post_only
250,1056|1|RFBO_iGotU|25,2007-07136,1056|1,none_observed
250,1056|1|RFBO_iGotU|28,2007-07136,1056|1,none_observed
250,1056|1|RFBO_iGotU|29,2007-07136,1056|1,pre_only
250,1056|1|RFBO_iGotU|31,2007-07136,1056|1,post_only
250,1056|1|RFBO_iGotU|32,2007-07136,1056|1,none_observed
250,1056|1|RFBO_iGotU|33,2007-07136,1056|1,none_observed
250,1056|1|RFBO_iGotU|34,2007-07136,1056|1,none_observed
250,1056|1|RFBO_iGotU|38,2007-07136,1056|1,none_observed
250,1056|1|RFBO_iGotU|40,2007-07136,1056|1,none_observed
250,1056|1|RFBO_iGotU|41,2007-07136,1056|1,none_observed
250,1056|1|RFBO_iGotU|45,2007-07136,1056|1,none_observed
250,1056|1|RFBO_iGotU|46,2007-07136,1056|1,none_observed
250,1056|2|RFBO_iGotU|0,2007-07136,1056|2,none_observed
250,1056|3|RFBO_iGotU|0,2007-07136,1056|3,pre_only
250,1056|3|RFBO_iGotU|1,2007-07136,1056|3,none_observed
250,1056|3|RFBO_iGotU|2,2007-07136,1056|3,none_observed
250,1056|3|RFBO_iGotU|6,2007-07136,1056|3,none_observed
250,1056|3|RFBO_iGotU|7,2007-07136,1056|3,none_observed
250,1056|3|RFBO_iGotU|9,2007-07136,1056|3,none_observed
250,1057|1|RFBO_iGotU|2,2007-07137,1057|1,none_observed
250,1057|1|RFBO_iGotU|3,2007-07137,1057|1,none_observed
250,1057|1|RFBO_iGotU|6,2007-07137,1057|1,none_observed
250,1057|1|RFBO_iGotU|7,2007-07137,1057|1,none_observed
250,1057|1|RFBO_iGotU|12,2007-07137,1057|1,none_observed
250,1057|1|RFBO_iGotU|14,2007-07137,1057|1,both
250,1057|1|RFBO_iGotU|15,2007-07137,1057|1,pre_only
250,1057|1|RFBO_iGotU|16,2007-07137,1057|1,both
250,1057|1|RFBO_iGotU|17,2007-07137,1057|1,none_observed
250,1057|1|RFBO_iGotU|18,2007-07137,1057|1,none_observed
250,1057|1|RFBO_iGotU|26,2007-07137,1057|1,none_observed
250,1057|1|RFBO_iGotU|29,2007-07137,1057|1,none_observed
250,1057|1|RFBO_iGotU|37,2007-07137,1057|1,none_observed
250,1057|1|RFBO_iGotU|39,2007-07137,1057|1,none_observed
250,1057|1|RFBO_iGotU|46,2007-07137,1057|1,post_only
250,1058|1|RFBO_iGotU|4,2007-07139,1058|1,none_observed
250,1058|1|RFBO_iGotU|5,2007-07139,1058|1,none_observed
250,1058|1|RFBO_iGotU|8,2007-07139,1058|1,post_only
250,1058|1|RFBO_iGotU|9,2007-07139,1058|1,pre_only
250,1058|1|RFBO_iGotU|12,2007-07139,1058|1,none_observed
250,1058|1|RFBO_iGotU|13,2007-07139,1058|1,none_observed
250,1058|1|RFBO_iGotU|14,2007-07139,1058|1,none_observed
250,1058|1|RFBO_iGotU|15,2007-07139,1058|1,both
250,1058|1|RFBO_iGotU|16,2007-07139,1058|1,none_observed
250,1058|1|RFBO_iGotU|20,2007-07139,1058|1,none_observed
250,1058|1|RFBO_iGotU|21,2007-07139,1058|1,none_observed
250,1058|1|RFBO_iGotU|22,2007-07139,1058|1,post_only
250,1058|1|RFBO_iGotU|23,2007-07139,1058|1,both
250,1058|1|RFBO_iGotU|24,2007-07139,1058|1,none_observed
250,1058|1|RFBO_iGotU|25,2007-07139,1058|1,none_observed
250,1058|1|RFBO_iGotU|26,2007-07139,1058|1,none_observed
250,1058|1|RFBO_iGotU|28,2007-07139,1058|1,none_observed
250,1058|1|RFBO_iGotU|29,2007-07139,1058|1,none_observed
250,1058|1|RFBO_iGotU|30,2007-07139,1058|1,none_observed
250,1058|1|RFBO_iGotU|31,2007-07139,1058|1,none_observed
250,1058|1|RFBO_iGotU|33,2007-07139,1058|1,both
250,1058|1|RFBO_iGotU|36,2007-07139,1058|1,both
250,1058|1|RFBO_iGotU|38,2007-07139,1058|1,pre_only
250,1058|1|RFBO_iGotU|40,2007-07139,1058|1,none_observed
250,1058|1|RFBO_iGotU|41,2007-07139,1058|1,none_observed
250,1058|1|RFBO_iGotU|42,2007-07139,1058|1,none_observed
250,1058|2|RFBO_iGotU|0,2007-07139,1058|2,none_observed
250,1058|2|RFBO_iGotU|1,2007-07139,1058|2,none_observed
250,1058|2|RFBO_iGotU|2,2007-07139,1058|2,pre_only
250,1058|2|RFBO_iGotU|4,2007-07139,1058|2,none_observed
250,1058|2|RFBO_iGotU|5,2007-07139,1058|2,pre_only
250,1058|2|RFBO_iGotU|6,2007-07139,1058|2,none_observed
250,1058|2|RFBO_iGotU|7,2007-07139,1058|2,none_observed
250,1058|2|RFBO_iGotU|9,2007-07139,1058|2,post_only
250,1058|2|RFBO_iGotU|10,2007-07139,1058|2,none_observed
250,1058|2|RFBO_iGotU|12,2007-07139,1058|2,both
250,1058|2|RFBO_iGotU|16,2007-07139,1058|2,none_observed
250,1058|2|RFBO_iGotU|17,2007-07139,1058|2,none_observed
250,1058|2|RFBO_iGotU|18,2007-07139,1058|2,none_observed
500,339|2|RFBO_iGotU|2,1777-28242,339|2,none_observed
500,339|2|RFBO_iGotU|6,1777-28242,339|2,none_observed
500,339|2|RFBO_iGotU|7,1777-28242,339|2,none_observed
500,339|2|RFBO_iGotU|8,1777-28242,339|2,none_observed
500,339|2|RFBO_iGotU|10,1777-28242,339|2,none_observed
500,339|2|RFBO_iGotU|11,1777-28242,339|2,pre_only
500,339|2|RFBO_iGotU|12,1777-28242,339|2,none_observed
500,339|2|RFBO_iGotU|13,1777-28242,339|2,none_observed
500,339|2|RFBO_iGotU|14,1777-28242,339|2,both
500,339|2|RFBO_iGotU|15,1777-28242,339|2,none_observed
500,339|2|RFBO_iGotU|23,1777-28242,339|2,pre_only
500,339|2|RFBO_iGotU|28,1777-28242,339|2,none_observed
500,339|2|RFBO_iGotU|29,1777-28242,339|2,none_observed
500,341|1|RFBO_iGotU|4,2007-07121,341|1,post_only
500,341|1|RFBO_iGotU|5,2007-07121,341|1,none_observed
500,342|3|RFBO_iGotU|1,2007-07122,342|3,none_observed
500,342|3|RFBO_iGotU|2,2007-07122,342|3,none_observed
500,343|1|RFBO_iGotU|2,2007-07123,343|1,none_observed
500,343|1|RFBO_iGotU|3,2007-07123,343|1,none_observed
500,343|1|RFBO_iGotU|5,2007-07123,343|1,pre_only
500,343|1|RFBO_iGotU|6,2007-07123,343|1,post_only
500,343|1|RFBO_iGotU|8,2007-07123,343|1,both
500,343|1|RFBO_iGotU|9,2007-07123,343|1,post_only
500,343|1|RFBO_iGotU|10,2007-07123,343|1,none_observed
500,343|1|RFBO_iGotU|16,2007-07123,343|1,none_observed
500,343|1|RFBO_iGotU|17,2007-07123,343|1,post_only
500,343|1|RFBO_iGotU|18,2007-07123,343|1,none_observed
500,343|1|RFBO_iGotU|19,2007-07123,343|1,none_observed
500,343|1|RFBO_iGotU|20,2007-07123,343|1,post_only
500,344|1|RFBO_iGotU|3,2007-07124,344|1,none_observed
500,344|1|RFBO_iGotU|5,2007-07124,344|1,none_observed
500,344|1|RFBO_iGotU|7,2007-07124,344|1,none_observed
500,344|1|RFBO_iGotU|8,2007-07124,344|1,none_observed
500,344|1|RFBO_iGotU|10,2007-07124,344|1,none_observed
500,344|1|RFBO_iGotU|11,2007-07124,344|1,none_observed
500,344|1|RFBO_iGotU|18,2007-07124,344|1,none_observed
500,344|1|RFBO_iGotU|20,2007-07124,344|1,none_observed
500,344|1|RFBO_iGotU|22,2007-07124,344|1,none_observed
500,344|1|RFBO_iGotU|23,2007-07124,344|1,both
500,344|1|RFBO_iGotU|24,2007-07124,344|1,post_only
500,344|1|RFBO_iGotU|26,2007-07124,344|1,none_observed
500,344|1|RFBO_iGotU|27,2007-07124,344|1,none_observed
500,345|1|RFBO_iGotU|1,2007-07125,345|1,both
500,345|1|RFBO_iGotU|2,2007-07125,345|1,pre_only
500,345|4|RFBO_iGotU|5,2007-07125,345|4,both
500,345|4|RFBO_iGotU|7,2007-07125,345|4,none_observed
500,345|4|RFBO_iGotU|9,2007-07125,345|4,post_only
500,345|4|RFBO_iGotU|10,2007-07125,345|4,none_observed
500,345|4|RFBO_iGotU|11,2007-07125,345|4,none_observed
500,345|4|RFBO_iGotU|12,2007-07125,345|4,none_observed
500,346|1|RFBO_iGotU|5,2007-07126,346|1,none_observed
500,346|1|RFBO_iGotU|8,2007-07126,346|1,pre_only
500,346|1|RFBO_iGotU|18,2007-07126,346|1,none_observed
500,346|1|RFBO_iGotU|20,2007-07126,346|1,post_only
500,346|1|RFBO_iGotU|22,2007-07126,346|1,none_observed
500,346|1|RFBO_iGotU|25,2007-07126,346|1,none_observed
500,346|1|RFBO_iGotU|26,2007-07126,346|1,none_observed
500,346|1|RFBO_iGotU|30,2007-07126,346|1,none_observed
500,347|1|RFBO_iGotU|3,2007-07127,347|1,none_observed
500,347|1|RFBO_iGotU|8,2007-07127,347|1,none_observed
500,347|1|RFBO_iGotU|9,2007-07127,347|1,none_observed
500,347|1|RFBO_iGotU|10,2007-07127,347|1,none_observed
500,347|1|RFBO_iGotU|11,2007-07127,347|1,pre_only
500,348|1|RFBO_iGotU|3,2007-07128,348|1,none_observed
500,348|1|RFBO_iGotU|5,2007-07128,348|1,pre_only
500,348|1|RFBO_iGotU|8,2007-07128,348|1,none_observed
500,348|1|RFBO_iGotU|9,2007-07128,348|1,none_observed
500,348|1|RFBO_iGotU|10,2007-07128,348|1,none_observed
500,348|1|RFBO_iGotU|11,2007-07128,348|1,none_observed
500,348|1|RFBO_iGotU|12,2007-07128,348|1,none_observed
500,348|1|RFBO_iGotU|13,2007-07128,348|1,none_observed
500,348|1|RFBO_iGotU|17,2007-07128,348|1,pre_only
500,349|4|RFBO_iGotU|1,2007-07131,349|4,none_observed
500,349|4|RFBO_iGotU|2,2007-07131,349|4,none_observed
500,349|4|RFBO_iGotU|3,2007-07131,349|4,none_observed
500,349|4|RFBO_iGotU|4,2007-07131,349|4,none_observed
500,349|4|RFBO_iGotU|6,2007-07131,349|4,none_observed
500,349|4|RFBO_iGotU|8,2007-07131,349|4,none_observed
500,349|4|RFBO_iGotU|9,2007-07131,349|4,pre_only
500,349|4|RFBO_iGotU|10,2007-07131,349|4,post_only
500,349|4|RFBO_iGotU|11,2007-07131,349|4,none_observed
500,349|4|RFBO_iGotU|12,2007-07131,349|4,none_observed
500,349|4|RFBO_iGotU|13,2007-07131,349|4,none_observed
500,349|4|RFBO_iGotU|15,2007-07131,349|4,none_observed
500,349|4|RFBO_iGotU|16,2007-07131,349|4,none_observed
500,349|4|RFBO_iGotU|21,2007-07131,349|4,none_observed
500,349|4|RFBO_iGotU|22,2007-07131,349|4,none_observed
500,349|4|RFBO_iGotU|23,2007-07131,349|4,none_observed
500,350|4|RFBO_iGotU|0,2007-07132,350|4,none_observed
500,351|1|RFBO_iGotU|4,2007-07133,351|1,post_only
500,351|1|RFBO_iGotU|5,2007-07133,351|1,none_observed
500,351|1|RFBO_iGotU|6,2007-07133,351|1,none_observed
500,351|1|RFBO_iGotU|7,2007-07133,351|1,none_observed
500,351|1|RFBO_iGotU|8,2007-07133,351|1,none_observed
500,351|1|RFBO_iGotU|10,2007-07133,351|1,none_observed
500,351|1|RFBO_iGotU|12,2007-07133,351|1,none_observed
500,351|1|RFBO_iGotU|13,2007-07133,351|1,none_observed
500,351|1|RFBO_iGotU|15,2007-07133,351|1,none_observed
500,351|1|RFBO_iGotU|18,2007-07133,351|1,post_only
500,351|1|RFBO_iGotU|19,2007-07133,351|1,none_observed
500,351|1|RFBO_iGotU|20,2007-07133,351|1,none_observed
500,351|1|RFBO_iGotU|21,2007-07133,351|1,pre_only
500,351|1|RFBO_iGotU|22,2007-07133,351|1,none_observed
500,351|1|RFBO_iGotU|24,2007-07133,351|1,none_observed
500,351|1|RFBO_iGotU|25,2007-07133,351|1,none_observed
500,352|1|RFBO_iGotU|2,2007-07134,352|1,post_only
500,352|1|RFBO_iGotU|3,2007-07134,352|1,none_observed
500,352|1|RFBO_iGotU|4,2007-07134,352|1,none_observed
500,352|1|RFBO_iGotU|6,2007-07134,352|1,none_observed
500,352|1|RFBO_iGotU|10,2007-07134,352|1,none_observed
500,352|1|RFBO_iGotU|11,2007-07134,352|1,both
500,352|1|RFBO_iGotU|13,2007-07134,352|1,none_observed
500,353|1|RFBO_iGotU|2,2007-07135,353|1,none_observed
500,353|1|RFBO_iGotU|3,2007-07135,353|1,none_observed
500,353|1|RFBO_iGotU|4,2007-07135,353|1,none_observed
500,353|1|RFBO_iGotU|7,2007-07135,353|1,none_observed
500,353|1|RFBO_iGotU|8,2007-07135,353|1,post_only
500,353|1|RFBO_iGotU|11,2007-07135,353|1,none_observed
500,353|1|RFBO_iGotU|12,2007-07135,353|1,none_observed
500,353|1|RFBO_iGotU|13,2007-07135,353|1,none_observed
500,353|1|RFBO_iGotU|14,2007-07135,353|1,both
500,353|1|RFBO_iGotU|15,2007-07135,353|1,post_only
500,354|1|RFBO_iGotU|1,2007-07138,354|1,none_observed
500,354|1|RFBO_iGotU|2,2007-07138,354|1,pre_only
500,354|1|RFBO_iGotU|3,2007-07138,354|1,none_observed
500,354|1|RFBO_iGotU|4,2007-07138,354|1,none_observed
500,354|1|RFBO_iGotU|7,2007-07138,354|1,post_only
500,354|1|RFBO_iGotU|11,2007-07138,354|1,none_observed
500,356|1|RFBO_iGotU|7,2007-07141,356|1,none_observed
500,356|1|RFBO_iGotU|9,2007-07141,356|1,none_observed
500,356|1|RFBO_iGotU|12,2007-07141,356|1,pre_only
500,356|1|RFBO_iGotU|15,2007-07141,356|1,pre_only
500,356|1|RFBO_iGotU|19,2007-07141,356|1,none_observed
500,356|1|RFBO_iGotU|25,2007-07141,356|1,none_observed
500,356|1|RFBO_iGotU|26,2007-07141,356|1,none_observed
500,356|1|RFBO_iGotU|27,2007-07141,356|1,none_observed
500,356|1|RFBO_iGotU|28,2007-07141,356|1,none_observed
500,356|1|RFBO_iGotU|29,2007-07141,356|1,none_observed
500,356|1|RFBO_iGotU|30,2007-07141,356|1,none_observed
500,359|1|RFBO_iGotU|3,2007-07144,359|1,none_observed
500,359|1|RFBO_iGotU|7,2007-07144,359|1,none_observed
500,359|1|RFBO_iGotU|9,2007-07144,359|1,none_observed
500,359|1|RFBO_iGotU|10,2007-07144,359|1,none_observed
500,359|1|RFBO_iGotU|12,2007-07144,359|1,none_observed
500,359|1|RFBO_iGotU|13,2007-07144,359|1,none_observed
500,359|1|RFBO_iGotU|17,2007-07144,359|1,none_observed
500,359|1|RFBO_iGotU|20,2007-07144,359|1,none_observed
500,359|1|RFBO_iGotU|21,2007-07144,359|1,none_observed
500,360|1|RFBO_iGotU|7,2007-07145,360|1,pre_only
500,360|1|RFBO_iGotU|8,2007-07145,360|1,none_observed
500,361|5|RFBO_iGotU|8,2007-07146,361|5,pre_only
500,361|5|RFBO_iGotU|9,2007-07146,361|5,none_observed
500,361|5|RFBO_iGotU|13,2007-07146,361|5,none_observed
500,361|5|RFBO_iGotU|15,2007-07146,361|5,none_observed
500,361|5|RFBO_iGotU|17,2007-07146,361|5,none_observed
500,361|5|RFBO_iGotU|18,2007-07146,361|5,none_observed
500,361|5|RFBO_iGotU|32,2007-07146,361|5,none_observed
500,361|5|RFBO_iGotU|33,2007-07146,361|5,none_observed
500,361|5|RFBO_iGotU|35,2007-07146,361|5,none_observed
500,363|1|RFBO_iGotU|5,2007-07148,363|1,none_observed
500,364|1|RFBO_iGotU|2,2007-07149,364|1,post_only
500,364|1|RFBO_iGotU|4,2007-07149,364|1,both
500,364|1|RFBO_iGotU|8,2007-07149,364|1,none_observed
500,364|1|RFBO_iGotU|9,2007-07149,364|1,none_observed
500,364|1|RFBO_iGotU|11,2007-07149,364|1,none_observed
500,364|1|RFBO_iGotU|12,2007-07149,364|1,none_observed
500,365|1|RFBO_iGotU|5,2007-07150,365|1,post_only
500,365|1|RFBO_iGotU|10,2007-07150,365|1,none_observed
500,365|1|RFBO_iGotU|11,2007-07150,365|1,none_observed
500,365|1|RFBO_iGotU|12,2007-07150,365|1,none_observed
500,365|1|RFBO_iGotU|13,2007-07150,365|1,none_observed
500,366|1|RFBO_iGotU|3,2007-07152,366|1,none_observed
500,366|1|RFBO_iGotU|4,2007-07152,366|1,none_observed
500,366|1|RFBO_iGotU|5,2007-07152,366|1,none_observed
500,366|1|RFBO_iGotU|7,2007-07152,366|1,none_observed
500,366|1|RFBO_iGotU|9,2007-07152,366|1,none_observed
500,366|1|RFBO_iGotU|10,2007-07152,366|1,none_observed
500,366|1|RFBO_iGotU|16,2007-07152,366|1,none_observed
500,367|1|RFBO_iGotU|2,2007-07153,367|1,none_observed
500,367|1|RFBO_iGotU|6,2007-07153,367|1,both
500,367|1|RFBO_iGotU|7,2007-07153,367|1,post_only
500,367|1|RFBO_iGotU|8,2007-07153,367|1,none_observed
500,367|1|RFBO_iGotU|9,2007-07153,367|1,none_observed
500,367|1|RFBO_iGotU|10,2007-07153,367|1,none_observed
500,367|1|RFBO_iGotU|12,2007-07153,367|1,none_observed
500,367|1|RFBO_iGotU|15,2007-07153,367|1,none_observed
500,367|1|RFBO_iGotU|18,2007-07153,367|1,none_observed
500,367|1|RFBO_iGotU|19,2007-07153,367|1,none_observed
500,368|1|RFBO_iGotU|2,2007-07154,368|1,none_observed
500,368|1|RFBO_iGotU|4,2007-07154,368|1,post_only
500,368|1|RFBO_iGotU|7,2007-07154,368|1,none_observed
500,368|1|RFBO_iGotU|8,2007-07154,368|1,none_observed
500,368|1|RFBO_iGotU|9,2007-07154,368|1,none_observed
500,368|1|RFBO_iGotU|10,2007-07154,368|1,none_observed
500,368|1|RFBO_iGotU|13,2007-07154,368|1,none_observed
500,368|1|RFBO_iGotU|14,2007-07154,368|1,none_observed
500,368|1|RFBO_iGotU|16,2007-07154,368|1,none_observed
500,368|1|RFBO_iGotU|18,2007-07154,368|1,none_observed
500,368|1|RFBO_iGotU|19,2007-07154,368|1,none_observed
500,368|1|RFBO_iGotU|20,2007-07154,368|1,none_observed
500,369|3|RFBO_iGotU|0,2007-07155,369|3,post_only
500,369|3|RFBO_iGotU|1,2007-07155,369|3,none_observed
500,369|3|RFBO_iGotU|2,2007-07155,369|3,none_observed
500,369|3|RFBO_iGotU|3,2007-07155,369|3,post_only
500,369|3|RFBO_iGotU|4,2007-07155,369|3,none_observed
500,369|3|RFBO_iGotU|7,2007-07155,369|3,none_observed
500,369|3|RFBO_iGotU|8,2007-07155,369|3,post_only
500,369|3|RFBO_iGotU|11,2007-07155,369|3,none_observed
500,369|3|RFBO_iGotU|12,2007-07155,369|3,none_observed
500,369|3|RFBO_iGotU|13,2007-07155,369|3,none_observed
500,369|3|RFBO_iGotU|15,2007-07155,369|3,none_observed
500,370|1|RFBO_iGotU|5,2007-07156,370|1,post_only
500,370|1|RFBO_iGotU|6,2007-07156,370|1,none_observed
500,370|1|RFBO_iGotU|7,2007-07156,370|1,post_only
500,370|1|RFBO_iGotU|8,2007-07156,370|1,none_observed
500,370|1|RFBO_iGotU|12,2007-07156,370|1,none_observed
500,370|1|RFBO_iGotU|13,2007-07156,370|1,none_observed
500,370|1|RFBO_iGotU|14,2007-07156,370|1,none_observed
500,370|1|RFBO_iGotU|15,2007-07156,370|1,post_only
500,370|1|RFBO_iGotU|19,2007-07156,370|1,none_observed
500,370|1|RFBO_iGotU|20,2007-07156,370|1,none_observed
500,371|1|RFBO_iGotU|2,2007-07157,371|1,post_only
500,371|1|RFBO_iGotU|3,2007-07157,371|1,both
500,371|1|RFBO_iGotU|5,2007-07157,371|1,none_observed
500,371|1|RFBO_iGotU|9,2007-07157,371|1,none_observed
500,371|1|RFBO_iGotU|10,2007-07157,371|1,none_observed
500,371|1|RFBO_iGotU|11,2007-07157,371|1,none_observed
500,371|1|RFBO_iGotU|13,2007-07157,371|1,none_observed
500,371|1|RFBO_iGotU|14,2007-07157,371|1,none_observed
500,371|1|RFBO_iGotU|15,2007-07157,371|1,none_observed
500,371|1|RFBO_iGotU|16,2007-07157,371|1,none_observed
500,373|1|RFBO_iGotU|1,2007-07159,373|1,none_observed
500,373|1|RFBO_iGotU|2,2007-07159,373|1,none_observed
500,373|1|RFBO_iGotU|3,2007-07159,373|1,post_only
500,373|1|RFBO_iGotU|5,2007-07159,373|1,none_observed
500,373|1|RFBO_iGotU|8,2007-07159,373|1,none_observed
500,373|1|RFBO_iGotU|9,2007-07159,373|1,none_observed
500,373|1|RFBO_iGotU|10,2007-07159,373|1,none_observed
500,373|1|RFBO_iGotU|11,2007-07159,373|1,none_observed
500,374|1|RFBO_iGotU|1,2007-07160,374|1,pre_only
500,374|1|RFBO_iGotU|2,2007-07160,374|1,post_only
500,374|1|RFBO_iGotU|5,2007-07160,374|1,none_observed
500,374|1|RFBO_iGotU|7,2007-07160,374|1,none_observed
500,374|1|RFBO_iGotU|9,2007-07160,374|1,none_observed
500,374|1|RFBO_iGotU|11,2007-07160,374|1,pre_only
500,374|1|RFBO_iGotU|12,2007-07160,374|1,none_observed
500,374|2|RFBO_iGotU|0,2007-07160,374|2,none_observed
500,374|2|RFBO_iGotU|2,2007-07160,374|2,none_observed
500,374|4|RFBO_iGotU|0,2007-07160,374|4,post_only
500,374|4|RFBO_iGotU|1,2007-07160,374|4,none_observed
500,374|4|RFBO_iGotU|2,2007-07160,374|4,none_observed
500,374|4|RFBO_iGotU|4,2007-07160,374|4,both
500,374|4|RFBO_iGotU|5,2007-07160,374|4,none_observed
500,374|4|RFBO_iGotU|9,2007-07160,374|4,none_observed
500,375|1|RFBO_iGotU|5,2007-07171,375|1,none_observed
500,375|1|RFBO_iGotU|6,2007-07171,375|1,none_observed
500,375|1|RFBO_iGotU|7,2007-07171,375|1,post_only
500,375|1|RFBO_iGotU|8,2007-07171,375|1,none_observed
500,375|1|RFBO_iGotU|12,2007-07171,375|1,none_observed
500,375|1|RFBO_iGotU|16,2007-07171,375|1,none_observed
500,375|1|RFBO_iGotU|19,2007-07171,375|1,none_observed
500,376|3|RFBO_iGotU|0,2007-07172,376|3,none_observed
500,376|3|RFBO_iGotU|2,2007-07172,376|3,none_observed
500,376|3|RFBO_iGotU|3,2007-07172,376|3,none_observed
500,376|3|RFBO_iGotU|5,2007-07172,376|3,pre_only
500,376|12|RFBO_iGotU|0,2007-07172,376|12,none_observed
500,376|14|RFBO_iGotU|0,2007-07172,376|14,none_observed
500,377|1|RFBO_iGotU|2,2007-07173,377|1,post_only
500,377|1|RFBO_iGotU|4,2007-07173,377|1,none_observed
500,377|1|RFBO_iGotU|5,2007-07173,377|1,none_observed
500,377|4|RFBO_iGotU|0,2007-07173,377|4,none_observed
500,377|4|RFBO_iGotU|3,2007-07173,377|4,none_observed
500,377|4|RFBO_iGotU|4,2007-07173,377|4,none_observed
500,377|4|RFBO_iGotU|6,2007-07173,377|4,none_observed
500,377|4|RFBO_iGotU|7,2007-07173,377|4,none_observed
500,377|4|RFBO_iGotU|10,2007-07173,377|4,none_observed
500,377|4|RFBO_iGotU|12,2007-07173,377|4,none_observed
500,377|4|RFBO_iGotU|13,2007-07173,377|4,pre_only
500,377|4|RFBO_iGotU|23,2007-07173,377|4,post_only
500,377|4|RFBO_iGotU|25,2007-07173,377|4,none_observed
500,378|1|RFBO_iGotU|3,2007-07174,378|1,post_only
500,378|1|RFBO_iGotU|5,2007-07174,378|1,none_observed
500,378|1|RFBO_iGotU|7,2007-07174,378|1,none_observed
500,378|1|RFBO_iGotU|11,2007-07174,378|1,none_observed
500,378|1|RFBO_iGotU|12,2007-07174,378|1,post_only
500,378|1|RFBO_iGotU|13,2007-07174,378|1,none_observed
500,378|1|RFBO_iGotU|17,2007-07174,378|1,none_observed
500,378|1|RFBO_iGotU|18,2007-07174,378|1,none_observed
500,378|1|RFBO_iGotU|19,2007-07174,378|1,none_observed
500,378|1|RFBO_iGotU|21,2007-07174,378|1,none_observed
500,378|1|RFBO_iGotU|25,2007-07174,378|1,none_observed
500,378|1|RFBO_iGotU|27,2007-07174,378|1,none_observed
500,378|1|RFBO_iGotU|28,2007-07174,378|1,none_observed
500,379|1|RFBO_iGotU|2,2007-07175,379|1,pre_only
500,379|1|RFBO_iGotU|3,2007-07175,379|1,none_observed
500,379|1|RFBO_iGotU|6,2007-07175,379|1,none_observed
500,379|1|RFBO_iGotU|7,2007-07175,379|1,pre_only
500,379|1|RFBO_iGotU|8,2007-07175,379|1,none_observed
500,380|1|RFBO_iGotU|2,2007-07176,380|1,pre_only
500,380|1|RFBO_iGotU|4,2007-07176,380|1,none_observed
500,380|1|RFBO_iGotU|5,2007-07176,380|1,none_observed
500,380|1|RFBO_iGotU|7,2007-07176,380|1,none_observed
500,380|1|RFBO_iGotU|8,2007-07176,380|1,none_observed
500,380|1|RFBO_iGotU|12,2007-07176,380|1,post_only
500,380|1|RFBO_iGotU|15,2007-07176,380|1,none_observed
500,380|1|RFBO_iGotU|16,2007-07176,380|1,none_observed
500,380|1|RFBO_iGotU|19,2007-07176,380|1,none_observed
500,380|1|RFBO_iGotU|20,2007-07176,380|1,post_only
500,380|1|RFBO_iGotU|21,2007-07176,380|1,none_observed
500,380|1|RFBO_iGotU|22,2007-07176,380|1,none_observed
500,380|1|RFBO_iGotU|23,2007-07176,380|1,none_observed
500,380|1|RFBO_iGotU|24,2007-07176,380|1,none_observed
500,380|1|RFBO_iGotU|26,2007-07176,380|1,none_observed
500,380|1|RFBO_iGotU|31,2007-07176,380|1,none_observed
500,381|1|RFBO_iGotU|5,2007-07177,381|1,none_observed
500,382|1|RFBO_iGotU|1,2007-07178,382|1,none_observed
500,382|1|RFBO_iGotU|3,2007-07178,382|1,none_observed
500,382|1|RFBO_iGotU|6,2007-07178,382|1,none_observed
500,382|1|RFBO_iGotU|7,2007-07178,382|1,none_observed
500,382|1|RFBO_iGotU|8,2007-07178,382|1,none_observed
500,382|1|RFBO_iGotU|11,2007-07178,382|1,none_observed
500,382|1|RFBO_iGotU|15,2007-07178,382|1,none_observed
500,382|1|RFBO_iGotU|16,2007-07178,382|1,none_observed
500,382|1|RFBO_iGotU|17,2007-07178,382|1,none_observed
500,382|1|RFBO_iGotU|20,2007-07178,382|1,none_observed
500,382|1|RFBO_iGotU|21,2007-07178,382|1,none_observed
500,382|1|RFBO_iGotU|22,2007-07178,382|1,none_observed
500,382|1|RFBO_iGotU|24,2007-07178,382|1,none_observed
500,382|1|RFBO_iGotU|25,2007-07178,382|1,none_observed
500,382|1|RFBO_iGotU|28,2007-07178,382|1,none_observed
500,383|1|RFBO_iGotU|1,2007-07179,383|1,none_observed
500,383|1|RFBO_iGotU|2,2007-07179,383|1,none_observed
500,383|1|RFBO_iGotU|4,2007-07179,383|1,none_observed
500,383|1|RFBO_iGotU|5,2007-07179,383|1,none_observed
500,383|1|RFBO_iGotU|6,2007-07179,383|1,none_observed
500,383|1|RFBO_iGotU|7,2007-07179,383|1,none_observed
500,383|1|RFBO_iGotU|9,2007-07179,383|1,post_only
500,383|1|RFBO_iGotU|12,2007-07179,383|1,none_observed
500,383|1|RFBO_iGotU|13,2007-07179,383|1,post_only
500,383|1|RFBO_iGotU|14,2007-07179,383|1,pre_only
500,383|1|RFBO_iGotU|15,2007-07179,383|1,none_observed
500,383|1|RFBO_iGotU|17,2007-07179,383|1,none_observed
500,383|1|RFBO_iGotU|19,2007-07179,383|1,none_observed
500,383|1|RFBO_iGotU|20,2007-07179,383|1,post_only
500,383|1|RFBO_iGotU|22,2007-07179,383|1,none_observed
500,383|1|RFBO_iGotU|23,2007-07179,383|1,none_observed
500,383|1|RFBO_iGotU|24,2007-07179,383|1,none_observed
500,383|1|RFBO_iGotU|25,2007-07179,383|1,none_observed
500,383|1|RFBO_iGotU|30,2007-07179,383|1,pre_only
500,383|1|RFBO_iGotU|31,2007-07179,383|1,post_only
500,384|1|RFBO_iGotU|3,2007-07180,384|1,pre_only
500,384|1|RFBO_iGotU|5,2007-07180,384|1,post_only
500,384|1|RFBO_iGotU|7,2007-07180,384|1,none_observed
500,384|1|RFBO_iGotU|11,2007-07180,384|1,post_only
500,384|1|RFBO_iGotU|12,2007-07180,384|1,none_observed
500,386|1|RFBO_iGotU|1,2017-24332,386|1,none_observed
500,386|1|RFBO_iGotU|4,2017-24332,386|1,none_observed
500,386|1|RFBO_iGotU|5,2017-24332,386|1,none_observed
500,386|1|RFBO_iGotU|12,2017-24332,386|1,none_observed
500,386|1|RFBO_iGotU|15,2017-24332,386|1,none_observed
500,387|1|RFBO_iGotU|1,2017-24336,387|1,none_observed
500,387|1|RFBO_iGotU|3,2017-24336,387|1,none_observed
500,387|1|RFBO_iGotU|4,2017-24336,387|1,none_observed
500,387|1|RFBO_iGotU|5,2017-24336,387|1,pre_only
500,387|1|RFBO_iGotU|8,2017-24336,387|1,none_observed
500,387|1|RFBO_iGotU|11,2017-24336,387|1,none_observed
500,387|1|RFBO_iGotU|15,2017-24336,387|1,none_observed
500,387|1|RFBO_iGotU|16,2017-24336,387|1,none_observed
500,393|1|RFBO_iGotU|2,2017-24342,393|1,none_observed
500,399|1|RFBO_iGotU|7,2017-24360,399|1,none_observed
500,399|1|RFBO_iGotU|8,2017-24360,399|1,none_observed
500,399|1|RFBO_iGotU|9,2017-24360,399|1,post_only
500,399|1|RFBO_iGotU|12,2017-24360,399|1,post_only
500,399|1|RFBO_iGotU|13,2017-24360,399|1,none_observed
500,401|1|RFBO_iGotU|6,2017-24361,401|1,none_observed
500,401|1|RFBO_iGotU|11,2017-24361,401|1,post_only
500,401|1|RFBO_iGotU|12,2017-24361,401|1,none_observed
500,614|7|RFBO_iGotU|0,2007-07104,614|7,none_observed
500,614|7|RFBO_iGotU|1,2007-07104,614|7,none_observed
500,614|10|RFBO_iGotU|0,2007-07104,614|10,none_observed
500,615|1|RFBO_iGotU|0,2007-07105,615|1,none_observed
500,615|1|RFBO_iGotU|1,2007-07105,615|1,post_only
500,615|1|RFBO_iGotU|2,2007-07105,615|1,none_observed
500,615|2|RFBO_iGotU|0,2007-07105,615|2,post_only
500,615|2|RFBO_iGotU|2,2007-07105,615|2,none_observed
500,615|2|RFBO_iGotU|3,2007-07105,615|2,none_observed
500,615|2|RFBO_iGotU|5,2007-07105,615|2,pre_only
500,615|2|RFBO_iGotU|6,2007-07105,615|2,pre_only
500,615|2|RFBO_iGotU|10,2007-07105,615|2,none_observed
500,615|2|RFBO_iGotU|12,2007-07105,615|2,none_observed
500,615|8|RFBO_iGotU|0,2007-07105,615|8,none_observed
500,615|8|RFBO_iGotU|1,2007-07105,615|8,none_observed
500,616|1|RFBO_iGotU|1,2007-07106,616|1,none_observed
500,616|1|RFBO_iGotU|3,2007-07106,616|1,none_observed
500,616|1|RFBO_iGotU|6,2007-07106,616|1,none_observed
500,616|1|RFBO_iGotU|10,2007-07106,616|1,none_observed
500,616|1|RFBO_iGotU|14,2007-07106,616|1,none_observed
500,616|1|RFBO_iGotU|16,2007-07106,616|1,none_observed
500,616|1|RFBO_iGotU|17,2007-07106,616|1,none_observed
500,616|1|RFBO_iGotU|18,2007-07106,616|1,none_observed
500,616|1|RFBO_iGotU|19,2007-07106,616|1,none_observed
500,617|1|RFBO_iGotU|0,2007-07107,617|1,post_only
500,617|1|RFBO_iGotU|1,2007-07107,617|1,none_observed
500,617|1|RFBO_iGotU|4,2007-07107,617|1,pre_only
500,617|1|RFBO_iGotU|7,2007-07107,617|1,both
500,617|1|RFBO_iGotU|8,2007-07107,617|1,none_observed
500,617|1|RFBO_iGotU|13,2007-07107,617|1,none_observed
500,617|1|RFBO_iGotU|15,2007-07107,617|1,none_observed
500,617|1|RFBO_iGotU|17,2007-07107,617|1,none_observed
500,617|1|RFBO_iGotU|19,2007-07107,617|1,none_observed
500,617|1|RFBO_iGotU|20,2007-07107,617|1,none_observed
500,617|1|RFBO_iGotU|21,2007-07107,617|1,none_observed
500,617|2|RFBO_iGotU|0,2007-07107,617|2,none_observed
500,617|2|RFBO_iGotU|1,2007-07107,617|2,none_observed
500,617|2|RFBO_iGotU|6,2007-07107,617|2,none_observed
500,618|2|RFBO_iGotU|1,2007-07108,618|2,none_observed
500,618|2|RFBO_iGotU|2,2007-07108,618|2,none_observed
500,618|2|RFBO_iGotU|5,2007-07108,618|2,none_observed
500,618|2|RFBO_iGotU|6,2007-07108,618|2,none_observed
500,618|2|RFBO_iGotU|7,2007-07108,618|2,pre_only
500,618|2|RFBO_iGotU|9,2007-07108,618|2,post_only
500,618|2|RFBO_iGotU|11,2007-07108,618|2,none_observed
500,618|2|RFBO_iGotU|12,2007-07108,618|2,post_only
500,618|2|RFBO_iGotU|13,2007-07108,618|2,both
500,618|2|RFBO_iGotU|14,2007-07108,618|2,none_observed
500,618|2|RFBO_iGotU|16,2007-07108,618|2,none_observed
500,618|2|RFBO_iGotU|18,2007-07108,618|2,none_observed
500,618|2|RFBO_iGotU|19,2007-07108,618|2,none_observed
500,618|2|RFBO_iGotU|21,2007-07108,618|2,none_observed
500,619|1|RFBO_iGotU|2,2007-07109,619|1,none_observed
500,619|1|RFBO_iGotU|3,2007-07109,619|1,post_only
500,619|1|RFBO_iGotU|4,2007-07109,619|1,none_observed
500,619|1|RFBO_iGotU|5,2007-07109,619|1,none_observed
500,619|1|RFBO_iGotU|6,2007-07109,619|1,none_observed
500,619|1|RFBO_iGotU|10,2007-07109,619|1,post_only
500,620|1|RFBO_iGotU|0,2007-07110,620|1,none_observed
500,620|1|RFBO_iGotU|1,2007-07110,620|1,none_observed
500,620|1|RFBO_iGotU|2,2007-07110,620|1,none_observed
500,620|2|RFBO_iGotU|3,2007-07110,620|2,none_observed
500,620|2|RFBO_iGotU|5,2007-07110,620|2,none_observed
500,620|2|RFBO_iGotU|7,2007-07110,620|2,none_observed
500,620|2|RFBO_iGotU|8,2007-07110,620|2,none_observed
500,620|2|RFBO_iGotU|9,2007-07110,620|2,pre_only
500,620|2|RFBO_iGotU|10,2007-07110,620|2,none_observed
500,620|2|RFBO_iGotU|11,2007-07110,620|2,post_only
500,620|2|RFBO_iGotU|13,2007-07110,620|2,none_observed
500,620|2|RFBO_iGotU|15,2007-07110,620|2,none_observed
500,620|2|RFBO_iGotU|16,2007-07110,620|2,none_observed
500,620|2|RFBO_iGotU|17,2007-07110,620|2,none_observed
500,620|2|RFBO_iGotU|18,2007-07110,620|2,none_observed
500,620|3|RFBO_iGotU|0,2007-07110,620|3,none_observed
500,620|3|RFBO_iGotU|1,2007-07110,620|3,none_observed
500,620|3|RFBO_iGotU|2,2007-07110,620|3,none_observed
500,620|3|RFBO_iGotU|3,2007-07110,620|3,none_observed
500,620|3|RFBO_iGotU|4,2007-07110,620|3,none_observed
500,621|3|RFBO_iGotU|0,2007-07111,621|3,none_observed
500,621|3|RFBO_iGotU|1,2007-07111,621|3,none_observed
500,621|3|RFBO_iGotU|2,2007-07111,621|3,none_observed
500,621|3|RFBO_iGotU|4,2007-07111,621|3,none_observed
500,621|5|RFBO_iGotU|0,2007-07111,621|5,none_observed
500,621|9|RFBO_iGotU|0,2007-07111,621|9,none_observed
500,621|9|RFBO_iGotU|1,2007-07111,621|9,none_observed
500,623|1|RFBO_iGotU|0,2007-07113,623|1,none_observed
500,623|1|RFBO_iGotU|2,2007-07113,623|1,none_observed
500,623|1|RFBO_iGotU|3,2007-07113,623|1,none_observed
500,624|1|RFBO_iGotU|0,2007-07114,624|1,none_observed
500,624|1|RFBO_iGotU|1,2007-07114,624|1,none_observed
500,624|1|RFBO_iGotU|2,2007-07114,624|1,none_observed
500,624|1|RFBO_iGotU|5,2007-07114,624|1,none_observed
500,624|1|RFBO_iGotU|6,2007-07114,624|1,none_observed
500,624|1|RFBO_iGotU|7,2007-07114,624|1,none_observed
500,624|1|RFBO_iGotU|8,2007-07114,624|1,none_observed
500,624|1|RFBO_iGotU|9,2007-07114,624|1,none_observed
500,624|1|RFBO_iGotU|10,2007-07114,624|1,none_observed
500,624|1|RFBO_iGotU|11,2007-07114,624|1,post_only
500,624|1|RFBO_iGotU|14,2007-07114,624|1,none_observed
500,624|1|RFBO_iGotU|15,2007-07114,624|1,none_observed
500,624|1|RFBO_iGotU|16,2007-07114,624|1,none_observed
500,624|1|RFBO_iGotU|17,2007-07114,624|1,none_observed
500,626|1|RFBO_iGotU|3,2007-07116,626|1,pre_only
500,627|1|RFBO_iGotU|0,2007-07117,627|1,none_observed
500,627|1|RFBO_iGotU|1,2007-07117,627|1,post_only
500,627|1|RFBO_iGotU|2,2007-07117,627|1,both
500,627|1|RFBO_iGotU|3,2007-07117,627|1,none_observed
500,627|1|RFBO_iGotU|4,2007-07117,627|1,none_observed
500,627|1|RFBO_iGotU|5,2007-07117,627|1,none_observed
500,627|1|RFBO_iGotU|6,2007-07117,627|1,none_observed
500,627|1|RFBO_iGotU|7,2007-07117,627|1,none_observed
500,627|1|RFBO_iGotU|8,2007-07117,627|1,post_only
500,627|2|RFBO_iGotU|3,2007-07117,627|2,none_observed
500,627|2|RFBO_iGotU|4,2007-07117,627|2,none_observed
500,627|4|RFBO_iGotU|0,2007-07117,627|4,none_observed
500,628|1|RFBO_iGotU|1,2007-07118,628|1,none_observed
500,628|1|RFBO_iGotU|7,2007-07118,628|1,none_observed
500,628|1|RFBO_iGotU|8,2007-07118,628|1,post_only
500,629|1|RFBO_iGotU|0,2007-07119,629|1,none_observed
500,629|1|RFBO_iGotU|1,2007-07119,629|1,post_only
500,629|1|RFBO_iGotU|2,2007-07119,629|1,none_observed
500,629|2|RFBO_iGotU|0,2007-07119,629|2,none_observed
500,629|2|RFBO_iGotU|1,2007-07119,629|2,none_observed
500,629|2|RFBO_iGotU|2,2007-07119,629|2,none_observed
500,629|2|RFBO_iGotU|3,2007-07119,629|2,none_observed
500,629|2|RFBO_iGotU|4,2007-07119,629|2,none_observed
500,629|2|RFBO_iGotU|6,2007-07119,629|2,none_observed
500,629|2|RFBO_iGotU|7,2007-07119,629|2,none_observed
500,630|1|RFBO_iGotU|0,2007-07120,630|1,none_observed
500,630|1|RFBO_iGotU|2,2007-07120,630|1,none_observed
500,630|1|RFBO_iGotU|3,2007-07120,630|1,none_observed
500,630|1|RFBO_iGotU|4,2007-07120,630|1,none_observed
500,630|1|RFBO_iGotU|5,2007-07120,630|1,none_observed
500,630|1|RFBO_iGotU|7,2007-07120,630|1,none_observed
500,630|1|RFBO_iGotU|8,2007-07120,630|1,none_observed
500,630|1|RFBO_iGotU|9,2007-07120,630|1,none_observed
500,630|1|RFBO_iGotU|10,2007-07120,630|1,none_observed
500,630|8|RFBO_iGotU|3,2007-07120,630|8,none_observed
500,631|1|RFBO_iGotU|0,2017-24307,631|1,none_observed
500,631|1|RFBO_iGotU|1,2017-24307,631|1,none_observed
500,631|1|RFBO_iGotU|2,2017-24307,631|1,none_observed
500,631|1|RFBO_iGotU|4,2017-24307,631|1,none_observed
500,631|1|RFBO_iGotU|5,2017-24307,631|1,none_observed
500,631|1|RFBO_iGotU|6,2017-24307,631|1,none_observed
500,631|1|RFBO_iGotU|8,2017-24307,631|1,none_observed
500,631|1|RFBO_iGotU|10,2017-24307,631|1,none_observed
500,631|1|RFBO_iGotU|12,2017-24307,631|1,pre_only
500,631|2|RFBO_iGotU|1,2017-24307,631|2,none_observed
500,631|2|RFBO_iGotU|3,2017-24307,631|2,none_observed
500,631|3|RFBO_iGotU|0,2017-24307,631|3,none_observed
500,635|1|RFBO_iGotU|0,2017-24315,635|1,none_observed
500,635|1|RFBO_iGotU|1,2017-24315,635|1,none_observed
500,635|1|RFBO_iGotU|2,2017-24315,635|1,none_observed
500,635|1|RFBO_iGotU|6,2017-24315,635|1,none_observed
500,635|1|RFBO_iGotU|7,2017-24315,635|1,none_observed
500,635|1|RFBO_iGotU|8,2017-24315,635|1,none_observed
500,637|1|RFBO_iGotU|0,2017-24317,637|1,none_observed
500,637|1|RFBO_iGotU|1,2017-24317,637|1,none_observed
500,637|1|RFBO_iGotU|3,2017-24317,637|1,none_observed
500,637|1|RFBO_iGotU|4,2017-24317,637|1,none_observed
500,637|1|RFBO_iGotU|5,2017-24317,637|1,none_observed
500,637|1|RFBO_iGotU|7,2017-24317,637|1,none_observed
500,637|1|RFBO_iGotU|8,2017-24317,637|1,none_observed
500,637|1|RFBO_iGotU|9,2017-24317,637|1,none_observed
500,637|1|RFBO_iGotU|11,2017-24317,637|1,none_observed
500,639|1|RFBO_iGotU|0,2017-24319,639|1,none_observed
500,639|1|RFBO_iGotU|2,2017-24319,639|1,none_observed
500,639|1|RFBO_iGotU|3,2017-24319,639|1,none_observed
500,639|1|RFBO_iGotU|4,2017-24319,639|1,none_observed
500,639|1|RFBO_iGotU|5,2017-24319,639|1,none_observed
500,639|1|RFBO_iGotU|6,2017-24319,639|1,none_observed
500,639|1|RFBO_iGotU|7,2017-24319,639|1,none_observed
500,639|1|RFBO_iGotU|9,2017-24319,639|1,none_observed
500,639|1|RFBO_iGotU|11,2017-24319,639|1,none_observed
500,640|1|RFBO_iGotU|0,2017-24320,640|1,none_observed
500,640|1|RFBO_iGotU|1,2017-24320,640|1,none_observed
500,640|1|RFBO_iGotU|2,2017-24320,640|1,none_observed
500,640|1|RFBO_iGotU|6,2017-24320,640|1,none_observed
500,640|2|RFBO_iGotU|0,2017-24320,640|2,none_observed
500,640|2|RFBO_iGotU|1,2017-24320,640|2,none_observed
500,640|2|RFBO_iGotU|3,2017-24320,640|2,none_observed
500,640|5|RFBO_iGotU|0,2017-24320,640|5,none_observed
500,640|5|RFBO_iGotU|1,2017-24320,640|5,none_observed
500,640|5|RFBO_iGotU|2,2017-24320,640|5,none_observed
500,640|5|RFBO_iGotU|3,2017-24320,640|5,none_observed
500,640|5|RFBO_iGotU|4,2017-24320,640|5,none_observed
500,647|1|RFBO_iGotU|0,2017-24327,647|1,none_observed
500,647|1|RFBO_iGotU|3,2017-24327,647|1,none_observed
500,647|1|RFBO_iGotU|4,2017-24327,647|1,none_observed
500,647|1|RFBO_iGotU|5,2017-24327,647|1,none_observed
500,648|1|RFBO_iGotU|2,2017-24328,648|1,none_observed
500,649|1|RFBO_iGotU|0,2017-24329,649|1,none_observed
500,649|1|RFBO_iGotU|1,2017-24329,649|1,none_observed
500,649|1|RFBO_iGotU|2,2017-24329,649|1,none_observed
500,649|1|RFBO_iGotU|3,2017-24329,649|1,none_observed
500,649|1|RFBO_iGotU|5,2017-24329,649|1,none_observed
500,649|1|RFBO_iGotU|6,2017-24329,649|1,none_observed
500,649|1|RFBO_iGotU|10,2017-24329,649|1,none_observed
500,650|1|RFBO_iGotU|0,2017-24330,650|1,none_observed
500,650|1|RFBO_iGotU|1,2017-24330,650|1,none_observed
500,650|2|RFBO_iGotU|0,2017-24330,650|2,none_observed
500,947|1|RFBO_iGotU|4,2007-09901,947|1,none_observed
500,947|1|RFBO_iGotU|5,2007-09901,947|1,none_observed
500,947|1|RFBO_iGotU|6,2007-09901,947|1,none_observed
500,947|1|RFBO_iGotU|7,2007-09901,947|1,none_observed
500,947|1|RFBO_iGotU|10,2007-09901,947|1,both
500,947|1|RFBO_iGotU|12,2007-09901,947|1,post_only
500,947|1|RFBO_iGotU|13,2007-09901,947|1,pre_only
500,947|1|RFBO_iGotU|15,2007-09901,947|1,none_observed
500,947|1|RFBO_iGotU|16,2007-09901,947|1,none_observed
500,947|1|RFBO_iGotU|17,2007-09901,947|1,none_observed
500,947|1|RFBO_iGotU|25,2007-09901,947|1,post_only
500,947|1|RFBO_iGotU|27,2007-09901,947|1,none_observed
500,947|1|RFBO_iGotU|32,2007-09901,947|1,none_observed
500,947|1|RFBO_iGotU|33,2007-09901,947|1,none_observed
500,947|1|RFBO_iGotU|37,2007-09901,947|1,none_observed
500,947|1|RFBO_iGotU|38,2007-09901,947|1,none_observed
500,947|1|RFBO_iGotU|40,2007-09901,947|1,none_observed
500,947|1|RFBO_iGotU|44,2007-09901,947|1,none_observed
500,947|1|RFBO_iGotU|45,2007-09901,947|1,none_observed
500,947|1|RFBO_iGotU|46,2007-09901,947|1,none_observed
500,947|1|RFBO_iGotU|47,2007-09901,947|1,none_observed
500,947|1|RFBO_iGotU|48,2007-09901,947|1,none_observed
500,947|1|RFBO_iGotU|58,2007-09901,947|1,none_observed
500,947|1|RFBO_iGotU|60,2007-09901,947|1,post_only
500,947|1|RFBO_iGotU|61,2007-09901,947|1,post_only
500,947|1|RFBO_iGotU|62,2007-09901,947|1,none_observed
500,947|1|RFBO_iGotU|63,2007-09901,947|1,none_observed
500,947|1|RFBO_iGotU|64,2007-09901,947|1,none_observed
500,948|1|RFBO_iGotU|3,2007-09911,948|1,none_observed
500,948|1|RFBO_iGotU|4,2007-09911,948|1,none_observed
500,948|1|RFBO_iGotU|6,2007-09911,948|1,none_observed
500,948|1|RFBO_iGotU|9,2007-09911,948|1,none_observed
500,948|1|RFBO_iGotU|11,2007-09911,948|1,none_observed
500,948|1|RFBO_iGotU|12,2007-09911,948|1,none_observed
500,948|1|RFBO_iGotU|13,2007-09911,948|1,none_observed
500,948|1|RFBO_iGotU|14,2007-09911,948|1,post_only
500,948|1|RFBO_iGotU|15,2007-09911,948|1,none_observed
500,949|1|RFBO_iGotU|3,2007-09902,949|1,none_observed
500,949|1|RFBO_iGotU|5,2007-09902,949|1,none_observed
500,949|1|RFBO_iGotU|9,2007-09902,949|1,post_only
500,949|1|RFBO_iGotU|11,2007-09902,949|1,post_only
500,949|1|RFBO_iGotU|12,2007-09902,949|1,none_observed
500,949|1|RFBO_iGotU|13,2007-09902,949|1,none_observed
500,949|1|RFBO_iGotU|14,2007-09902,949|1,pre_only
500,949|1|RFBO_iGotU|15,2007-09902,949|1,post_only
500,949|1|RFBO_iGotU|16,2007-09902,949|1,post_only
500,949|1|RFBO_iGotU|19,2007-09902,949|1,both
500,949|1|RFBO_iGotU|21,2007-09902,949|1,none_observed
500,949|1|RFBO_iGotU|22,2007-09902,949|1,none_observed
500,949|1|RFBO_iGotU|23,2007-09902,949|1,none_observed
500,949|1|RFBO_iGotU|26,2007-09902,949|1,pre_only
500,949|1|RFBO_iGotU|27,2007-09902,949|1,post_only
500,949|1|RFBO_iGotU|28,2007-09902,949|1,none_observed
500,949|1|RFBO_iGotU|29,2007-09902,949|1,none_observed
500,949|1|RFBO_iGotU|30,2007-09902,949|1,pre_only
500,949|1|RFBO_iGotU|38,2007-09902,949|1,post_only
500,949|1|RFBO_iGotU|40,2007-09902,949|1,post_only
500,950|1|RFBO_iGotU|2,2007-09912,950|1,none_observed
500,950|1|RFBO_iGotU|4,2007-09912,950|1,none_observed
500,950|1|RFBO_iGotU|12,2007-09912,950|1,none_observed
500,950|1|RFBO_iGotU|14,2007-09912,950|1,none_observed
500,950|1|RFBO_iGotU|15,2007-09912,950|1,none_observed
500,950|1|RFBO_iGotU|16,2007-09912,950|1,none_observed
500,950|1|RFBO_iGotU|18,2007-09912,950|1,both
500,950|2|RFBO_iGotU|1,2007-09912,950|2,none_observed
500,950|2|RFBO_iGotU|2,2007-09912,950|2,none_observed
500,950|2|RFBO_iGotU|4,2007-09912,950|2,none_observed
500,950|2|RFBO_iGotU|5,2007-09912,950|2,both
500,950|2|RFBO_iGotU|6,2007-09912,950|2,both
500,950|2|RFBO_iGotU|7,2007-09912,950|2,none_observed
500,950|2|RFBO_iGotU|8,2007-09912,950|2,none_observed
500,950|2|RFBO_iGotU|12,2007-09912,950|2,post_only
500,950|2|RFBO_iGotU|14,2007-09912,950|2,none_observed
500,950|2|RFBO_iGotU|15,2007-09912,950|2,post_only
500,950|2|RFBO_iGotU|16,2007-09912,950|2,both
500,950|2|RFBO_iGotU|17,2007-09912,950|2,none_observed
500,950|2|RFBO_iGotU|19,2007-09912,950|2,none_observed
500,950|2|RFBO_iGotU|20,2007-09912,950|2,pre_only
500,950|2|RFBO_iGotU|21,2007-09912,950|2,none_observed
500,950|2|RFBO_iGotU|25,2007-09912,950|2,none_observed
500,950|2|RFBO_iGotU|27,2007-09912,950|2,none_observed
500,950|2|RFBO_iGotU|28,2007-09912,950|2,none_observed
500,950|2|RFBO_iGotU|29,2007-09912,950|2,pre_only
500,950|2|RFBO_iGotU|31,2007-09912,950|2,pre_only
500,951|1|RFBO_iGotU|1,2007-09903,951|1,post_only
500,951|1|RFBO_iGotU|3,2007-09903,951|1,both
500,951|1|RFBO_iGotU|5,2007-09903,951|1,none_observed
500,951|1|RFBO_iGotU|6,2007-09903,951|1,none_observed
500,951|1|RFBO_iGotU|8,2007-09903,951|1,none_observed
500,951|1|RFBO_iGotU|9,2007-09903,951|1,none_observed
500,951|1|RFBO_iGotU|11,2007-09903,951|1,none_observed
500,951|1|RFBO_iGotU|12,2007-09903,951|1,none_observed
500,951|1|RFBO_iGotU|13,2007-09903,951|1,none_observed
500,951|1|RFBO_iGotU|14,2007-09903,951|1,none_observed
500,951|1|RFBO_iGotU|16,2007-09903,951|1,post_only
500,951|1|RFBO_iGotU|18,2007-09903,951|1,post_only
500,951|1|RFBO_iGotU|19,2007-09903,951|1,both
500,951|1|RFBO_iGotU|22,2007-09903,951|1,none_observed
500,951|1|RFBO_iGotU|23,2007-09903,951|1,none_observed
500,951|1|RFBO_iGotU|24,2007-09903,951|1,none_observed
500,951|1|RFBO_iGotU|25,2007-09903,951|1,none_observed
500,951|1|RFBO_iGotU|28,2007-09903,951|1,none_observed
500,951|1|RFBO_iGotU|32,2007-09903,951|1,none_observed
500,951|1|RFBO_iGotU|33,2007-09903,951|1,none_observed
500,951|1|RFBO_iGotU|34,2007-09903,951|1,none_observed
500,951|1|RFBO_iGotU|35,2007-09903,951|1,none_observed
500,951|1|RFBO_iGotU|37,2007-09903,951|1,none_observed
500,951|1|RFBO_iGotU|38,2007-09903,951|1,none_observed
500,952|1|RFBO_iGotU|3,2007-09913,952|1,post_only
500,952|1|RFBO_iGotU|9,2007-09913,952|1,none_observed
500,952|1|RFBO_iGotU|11,2007-09913,952|1,pre_only
500,952|1|RFBO_iGotU|13,2007-09913,952|1,pre_only
500,952|1|RFBO_iGotU|16,2007-09913,952|1,pre_only
500,953|1|RFBO_iGotU|8,2007-09904,953|1,none_observed
500,953|1|RFBO_iGotU|10,2007-09904,953|1,none_observed
500,953|1|RFBO_iGotU|11,2007-09904,953|1,none_observed
500,953|1|RFBO_iGotU|15,2007-09904,953|1,none_observed
500,953|1|RFBO_iGotU|16,2007-09904,953|1,none_observed
500,953|1|RFBO_iGotU|18,2007-09904,953|1,none_observed
500,953|1|RFBO_iGotU|19,2007-09904,953|1,none_observed
500,953|1|RFBO_iGotU|20,2007-09904,953|1,none_observed
500,953|1|RFBO_iGotU|22,2007-09904,953|1,post_only
500,953|1|RFBO_iGotU|23,2007-09904,953|1,pre_only
500,953|3|RFBO_iGotU|1,2007-09904,953|3,pre_only
500,954|1|RFBO_iGotU|1,2007-09914,954|1,none_observed
500,954|1|RFBO_iGotU|2,2007-09914,954|1,post_only
500,954|1|RFBO_iGotU|3,2007-09914,954|1,none_observed
500,954|1|RFBO_iGotU|5,2007-09914,954|1,post_only
500,954|1|RFBO_iGotU|6,2007-09914,954|1,none_observed
500,954|1|RFBO_iGotU|9,2007-09914,954|1,none_observed
500,954|1|RFBO_iGotU|10,2007-09914,954|1,none_observed
500,954|1|RFBO_iGotU|11,2007-09914,954|1,post_only
500,954|1|RFBO_iGotU|16,2007-09914,954|1,none_observed
500,954|1|RFBO_iGotU|17,2007-09914,954|1,none_observed
500,954|1|RFBO_iGotU|18,2007-09914,954|1,none_observed
500,954|1|RFBO_iGotU|22,2007-09914,954|1,none_observed
500,954|1|RFBO_iGotU|24,2007-09914,954|1,none_observed
500,954|1|RFBO_iGotU|26,2007-09914,954|1,none_observed
500,954|1|RFBO_iGotU|31,2007-09914,954|1,post_only
500,954|1|RFBO_iGotU|33,2007-09914,954|1,both
500,954|1|RFBO_iGotU|35,2007-09914,954|1,post_only
500,954|1|RFBO_iGotU|38,2007-09914,954|1,post_only
500,954|1|RFBO_iGotU|39,2007-09914,954|1,none_observed
500,955|1|RFBO_iGotU|3,2007-09905,955|1,none_observed
500,955|1|RFBO_iGotU|5,2007-09905,955|1,post_only
500,955|1|RFBO_iGotU|6,2007-09905,955|1,none_observed
500,955|1|RFBO_iGotU|12,2007-09905,955|1,none_observed
500,955|1|RFBO_iGotU|13,2007-09905,955|1,post_only
500,955|1|RFBO_iGotU|17,2007-09905,955|1,none_observed
500,955|1|RFBO_iGotU|18,2007-09905,955|1,none_observed
500,955|1|RFBO_iGotU|19,2007-09905,955|1,both
500,955|1|RFBO_iGotU|20,2007-09905,955|1,pre_only
500,955|1|RFBO_iGotU|22,2007-09905,955|1,pre_only
500,955|1|RFBO_iGotU|25,2007-09905,955|1,post_only
500,955|1|RFBO_iGotU|26,2007-09905,955|1,none_observed
500,955|1|RFBO_iGotU|28,2007-09905,955|1,none_observed
500,955|1|RFBO_iGotU|29,2007-09905,955|1,none_observed
500,955|1|RFBO_iGotU|30,2007-09905,955|1,none_observed
500,955|1|RFBO_iGotU|33,2007-09905,955|1,post_only
500,956|1|RFBO_iGotU|2,2007-09915,956|1,both
500,956|1|RFBO_iGotU|3,2007-09915,956|1,none_observed
500,956|1|RFBO_iGotU|5,2007-09915,956|1,none_observed
500,956|1|RFBO_iGotU|6,2007-09915,956|1,none_observed
500,956|1|RFBO_iGotU|7,2007-09915,956|1,none_observed
500,956|1|RFBO_iGotU|10,2007-09915,956|1,both
500,956|1|RFBO_iGotU|13,2007-09915,956|1,none_observed
500,956|1|RFBO_iGotU|14,2007-09915,956|1,none_observed
500,956|1|RFBO_iGotU|15,2007-09915,956|1,none_observed
500,956|1|RFBO_iGotU|16,2007-09915,956|1,none_observed
500,956|1|RFBO_iGotU|20,2007-09915,956|1,none_observed
500,956|1|RFBO_iGotU|21,2007-09915,956|1,none_observed
500,956|1|RFBO_iGotU|22,2007-09915,956|1,both
500,956|1|RFBO_iGotU|24,2007-09915,956|1,none_observed
500,956|1|RFBO_iGotU|26,2007-09915,956|1,post_only
500,956|1|RFBO_iGotU|27,2007-09915,956|1,both
500,957|1|RFBO_iGotU|1,2007-09906,957|1,post_only
500,957|1|RFBO_iGotU|3,2007-09906,957|1,none_observed
500,957|1|RFBO_iGotU|4,2007-09906,957|1,none_observed
500,957|1|RFBO_iGotU|8,2007-09906,957|1,none_observed
500,957|1|RFBO_iGotU|13,2007-09906,957|1,none_observed
500,957|1|RFBO_iGotU|14,2007-09906,957|1,none_observed
500,957|1|RFBO_iGotU|17,2007-09906,957|1,none_observed
500,957|1|RFBO_iGotU|18,2007-09906,957|1,none_observed
500,957|1|RFBO_iGotU|19,2007-09906,957|1,none_observed
500,958|1|RFBO_iGotU|5,2007-09916,958|1,none_observed
500,958|1|RFBO_iGotU|6,2007-09916,958|1,none_observed
500,958|1|RFBO_iGotU|9,2007-09916,958|1,none_observed
500,958|1|RFBO_iGotU|12,2007-09916,958|1,none_observed
500,958|1|RFBO_iGotU|13,2007-09916,958|1,none_observed
500,958|1|RFBO_iGotU|14,2007-09916,958|1,none_observed
500,958|1|RFBO_iGotU|17,2007-09916,958|1,post_only
500,958|1|RFBO_iGotU|20,2007-09916,958|1,none_observed
500,958|1|RFBO_iGotU|21,2007-09916,958|1,post_only
500,958|1|RFBO_iGotU|22,2007-09916,958|1,none_observed
500,958|1|RFBO_iGotU|28,2007-09916,958|1,post_only
500,958|1|RFBO_iGotU|31,2007-09916,958|1,none_observed
500,958|1|RFBO_iGotU|32,2007-09916,958|1,none_observed
500,958|1|RFBO_iGotU|34,2007-09916,958|1,none_observed
500,958|1|RFBO_iGotU|35,2007-09916,958|1,none_observed
500,959|1|RFBO_iGotU|4,2007-09922,959|1,none_observed
500,959|1|RFBO_iGotU|5,2007-09922,959|1,both
500,959|1|RFBO_iGotU|7,2007-09922,959|1,none_observed
500,959|1|RFBO_iGotU|8,2007-09922,959|1,pre_only
500,959|1|RFBO_iGotU|10,2007-09922,959|1,none_observed
500,959|1|RFBO_iGotU|14,2007-09922,959|1,none_observed
500,959|1|RFBO_iGotU|15,2007-09922,959|1,post_only
500,959|1|RFBO_iGotU|16,2007-09922,959|1,pre_only
500,959|1|RFBO_iGotU|19,2007-09922,959|1,none_observed
500,959|1|RFBO_iGotU|20,2007-09922,959|1,none_observed
500,959|1|RFBO_iGotU|22,2007-09922,959|1,none_observed
500,959|1|RFBO_iGotU|23,2007-09922,959|1,none_observed
500,959|1|RFBO_iGotU|24,2007-09922,959|1,none_observed
500,959|1|RFBO_iGotU|25,2007-09922,959|1,none_observed
500,959|1|RFBO_iGotU|28,2007-09922,959|1,none_observed
500,959|1|RFBO_iGotU|29,2007-09922,959|1,none_observed
500,959|1|RFBO_iGotU|31,2007-09922,959|1,post_only
500,959|1|RFBO_iGotU|32,2007-09922,959|1,none_observed
500,959|1|RFBO_iGotU|34,2007-09922,959|1,none_observed
500,959|1|RFBO_iGotU|36,2007-09922,959|1,none_observed
500,959|1|RFBO_iGotU|37,2007-09922,959|1,none_observed
500,959|1|RFBO_iGotU|38,2007-09922,959|1,none_observed
500,959|1|RFBO_iGotU|39,2007-09922,959|1,none_observed
500,959|1|RFBO_iGotU|41,2007-09922,959|1,none_observed
500,959|1|RFBO_iGotU|43,2007-09922,959|1,none_observed
500,960|1|RFBO_iGotU|1,2007-09917,960|1,post_only
500,960|1|RFBO_iGotU|2,2007-09917,960|1,none_observed
500,960|1|RFBO_iGotU|3,2007-09917,960|1,none_observed
500,960|1|RFBO_iGotU|4,2007-09917,960|1,none_observed
500,960|1|RFBO_iGotU|6,2007-09917,960|1,post_only
500,960|1|RFBO_iGotU|8,2007-09917,960|1,none_observed
500,960|1|RFBO_iGotU|10,2007-09917,960|1,none_observed
500,960|1|RFBO_iGotU|13,2007-09917,960|1,post_only
500,960|1|RFBO_iGotU|14,2007-09917,960|1,post_only
500,960|1|RFBO_iGotU|16,2007-09917,960|1,none_observed
500,960|1|RFBO_iGotU|19,2007-09917,960|1,none_observed
500,960|1|RFBO_iGotU|20,2007-09917,960|1,none_observed
500,960|1|RFBO_iGotU|21,2007-09917,960|1,pre_only
500,960|1|RFBO_iGotU|22,2007-09917,960|1,none_observed
500,961|4|RFBO_iGotU|2,2007-09923,961|4,none_observed
500,961|4|RFBO_iGotU|3,2007-09923,961|4,none_observed
500,961|4|RFBO_iGotU|4,2007-09923,961|4,none_observed
500,961|4|RFBO_iGotU|5,2007-09923,961|4,none_observed
500,961|4|RFBO_iGotU|6,2007-09923,961|4,none_observed
500,961|4|RFBO_iGotU|7,2007-09923,961|4,none_observed
500,961|4|RFBO_iGotU|11,2007-09923,961|4,none_observed
500,961|4|RFBO_iGotU|14,2007-09923,961|4,none_observed
500,961|4|RFBO_iGotU|15,2007-09923,961|4,none_observed
500,961|4|RFBO_iGotU|16,2007-09923,961|4,none_observed
500,961|4|RFBO_iGotU|20,2007-09923,961|4,none_observed
500,961|4|RFBO_iGotU|23,2007-09923,961|4,none_observed
500,961|4|RFBO_iGotU|24,2007-09923,961|4,none_observed
500,961|4|RFBO_iGotU|25,2007-09923,961|4,none_observed
500,961|4|RFBO_iGotU|26,2007-09923,961|4,none_observed
500,961|4|RFBO_iGotU|27,2007-09923,961|4,none_observed
500,961|4|RFBO_iGotU|30,2007-09923,961|4,none_observed
500,961|4|RFBO_iGotU|31,2007-09923,961|4,none_observed
500,961|4|RFBO_iGotU|32,2007-09923,961|4,none_observed
500,961|4|RFBO_iGotU|33,2007-09923,961|4,none_observed
500,963|1|RFBO_iGotU|1,2007-09924,963|1,none_observed
500,963|1|RFBO_iGotU|4,2007-09924,963|1,none_observed
500,963|1|RFBO_iGotU|5,2007-09924,963|1,none_observed
500,963|1|RFBO_iGotU|6,2007-09924,963|1,none_observed
500,963|1|RFBO_iGotU|7,2007-09924,963|1,none_observed
500,963|1|RFBO_iGotU|8,2007-09924,963|1,none_observed
500,963|1|RFBO_iGotU|15,2007-09924,963|1,none_observed
500,963|1|RFBO_iGotU|17,2007-09924,963|1,none_observed
500,963|1|RFBO_iGotU|18,2007-09924,963|1,none_observed
500,963|1|RFBO_iGotU|19,2007-09924,963|1,none_observed
500,963|1|RFBO_iGotU|20,2007-09924,963|1,none_observed
500,963|1|RFBO_iGotU|21,2007-09924,963|1,none_observed
500,963|1|RFBO_iGotU|24,2007-09924,963|1,none_observed
500,963|1|RFBO_iGotU|27,2007-09924,963|1,none_observed
500,963|1|RFBO_iGotU|34,2007-09924,963|1,none_observed
500,963|1|RFBO_iGotU|35,2007-09924,963|1,none_observed
500,963|1|RFBO_iGotU|37,2007-09924,963|1,none_observed
500,963|1|RFBO_iGotU|38,2007-09924,963|1,none_observed
500,963|1|RFBO_iGotU|39,2007-09924,963|1,none_observed
500,963|1|RFBO_iGotU|40,2007-09924,963|1,none_observed
500,963|1|RFBO_iGotU|41,2007-09924,963|1,none_observed
500,963|1|RFBO_iGotU|42,2007-09924,963|1,none_observed
500,965|1|RFBO_iGotU|2,2007-09925,965|1,both
500,965|1|RFBO_iGotU|4,2007-09925,965|1,none_observed
500,965|1|RFBO_iGotU|5,2007-09925,965|1,none_observed
500,965|1|RFBO_iGotU|6,2007-09925,965|1,pre_only
500,965|1|RFBO_iGotU|8,2007-09925,965|1,none_observed
500,965|1|RFBO_iGotU|12,2007-09925,965|1,post_only
500,965|1|RFBO_iGotU|15,2007-09925,965|1,both
500,965|1|RFBO_iGotU|16,2007-09925,965|1,pre_only
500,965|1|RFBO_iGotU|17,2007-09925,965|1,none_observed
500,965|1|RFBO_iGotU|19,2007-09925,965|1,post_only
500,965|1|RFBO_iGotU|20,2007-09925,965|1,pre_only
500,965|1|RFBO_iGotU|23,2007-09925,965|1,none_observed
500,965|1|RFBO_iGotU|24,2007-09925,965|1,none_observed
500,965|1|RFBO_iGotU|25,2007-09925,965|1,none_observed
500,965|1|RFBO_iGotU|26,2007-09925,965|1,none_observed
500,965|1|RFBO_iGotU|30,2007-09925,965|1,none_observed
500,965|1|RFBO_iGotU|31,2007-09925,965|1,none_observed
500,965|1|RFBO_iGotU|32,2007-09925,965|1,none_observed
500,965|1|RFBO_iGotU|33,2007-09925,965|1,none_observed
500,966|1|RFBO_iGotU|3,2007-09932,966|1,none_observed
500,966|1|RFBO_iGotU|5,2007-09932,966|1,post_only
500,966|1|RFBO_iGotU|6,2007-09932,966|1,none_observed
500,966|1|RFBO_iGotU|8,2007-09932,966|1,post_only
500,966|1|RFBO_iGotU|13,2007-09932,966|1,none_observed
500,966|1|RFBO_iGotU|20,2007-09932,966|1,none_observed
500,966|1|RFBO_iGotU|23,2007-09932,966|1,none_observed
500,968|1|RFBO_iGotU|1,2007-09933,968|1,none_observed
500,968|1|RFBO_iGotU|5,2007-09933,968|1,none_observed
500,968|1|RFBO_iGotU|7,2007-09933,968|1,pre_only
500,968|1|RFBO_iGotU|8,2007-09933,968|1,none_observed
500,968|1|RFBO_iGotU|9,2007-09933,968|1,none_observed
500,968|1|RFBO_iGotU|10,2007-09933,968|1,none_observed
500,968|1|RFBO_iGotU|13,2007-09933,968|1,none_observed
500,968|1|RFBO_iGotU|15,2007-09933,968|1,none_observed
500,968|1|RFBO_iGotU|16,2007-09933,968|1,post_only
500,968|1|RFBO_iGotU|17,2007-09933,968|1,none_observed
500,968|1|RFBO_iGotU|18,2007-09933,968|1,none_observed
500,968|1|RFBO_iGotU|19,2007-09933,968|1,none_observed
500,968|1|RFBO_iGotU|20,2007-09933,968|1,post_only
500,968|1|RFBO_iGotU|21,2007-09933,968|1,none_observed
500,968|1|RFBO_iGotU|29,2007-09933,968|1,none_observed
500,968|1|RFBO_iGotU|30,2007-09933,968|1,pre_only
500,968|1|RFBO_iGotU|33,2007-09933,968|1,none_observed
500,968|1|RFBO_iGotU|36,2007-09933,968|1,none_observed
500,968|1|RFBO_iGotU|38,2007-09933,968|1,none_observed
500,968|1|RFBO_iGotU|39,2007-09933,968|1,both
500,968|1|RFBO_iGotU|40,2007-09933,968|1,none_observed
500,968|1|RFBO_iGotU|43,2007-09933,968|1,none_observed
500,968|1|RFBO_iGotU|44,2007-09933,968|1,none_observed
500,968|1|RFBO_iGotU|47,2007-09933,968|1,none_observed
500,968|7|RFBO_iGotU|1,2007-09933,968|7,none_observed
500,968|7|RFBO_iGotU|3,2007-09933,968|7,pre_only
500,968|9|RFBO_iGotU|0,2007-09933,968|9,none_observed
500,969|1|RFBO_iGotU|1,2007-09934,969|1,none_observed
500,969|1|RFBO_iGotU|2,2007-09934,969|1,post_only
500,969|1|RFBO_iGotU|3,2007-09934,969|1,none_observed
500,969|1|RFBO_iGotU|5,2007-09934,969|1,pre_only
500,969|1|RFBO_iGotU|6,2007-09934,969|1,post_only
500,969|1|RFBO_iGotU|9,2007-09934,969|1,none_observed
500,969|1|RFBO_iGotU|10,2007-09934,969|1,none_observed
500,969|1|RFBO_iGotU|11,2007-09934,969|1,none_observed
500,969|1|RFBO_iGotU|13,2007-09934,969|1,post_only
500,969|1|RFBO_iGotU|16,2007-09934,969|1,none_observed
500,969|1|RFBO_iGotU|17,2007-09934,969|1,none_observed
500,969|1|RFBO_iGotU|18,2007-09934,969|1,none_observed
500,969|1|RFBO_iGotU|19,2007-09934,969|1,none_observed
500,969|1|RFBO_iGotU|22,2007-09934,969|1,none_observed
500,969|1|RFBO_iGotU|23,2007-09934,969|1,none_observed
500,969|1|RFBO_iGotU|24,2007-09934,969|1,none_observed
500,969|1|RFBO_iGotU|25,2007-09934,969|1,none_observed
500,969|1|RFBO_iGotU|27,2007-09934,969|1,none_observed
500,969|1|RFBO_iGotU|29,2007-09934,969|1,none_observed
500,969|1|RFBO_iGotU|30,2007-09934,969|1,none_observed
500,969|1|RFBO_iGotU|31,2007-09934,969|1,post_only
500,969|1|RFBO_iGotU|32,2007-09934,969|1,none_observed
500,969|1|RFBO_iGotU|33,2007-09934,969|1,none_observed
500,969|1|RFBO_iGotU|34,2007-09934,969|1,none_observed
500,970|1|RFBO_iGotU|2,2007-09935,970|1,both
500,970|1|RFBO_iGotU|4,2007-09935,970|1,none_observed
500,970|1|RFBO_iGotU|5,2007-09935,970|1,none_observed
500,970|1|RFBO_iGotU|7,2007-09935,970|1,none_observed
500,970|1|RFBO_iGotU|8,2007-09935,970|1,none_observed
500,970|1|RFBO_iGotU|9,2007-09935,970|1,none_observed
500,970|1|RFBO_iGotU|11,2007-09935,970|1,pre_only
500,970|1|RFBO_iGotU|13,2007-09935,970|1,both
500,970|1|RFBO_iGotU|14,2007-09935,970|1,pre_only
500,970|1|RFBO_iGotU|21,2007-09935,970|1,none_observed
500,970|1|RFBO_iGotU|22,2007-09935,970|1,none_observed
500,970|1|RFBO_iGotU|24,2007-09935,970|1,pre_only
500,970|1|RFBO_iGotU|27,2007-09935,970|1,both
500,970|1|RFBO_iGotU|30,2007-09935,970|1,post_only
500,970|1|RFBO_iGotU|31,2007-09935,970|1,none_observed
500,970|1|RFBO_iGotU|34,2007-09935,970|1,post_only
500,970|1|RFBO_iGotU|38,2007-09935,970|1,both
500,970|1|RFBO_iGotU|43,2007-09935,970|1,both
500,970|1|RFBO_iGotU|46,2007-09935,970|1,none_observed
500,970|1|RFBO_iGotU|50,2007-09935,970|1,none_observed
500,970|1|RFBO_iGotU|52,2007-09935,970|1,none_observed
500,970|1|RFBO_iGotU|53,2007-09935,970|1,none_observed
500,970|1|RFBO_iGotU|54,2007-09935,970|1,none_observed
500,970|1|RFBO_iGotU|55,2007-09935,970|1,none_observed
500,970|1|RFBO_iGotU|56,2007-09935,970|1,post_only
500,970|1|RFBO_iGotU|57,2007-09935,970|1,none_observed
500,970|1|RFBO_iGotU|58,2007-09935,970|1,none_observed
500,970|1|RFBO_iGotU|60,2007-09935,970|1,both
500,972|2|RFBO_iGotU|1,2007-30801,972|2,both
500,972|2|RFBO_iGotU|4,2007-30801,972|2,none_observed
500,972|2|RFBO_iGotU|5,2007-30801,972|2,none_observed
500,972|2|RFBO_iGotU|7,2007-30801,972|2,none_observed
500,972|2|RFBO_iGotU|9,2007-30801,972|2,none_observed
500,972|2|RFBO_iGotU|11,2007-30801,972|2,none_observed
500,972|2|RFBO_iGotU|13,2007-30801,972|2,none_observed
500,972|2|RFBO_iGotU|15,2007-30801,972|2,none_observed
500,972|2|RFBO_iGotU|17,2007-30801,972|2,none_observed
500,972|2|RFBO_iGotU|19,2007-30801,972|2,both
500,972|2|RFBO_iGotU|20,2007-30801,972|2,none_observed
500,972|2|RFBO_iGotU|21,2007-30801,972|2,post_only
500,972|2|RFBO_iGotU|23,2007-30801,972|2,none_observed
500,972|2|RFBO_iGotU|26,2007-30801,972|2,none_observed
500,972|2|RFBO_iGotU|28,2007-30801,972|2,both
500,972|2|RFBO_iGotU|29,2007-30801,972|2,pre_only
500,972|2|RFBO_iGotU|30,2007-30801,972|2,none_observed
500,972|2|RFBO_iGotU|43,2007-30801,972|2,post_only
500,972|2|RFBO_iGotU|44,2007-30801,972|2,pre_only
500,972|2|RFBO_iGotU|45,2007-30801,972|2,post_only
500,972|2|RFBO_iGotU|46,2007-30801,972|2,none_observed
500,972|2|RFBO_iGotU|47,2007-30801,972|2,none_observed
500,972|2|RFBO_iGotU|48,2007-30801,972|2,post_only
500,972|2|RFBO_iGotU|49,2007-30801,972|2,none_observed
500,972|2|RFBO_iGotU|51,2007-30801,972|2,none_observed
500,974|4|RFBO_iGotU|2,2007-30802,974|4,both
500,974|4|RFBO_iGotU|3,2007-30802,974|4,none_observed
500,974|4|RFBO_iGotU|4,2007-30802,974|4,pre_only
500,974|4|RFBO_iGotU|5,2007-30802,974|4,both
500,974|4|RFBO_iGotU|7,2007-30802,974|4,none_observed
500,974|4|RFBO_iGotU|8,2007-30802,974|4,post_only
500,974|4|RFBO_iGotU|9,2007-30802,974|4,both
500,974|4|RFBO_iGotU|15,2007-30802,974|4,none_observed
500,974|4|RFBO_iGotU|16,2007-30802,974|4,none_observed
500,974|4|RFBO_iGotU|17,2007-30802,974|4,none_observed
500,974|4|RFBO_iGotU|18,2007-30802,974|4,none_observed
500,974|4|RFBO_iGotU|19,2007-30802,974|4,post_only
500,974|4|RFBO_iGotU|20,2007-30802,974|4,pre_only
500,974|4|RFBO_iGotU|21,2007-30802,974|4,none_observed
500,974|4|RFBO_iGotU|22,2007-30802,974|4,none_observed
500,974|4|RFBO_iGotU|23,2007-30802,974|4,none_observed
500,974|4|RFBO_iGotU|24,2007-30802,974|4,none_observed
500,974|4|RFBO_iGotU|25,2007-30802,974|4,none_observed
500,974|4|RFBO_iGotU|26,2007-30802,974|4,post_only
500,974|4|RFBO_iGotU|27,2007-30802,974|4,post_only
500,974|4|RFBO_iGotU|28,2007-30802,974|4,post_only
500,974|4|RFBO_iGotU|29,2007-30802,974|4,post_only
500,974|4|RFBO_iGotU|30,2007-30802,974|4,none_observed
500,974|4|RFBO_iGotU|31,2007-30802,974|4,none_observed
500,974|4|RFBO_iGotU|39,2007-30802,974|4,none_observed
500,974|4|RFBO_iGotU|40,2007-30802,974|4,post_only
500,974|4|RFBO_iGotU|41,2007-30802,974|4,none_observed
500,974|4|RFBO_iGotU|42,2007-30802,974|4,pre_only
500,974|4|RFBO_iGotU|46,2007-30802,974|4,none_observed
500,974|4|RFBO_iGotU|49,2007-30802,974|4,none_observed
500,974|4|RFBO_iGotU|51,2007-30802,974|4,none_observed
500,974|4|RFBO_iGotU|54,2007-30802,974|4,none_observed
500,974|4|RFBO_iGotU|57,2007-30802,974|4,post_only
500,976|1|RFBO_iGotU|1,2007-30803,976|1,none_observed
500,976|1|RFBO_iGotU|2,2007-30803,976|1,none_observed
500,976|1|RFBO_iGotU|3,2007-30803,976|1,none_observed
500,976|1|RFBO_iGotU|4,2007-30803,976|1,none_observed
500,976|1|RFBO_iGotU|5,2007-30803,976|1,none_observed
500,976|1|RFBO_iGotU|9,2007-30803,976|1,none_observed
500,976|1|RFBO_iGotU|10,2007-30803,976|1,none_observed
500,976|1|RFBO_iGotU|11,2007-30803,976|1,post_only
500,976|1|RFBO_iGotU|14,2007-30803,976|1,none_observed
500,976|1|RFBO_iGotU|15,2007-30803,976|1,none_observed
500,976|1|RFBO_iGotU|20,2007-30803,976|1,none_observed
500,976|1|RFBO_iGotU|21,2007-30803,976|1,none_observed
500,976|1|RFBO_iGotU|26,2007-30803,976|1,none_observed
500,976|1|RFBO_iGotU|27,2007-30803,976|1,none_observed
500,976|1|RFBO_iGotU|31,2007-30803,976|1,none_observed
500,976|1|RFBO_iGotU|35,2007-30803,976|1,none_observed
500,976|1|RFBO_iGotU|37,2007-30803,976|1,none_observed
500,976|1|RFBO_iGotU|38,2007-30803,976|1,none_observed
500,976|1|RFBO_iGotU|39,2007-30803,976|1,none_observed
500,976|1|RFBO_iGotU|46,2007-30803,976|1,none_observed
500,976|1|RFBO_iGotU|47,2007-30803,976|1,none_observed
500,976|1|RFBO_iGotU|48,2007-30803,976|1,none_observed
500,977|1|RFBO_iGotU|1,2007-30804,977|1,none_observed
500,977|1|RFBO_iGotU|2,2007-30804,977|1,post_only
500,977|1|RFBO_iGotU|4,2007-30804,977|1,post_only
500,977|1|RFBO_iGotU|8,2007-30804,977|1,both
500,977|1|RFBO_iGotU|10,2007-30804,977|1,none_observed
500,977|1|RFBO_iGotU|12,2007-30804,977|1,none_observed
500,977|1|RFBO_iGotU|13,2007-30804,977|1,pre_only
500,977|1|RFBO_iGotU|18,2007-30804,977|1,both
500,977|1|RFBO_iGotU|19,2007-30804,977|1,none_observed
500,977|1|RFBO_iGotU|21,2007-30804,977|1,none_observed
500,977|1|RFBO_iGotU|23,2007-30804,977|1,both
500,977|1|RFBO_iGotU|24,2007-30804,977|1,both
500,977|1|RFBO_iGotU|25,2007-30804,977|1,post_only
500,977|1|RFBO_iGotU|26,2007-30804,977|1,none_observed
500,977|1|RFBO_iGotU|30,2007-30804,977|1,none_observed
500,977|1|RFBO_iGotU|33,2007-30804,977|1,none_observed
500,977|1|RFBO_iGotU|34,2007-30804,977|1,none_observed
500,977|1|RFBO_iGotU|35,2007-30804,977|1,none_observed
500,977|1|RFBO_iGotU|39,2007-30804,977|1,none_observed
500,977|1|RFBO_iGotU|40,2007-30804,977|1,none_observed
500,977|1|RFBO_iGotU|41,2007-30804,977|1,post_only
500,977|1|RFBO_iGotU|45,2007-30804,977|1,none_observed
500,977|1|RFBO_iGotU|47,2007-30804,977|1,none_observed
500,977|1|RFBO_iGotU|48,2007-30804,977|1,none_observed
500,980|4|RFBO_iGotU|1,2007-09909,980|4,none_observed
500,980|4|RFBO_iGotU|2,2007-09909,980|4,none_observed
500,980|4|RFBO_iGotU|3,2007-09909,980|4,none_observed
500,980|4|RFBO_iGotU|5,2007-09909,980|4,both
500,980|4|RFBO_iGotU|9,2007-09909,980|4,pre_only
500,980|4|RFBO_iGotU|10,2007-09909,980|4,none_observed
500,980|4|RFBO_iGotU|13,2007-09909,980|4,pre_only
500,980|4|RFBO_iGotU|15,2007-09909,980|4,none_observed
500,980|4|RFBO_iGotU|19,2007-09909,980|4,post_only
500,980|4|RFBO_iGotU|20,2007-09909,980|4,pre_only
500,980|4|RFBO_iGotU|21,2007-09909,980|4,none_observed
500,980|4|RFBO_iGotU|23,2007-09909,980|4,none_observed
500,980|4|RFBO_iGotU|24,2007-09909,980|4,post_only
500,980|4|RFBO_iGotU|26,2007-09909,980|4,none_observed
500,980|4|RFBO_iGotU|28,2007-09909,980|4,none_observed
500,980|4|RFBO_iGotU|29,2007-09909,980|4,both
500,980|4|RFBO_iGotU|30,2007-09909,980|4,pre_only
500,980|4|RFBO_iGotU|31,2007-09909,980|4,none_observed
500,980|4|RFBO_iGotU|32,2007-09909,980|4,post_only
500,980|4|RFBO_iGotU|33,2007-09909,980|4,post_only
500,980|4|RFBO_iGotU|35,2007-09909,980|4,post_only
500,980|4|RFBO_iGotU|38,2007-09909,980|4,post_only
500,980|4|RFBO_iGotU|39,2007-09909,980|4,none_observed
500,980|4|RFBO_iGotU|45,2007-09909,980|4,none_observed
500,980|5|RFBO_iGotU|0,2007-09909,980|5,none_observed
500,980|5|RFBO_iGotU|4,2007-09909,980|5,post_only
500,980|5|RFBO_iGotU|5,2007-09909,980|5,none_observed
500,980|5|RFBO_iGotU|8,2007-09909,980|5,pre_only
500,980|5|RFBO_iGotU|9,2007-09909,980|5,none_observed
500,980|5|RFBO_iGotU|10,2007-09909,980|5,post_only
500,980|5|RFBO_iGotU|12,2007-09909,980|5,none_observed
500,980|5|RFBO_iGotU|13,2007-09909,980|5,none_observed
500,980|5|RFBO_iGotU|14,2007-09909,980|5,none_observed
500,980|5|RFBO_iGotU|21,2007-09909,980|5,none_observed
500,980|5|RFBO_iGotU|23,2007-09909,980|5,none_observed
500,980|5|RFBO_iGotU|26,2007-09909,980|5,pre_only
500,980|5|RFBO_iGotU|28,2007-09909,980|5,both
500,980|5|RFBO_iGotU|29,2007-09909,980|5,none_observed
500,980|5|RFBO_iGotU|32,2007-09909,980|5,none_observed
500,980|5|RFBO_iGotU|33,2007-09909,980|5,pre_only
500,980|5|RFBO_iGotU|34,2007-09909,980|5,post_only
500,980|5|RFBO_iGotU|37,2007-09909,980|5,none_observed
500,980|5|RFBO_iGotU|39,2007-09909,980|5,none_observed
500,980|5|RFBO_iGotU|43,2007-09909,980|5,none_observed
500,980|5|RFBO_iGotU|44,2007-09909,980|5,none_observed
500,980|6|RFBO_iGotU|0,2007-09909,980|6,none_observed
500,980|8|RFBO_iGotU|0,2007-09909,980|8,post_only
500,980|8|RFBO_iGotU|2,2007-09909,980|8,none_observed
500,980|8|RFBO_iGotU|9,2007-09909,980|8,pre_only
500,980|8|RFBO_iGotU|11,2007-09909,980|8,none_observed
500,980|8|RFBO_iGotU|12,2007-09909,980|8,post_only
500,980|8|RFBO_iGotU|13,2007-09909,980|8,pre_only
500,980|8|RFBO_iGotU|14,2007-09909,980|8,none_observed
500,980|11|RFBO_iGotU|1,2007-09909,980|11,none_observed
500,980|11|RFBO_iGotU|7,2007-09909,980|11,none_observed
500,980|11|RFBO_iGotU|10,2007-09909,980|11,none_observed
500,980|11|RFBO_iGotU|11,2007-09909,980|11,none_observed
500,980|11|RFBO_iGotU|17,2007-09909,980|11,none_observed
500,980|11|RFBO_iGotU|18,2007-09909,980|11,none_observed
500,980|11|RFBO_iGotU|19,2007-09909,980|11,none_observed
500,980|11|RFBO_iGotU|22,2007-09909,980|11,post_only
500,1030|1|RFBO_iGotU|1,2017-24320,1030|1,none_observed
500,1030|1|RFBO_iGotU|2,2017-24320,1030|1,post_only
500,1030|1|RFBO_iGotU|3,2017-24320,1030|1,none_observed
500,1030|1|RFBO_iGotU|4,2017-24320,1030|1,none_observed
500,1030|1|RFBO_iGotU|5,2017-24320,1030|1,none_observed
500,1030|1|RFBO_iGotU|8,2017-24320,1030|1,none_observed
500,1030|1|RFBO_iGotU|10,2017-24320,1030|1,post_only
500,1030|1|RFBO_iGotU|11,2017-24320,1030|1,none_observed
500,1030|1|RFBO_iGotU|13,2017-24320,1030|1,none_observed
500,1030|1|RFBO_iGotU|14,2017-24320,1030|1,none_observed
500,1030|1|RFBO_iGotU|15,2017-24320,1030|1,post_only
500,1030|1|RFBO_iGotU|16,2017-24320,1030|1,none_observed
500,1030|1|RFBO_iGotU|17,2017-24320,1030|1,none_observed
500,1030|1|RFBO_iGotU|18,2017-24320,1030|1,pre_only
500,1030|1|RFBO_iGotU|20,2017-24320,1030|1,none_observed
500,1030|1|RFBO_iGotU|21,2017-24320,1030|1,none_observed
500,1030|1|RFBO_iGotU|22,2017-24320,1030|1,none_observed
500,1030|1|RFBO_iGotU|23,2017-24320,1030|1,none_observed
500,1030|1|RFBO_iGotU|24,2017-24320,1030|1,none_observed
500,1030|1|RFBO_iGotU|25,2017-24320,1030|1,none_observed
500,1030|1|RFBO_iGotU|26,2017-24320,1030|1,none_observed
500,1030|1|RFBO_iGotU|28,2017-24320,1030|1,none_observed
500,1030|1|RFBO_iGotU|29,2017-24320,1030|1,none_observed
500,1030|1|RFBO_iGotU|30,2017-24320,1030|1,none_observed
500,1030|1|RFBO_iGotU|31,2017-24320,1030|1,none_observed
500,1034|1|RFBO_iGotU|3,2007-07184,1034|1,none_observed
500,1034|1|RFBO_iGotU|4,2007-07184,1034|1,none_observed
500,1034|1|RFBO_iGotU|5,2007-07184,1034|1,pre_only
500,1034|1|RFBO_iGotU|6,2007-07184,1034|1,none_observed
500,1034|1|RFBO_iGotU|7,2007-07184,1034|1,none_observed
500,1034|1|RFBO_iGotU|8,2007-07184,1034|1,none_observed
500,1034|1|RFBO_iGotU|9,2007-07184,1034|1,post_only
500,1034|1|RFBO_iGotU|10,2007-07184,1034|1,pre_only
500,1034|1|RFBO_iGotU|11,2007-07184,1034|1,none_observed
500,1034|1|RFBO_iGotU|12,2007-07184,1034|1,none_observed
500,1034|1|RFBO_iGotU|13,2007-07184,1034|1,post_only
500,1034|1|RFBO_iGotU|14,2007-07184,1034|1,none_observed
500,1034|1|RFBO_iGotU|15,2007-07184,1034|1,none_observed
500,1034|1|RFBO_iGotU|16,2007-07184,1034|1,none_observed
500,1034|1|RFBO_iGotU|17,2007-07184,1034|1,none_observed
500,1034|1|RFBO_iGotU|18,2007-07184,1034|1,none_observed
500,1034|1|RFBO_iGotU|19,2007-07184,1034|1,none_observed
500,1034|1|RFBO_iGotU|20,2007-07184,1034|1,none_observed
500,1034|1|RFBO_iGotU|22,2007-07184,1034|1,none_observed
500,1034|1|RFBO_iGotU|23,2007-07184,1034|1,pre_only
500,1034|1|RFBO_iGotU|24,2007-07184,1034|1,none_observed
500,1034|1|RFBO_iGotU|25,2007-07184,1034|1,none_observed
500,1034|1|RFBO_iGotU|26,2007-07184,1034|1,post_only
500,1034|1|RFBO_iGotU|27,2007-07184,1034|1,none_observed
500,1034|1|RFBO_iGotU|30,2007-07184,1034|1,none_observed
500,1034|1|RFBO_iGotU|31,2007-07184,1034|1,none_observed
500,1034|1|RFBO_iGotU|32,2007-07184,1034|1,both
500,1036|1|RFBO_iGotU|1,2007-07186,1036|1,post_only
500,1036|1|RFBO_iGotU|2,2007-07186,1036|1,pre_only
500,1036|1|RFBO_iGotU|3,2007-07186,1036|1,pre_only
500,1036|1|RFBO_iGotU|4,2007-07186,1036|1,none_observed
500,1036|1|RFBO_iGotU|5,2007-07186,1036|1,none_observed
500,1036|1|RFBO_iGotU|7,2007-07186,1036|1,none_observed
500,1036|1|RFBO_iGotU|8,2007-07186,1036|1,pre_only
500,1036|1|RFBO_iGotU|9,2007-07186,1036|1,post_only
500,1036|1|RFBO_iGotU|10,2007-07186,1036|1,none_observed
500,1036|1|RFBO_iGotU|12,2007-07186,1036|1,none_observed
500,1036|1|RFBO_iGotU|13,2007-07186,1036|1,none_observed
500,1036|1|RFBO_iGotU|14,2007-07186,1036|1,none_observed
500,1036|1|RFBO_iGotU|15,2007-07186,1036|1,none_observed
500,1036|1|RFBO_iGotU|16,2007-07186,1036|1,none_observed
500,1036|1|RFBO_iGotU|20,2007-07186,1036|1,pre_only
500,1036|1|RFBO_iGotU|21,2007-07186,1036|1,none_observed
500,1036|1|RFBO_iGotU|23,2007-07186,1036|1,none_observed
500,1036|1|RFBO_iGotU|27,2007-07186,1036|1,none_observed
500,1036|1|RFBO_iGotU|28,2007-07186,1036|1,none_observed
500,1036|1|RFBO_iGotU|29,2007-07186,1036|1,none_observed
500,1036|1|RFBO_iGotU|30,2007-07186,1036|1,post_only
500,1036|1|RFBO_iGotU|31,2007-07186,1036|1,none_observed
500,1036|1|RFBO_iGotU|32,2007-07186,1036|1,pre_only
500,1037|1|RFBO_iGotU|1,2007-07187,1037|1,none_observed
500,1037|1|RFBO_iGotU|3,2007-07187,1037|1,none_observed
500,1037|1|RFBO_iGotU|4,2007-07187,1037|1,none_observed
500,1037|1|RFBO_iGotU|6,2007-07187,1037|1,none_observed
500,1037|1|RFBO_iGotU|9,2007-07187,1037|1,none_observed
500,1037|1|RFBO_iGotU|10,2007-07187,1037|1,none_observed
500,1037|1|RFBO_iGotU|11,2007-07187,1037|1,none_observed
500,1037|1|RFBO_iGotU|12,2007-07187,1037|1,none_observed
500,1037|1|RFBO_iGotU|13,2007-07187,1037|1,none_observed
500,1037|1|RFBO_iGotU|14,2007-07187,1037|1,none_observed
500,1037|1|RFBO_iGotU|15,2007-07187,1037|1,none_observed
500,1037|1|RFBO_iGotU|17,2007-07187,1037|1,none_observed
500,1037|1|RFBO_iGotU|18,2007-07187,1037|1,none_observed
500,1037|1|RFBO_iGotU|22,2007-07187,1037|1,none_observed
500,1037|1|RFBO_iGotU|24,2007-07187,1037|1,none_observed
500,1037|1|RFBO_iGotU|25,2007-07187,1037|1,none_observed
500,1037|1|RFBO_iGotU|26,2007-07187,1037|1,none_observed
500,1037|1|RFBO_iGotU|27,2007-07187,1037|1,none_observed
500,1037|1|RFBO_iGotU|28,2007-07187,1037|1,none_observed
500,1037|1|RFBO_iGotU|29,2007-07187,1037|1,none_observed
500,1037|1|RFBO_iGotU|30,2007-07187,1037|1,none_observed
500,1037|1|RFBO_iGotU|31,2007-07187,1037|1,none_observed
500,1037|1|RFBO_iGotU|32,2007-07187,1037|1,none_observed
500,1037|1|RFBO_iGotU|33,2007-07187,1037|1,none_observed
500,1037|1|RFBO_iGotU|34,2007-07187,1037|1,none_observed
500,1037|1|RFBO_iGotU|35,2007-07187,1037|1,none_observed
500,1037|1|RFBO_iGotU|36,2007-07187,1037|1,none_observed
500,1037|1|RFBO_iGotU|37,2007-07187,1037|1,none_observed
500,1037|1|RFBO_iGotU|38,2007-07187,1037|1,none_observed
500,1037|1|RFBO_iGotU|39,2007-07187,1037|1,none_observed
500,1037|1|RFBO_iGotU|42,2007-07187,1037|1,none_observed
500,1037|1|RFBO_iGotU|43,2007-07187,1037|1,none_observed
500,1037|1|RFBO_iGotU|44,2007-07187,1037|1,none_observed
500,1037|1|RFBO_iGotU|45,2007-07187,1037|1,none_observed
500,1037|1|RFBO_iGotU|46,2007-07187,1037|1,none_observed
500,1037|1|RFBO_iGotU|48,2007-07187,1037|1,none_observed
500,1037|1|RFBO_iGotU|49,2007-07187,1037|1,none_observed
500,1038|1|RFBO_iGotU|0,2007-07188,1038|1,none_observed
500,1038|1|RFBO_iGotU|3,2007-07188,1038|1,none_observed
500,1038|1|RFBO_iGotU|4,2007-07188,1038|1,none_observed
500,1038|1|RFBO_iGotU|5,2007-07188,1038|1,none_observed
500,1038|1|RFBO_iGotU|6,2007-07188,1038|1,none_observed
500,1038|1|RFBO_iGotU|7,2007-07188,1038|1,none_observed
500,1038|1|RFBO_iGotU|9,2007-07188,1038|1,none_observed
500,1038|1|RFBO_iGotU|10,2007-07188,1038|1,pre_only
500,1038|1|RFBO_iGotU|14,2007-07188,1038|1,none_observed
500,1038|1|RFBO_iGotU|15,2007-07188,1038|1,none_observed
500,1038|1|RFBO_iGotU|17,2007-07188,1038|1,post_only
500,1038|1|RFBO_iGotU|18,2007-07188,1038|1,none_observed
500,1038|1|RFBO_iGotU|19,2007-07188,1038|1,none_observed
500,1038|1|RFBO_iGotU|21,2007-07188,1038|1,none_observed
500,1038|1|RFBO_iGotU|22,2007-07188,1038|1,none_observed
500,1038|1|RFBO_iGotU|27,2007-07188,1038|1,none_observed
500,1038|1|RFBO_iGotU|30,2007-07188,1038|1,post_only
500,1038|1|RFBO_iGotU|31,2007-07188,1038|1,none_observed
500,1038|1|RFBO_iGotU|32,2007-07188,1038|1,none_observed
500,1038|1|RFBO_iGotU|33,2007-07188,1038|1,none_observed
500,1038|1|RFBO_iGotU|34,2007-07188,1038|1,none_observed
500,1038|1|RFBO_iGotU|35,2007-07188,1038|1,none_observed
500,1039|1|RFBO_iGotU|1,2017-24308,1039|1,none_observed
500,1039|1|RFBO_iGotU|3,2017-24308,1039|1,post_only
500,1039|1|RFBO_iGotU|5,2017-24308,1039|1,both
500,1039|1|RFBO_iGotU|6,2017-24308,1039|1,none_observed
500,1039|1|RFBO_iGotU|7,2017-24308,1039|1,post_only
500,1039|1|RFBO_iGotU|8,2017-24308,1039|1,none_observed
500,1039|1|RFBO_iGotU|10,2017-24308,1039|1,none_observed
500,1039|1|RFBO_iGotU|11,2017-24308,1039|1,none_observed
500,1039|1|RFBO_iGotU|12,2017-24308,1039|1,both
500,1040|1|RFBO_iGotU|3,2007-07189,1040|1,none_observed
500,1040|1|RFBO_iGotU|5,2007-07189,1040|1,none_observed
500,1040|1|RFBO_iGotU|6,2007-07189,1040|1,none_observed
500,1040|1|RFBO_iGotU|7,2007-07189,1040|1,post_only
500,1040|1|RFBO_iGotU|8,2007-07189,1040|1,none_observed
500,1040|1|RFBO_iGotU|9,2007-07189,1040|1,none_observed
500,1040|1|RFBO_iGotU|11,2007-07189,1040|1,none_observed
500,1040|1|RFBO_iGotU|12,2007-07189,1040|1,none_observed
500,1040|1|RFBO_iGotU|13,2007-07189,1040|1,pre_only
500,1040|1|RFBO_iGotU|15,2007-07189,1040|1,post_only
500,1040|1|RFBO_iGotU|18,2007-07189,1040|1,none_observed
500,1040|1|RFBO_iGotU|19,2007-07189,1040|1,pre_only
500,1040|2|RFBO_iGotU|0,2007-07189,1040|2,none_observed
500,1040|2|RFBO_iGotU|2,2007-07189,1040|2,none_observed
500,1040|2|RFBO_iGotU|3,2007-07189,1040|2,none_observed
500,1040|2|RFBO_iGotU|4,2007-07189,1040|2,none_observed
500,1040|2|RFBO_iGotU|5,2007-07189,1040|2,none_observed
500,1040|2|RFBO_iGotU|6,2007-07189,1040|2,none_observed
500,1040|2|RFBO_iGotU|10,2007-07189,1040|2,post_only
500,1040|2|RFBO_iGotU|12,2007-07189,1040|2,none_observed
500,1040|4|RFBO_iGotU|0,2007-07189,1040|4,none_observed
500,1040|6|RFBO_iGotU|0,2007-07189,1040|6,none_observed
500,1042|1|RFBO_iGotU|1,2007-07191,1042|1,none_observed
500,1042|1|RFBO_iGotU|3,2007-07191,1042|1,none_observed
500,1042|1|RFBO_iGotU|4,2007-07191,1042|1,none_observed
500,1042|1|RFBO_iGotU|6,2007-07191,1042|1,none_observed
500,1042|1|RFBO_iGotU|16,2007-07191,1042|1,none_observed
500,1042|1|RFBO_iGotU|17,2007-07191,1042|1,none_observed
500,1042|1|RFBO_iGotU|23,2007-07191,1042|1,none_observed
500,1042|1|RFBO_iGotU|24,2007-07191,1042|1,none_observed
500,1042|1|RFBO_iGotU|25,2007-07191,1042|1,none_observed
500,1042|1|RFBO_iGotU|35,2007-07191,1042|1,post_only
500,1042|1|RFBO_iGotU|36,2007-07191,1042|1,pre_only
500,1042|1|RFBO_iGotU|37,2007-07191,1042|1,none_observed
500,1042|1|RFBO_iGotU|39,2007-07191,1042|1,none_observed
500,1042|1|RFBO_iGotU|40,2007-07191,1042|1,none_observed
500,1042|1|RFBO_iGotU|43,2007-07191,1042|1,none_observed
500,1042|1|RFBO_iGotU|44,2007-07191,1042|1,pre_only
500,1042|1|RFBO_iGotU|46,2007-07191,1042|1,none_observed
500,1042|1|RFBO_iGotU|49,2007-07191,1042|1,none_observed
500,1042|1|RFBO_iGotU|50,2007-07191,1042|1,none_observed
500,1042|1|RFBO_iGotU|51,2007-07191,1042|1,none_observed
500,1042|1|RFBO_iGotU|52,2007-07191,1042|1,none_observed
500,1042|1|RFBO_iGotU|53,2007-07191,1042|1,post_only
500,1042|1|RFBO_iGotU|57,2007-07191,1042|1,both
500,1042|1|RFBO_iGotU|61,2007-07191,1042|1,post_only
500,1043|1|RFBO_iGotU|3,2007-07192,1043|1,both
500,1043|1|RFBO_iGotU|5,2007-07192,1043|1,none_observed
500,1043|1|RFBO_iGotU|6,2007-07192,1043|1,none_observed
500,1043|1|RFBO_iGotU|8,2007-07192,1043|1,post_only
500,1043|1|RFBO_iGotU|9,2007-07192,1043|1,none_observed
500,1043|1|RFBO_iGotU|10,2007-07192,1043|1,none_observed
500,1043|1|RFBO_iGotU|11,2007-07192,1043|1,none_observed
500,1043|1|RFBO_iGotU|12,2007-07192,1043|1,pre_only
500,1043|1|RFBO_iGotU|13,2007-07192,1043|1,post_only
500,1043|1|RFBO_iGotU|14,2007-07192,1043|1,none_observed
500,1043|1|RFBO_iGotU|15,2007-07192,1043|1,none_observed
500,1043|1|RFBO_iGotU|16,2007-07192,1043|1,none_observed
500,1043|1|RFBO_iGotU|17,2007-07192,1043|1,none_observed
500,1043|1|RFBO_iGotU|18,2007-07192,1043|1,post_only
500,1043|1|RFBO_iGotU|19,2007-07192,1043|1,none_observed
500,1043|1|RFBO_iGotU|21,2007-07192,1043|1,none_observed
500,1043|1|RFBO_iGotU|22,2007-07192,1043|1,none_observed
500,1043|1|RFBO_iGotU|23,2007-07192,1043|1,none_observed
500,1043|1|RFBO_iGotU|25,2007-07192,1043|1,none_observed
500,1043|1|RFBO_iGotU|26,2007-07192,1043|1,pre_only
500,1043|1|RFBO_iGotU|30,2007-07192,1043|1,none_observed
500,1043|1|RFBO_iGotU|31,2007-07192,1043|1,pre_only
500,1043|1|RFBO_iGotU|33,2007-07192,1043|1,none_observed
500,1043|1|RFBO_iGotU|34,2007-07192,1043|1,none_observed
500,1043|1|RFBO_iGotU|41,2007-07192,1043|1,post_only
500,1043|1|RFBO_iGotU|42,2007-07192,1043|1,both
500,1043|1|RFBO_iGotU|43,2007-07192,1043|1,none_observed
500,1043|1|RFBO_iGotU|44,2007-07192,1043|1,post_only
500,1043|1|RFBO_iGotU|45,2007-07192,1043|1,none_observed
500,1043|1|RFBO_iGotU|46,2007-07192,1043|1,pre_only
500,1049|1|RFBO_iGotU|0,2007-07105,1049|1,none_observed
500,1049|1|RFBO_iGotU|2,2007-07105,1049|1,post_only
500,1049|1|RFBO_iGotU|4,2007-07105,1049|1,both
500,1049|1|RFBO_iGotU|7,2007-07105,1049|1,none_observed
500,1049|1|RFBO_iGotU|9,2007-07105,1049|1,none_observed
500,1049|1|RFBO_iGotU|10,2007-07105,1049|1,pre_only
500,1049|1|RFBO_iGotU|11,2007-07105,1049|1,pre_only
500,1049|1|RFBO_iGotU|12,2007-07105,1049|1,pre_only
500,1049|1|RFBO_iGotU|13,2007-07105,1049|1,none_observed
500,1049|1|RFBO_iGotU|14,2007-07105,1049|1,none_observed
500,1049|1|RFBO_iGotU|15,2007-07105,1049|1,none_observed
500,1049|1|RFBO_iGotU|23,2007-07105,1049|1,none_observed
500,1049|1|RFBO_iGotU|24,2007-07105,1049|1,none_observed
500,1049|1|RFBO_iGotU|25,2007-07105,1049|1,none_observed
500,1049|1|RFBO_iGotU|26,2007-07105,1049|1,none_observed
500,1049|1|RFBO_iGotU|27,2007-07105,1049|1,post_only
500,1049|1|RFBO_iGotU|28,2007-07105,1049|1,none_observed
500,1049|1|RFBO_iGotU|29,2007-07105,1049|1,none_observed
500,1049|1|RFBO_iGotU|31,2007-07105,1049|1,none_observed
500,1049|1|RFBO_iGotU|32,2007-07105,1049|1,none_observed
500,1049|1|RFBO_iGotU|33,2007-07105,1049|1,none_observed
500,1049|1|RFBO_iGotU|34,2007-07105,1049|1,none_observed
500,1049|1|RFBO_iGotU|35,2007-07105,1049|1,post_only
500,1049|1|RFBO_iGotU|38,2007-07105,1049|1,none_observed
500,1049|1|RFBO_iGotU|39,2007-07105,1049|1,pre_only
500,1049|1|RFBO_iGotU|40,2007-07105,1049|1,none_observed
500,1049|1|RFBO_iGotU|41,2007-07105,1049|1,none_observed
500,1049|1|RFBO_iGotU|42,2007-07105,1049|1,none_observed
500,1049|1|RFBO_iGotU|43,2007-07105,1049|1,none_observed
500,1049|1|RFBO_iGotU|44,2007-07105,1049|1,pre_only
500,1050|1|RFBO_iGotU|2,2017-24329,1050|1,none_observed
500,1050|1|RFBO_iGotU|3,2017-24329,1050|1,both
500,1050|1|RFBO_iGotU|8,2017-24329,1050|1,none_observed
500,1050|1|RFBO_iGotU|10,2017-24329,1050|1,post_only
500,1050|1|RFBO_iGotU|11,2017-24329,1050|1,none_observed
500,1050|1|RFBO_iGotU|12,2017-24329,1050|1,post_only
500,1050|1|RFBO_iGotU|13,2017-24329,1050|1,none_observed
500,1050|1|RFBO_iGotU|14,2017-24329,1050|1,pre_only
500,1050|1|RFBO_iGotU|18,2017-24329,1050|1,both
500,1050|1|RFBO_iGotU|19,2017-24329,1050|1,none_observed
500,1050|1|RFBO_iGotU|20,2017-24329,1050|1,none_observed
500,1050|1|RFBO_iGotU|21,2017-24329,1050|1,none_observed
500,1050|1|RFBO_iGotU|22,2017-24329,1050|1,post_only
500,1050|1|RFBO_iGotU|23,2017-24329,1050|1,pre_only
500,1050|3|RFBO_iGotU|0,2017-24329,1050|3,none_observed
500,1050|3|RFBO_iGotU|1,2017-24329,1050|3,none_observed
500,1050|3|RFBO_iGotU|3,2017-24329,1050|3,both
500,1050|3|RFBO_iGotU|4,2017-24329,1050|3,post_only
500,1050|3|RFBO_iGotU|6,2017-24329,1050|3,none_observed
500,1050|3|RFBO_iGotU|8,2017-24329,1050|3,none_observed
500,1050|3|RFBO_iGotU|9,2017-24329,1050|3,none_observed
500,1050|3|RFBO_iGotU|10,2017-24329,1050|3,none_observed
500,1050|3|RFBO_iGotU|12,2017-24329,1050|3,none_observed
500,1050|3|RFBO_iGotU|13,2017-24329,1050|3,none_observed
500,1050|3|RFBO_iGotU|14,2017-24329,1050|3,none_observed
500,1050|3|RFBO_iGotU|15,2017-24329,1050|3,none_observed
500,1053|1|RFBO_iGotU|2,2007-07129,1053|1,pre_only
500,1053|1|RFBO_iGotU|3,2007-07129,1053|1,both
500,1053|1|RFBO_iGotU|7,2007-07129,1053|1,none_observed
500,1053|1|RFBO_iGotU|11,2007-07129,1053|1,none_observed
500,1053|1|RFBO_iGotU|12,2007-07129,1053|1,pre_only
500,1053|1|RFBO_iGotU|13,2007-07129,1053|1,none_observed
500,1053|1|RFBO_iGotU|14,2007-07129,1053|1,none_observed
500,1053|1|RFBO_iGotU|15,2007-07129,1053|1,none_observed
500,1053|1|RFBO_iGotU|19,2007-07129,1053|1,none_observed
500,1053|1|RFBO_iGotU|21,2007-07129,1053|1,none_observed
500,1053|1|RFBO_iGotU|23,2007-07129,1053|1,none_observed
500,1053|1|RFBO_iGotU|25,2007-07129,1053|1,none_observed
500,1053|1|RFBO_iGotU|27,2007-07129,1053|1,none_observed
500,1053|1|RFBO_iGotU|28,2007-07129,1053|1,none_observed
500,1053|1|RFBO_iGotU|29,2007-07129,1053|1,both
500,1053|1|RFBO_iGotU|30,2007-07129,1053|1,none_observed
500,1053|1|RFBO_iGotU|32,2007-07129,1053|1,none_observed
500,1053|1|RFBO_iGotU|33,2007-07129,1053|1,none_observed
500,1053|1|RFBO_iGotU|36,2007-07129,1053|1,none_observed
500,1053|6|RFBO_iGotU|1,2007-07129,1053|6,pre_only
500,1053|6|RFBO_iGotU|2,2007-07129,1053|6,none_observed
500,1053|6|RFBO_iGotU|6,2007-07129,1053|6,none_observed
500,1054|1|RFBO_iGotU|1,2007-07200,1054|1,none_observed
500,1054|1|RFBO_iGotU|2,2007-07200,1054|1,post_only
500,1054|1|RFBO_iGotU|4,2007-07200,1054|1,both
500,1054|1|RFBO_iGotU|6,2007-07200,1054|1,both
500,1054|1|RFBO_iGotU|8,2007-07200,1054|1,pre_only
500,1054|1|RFBO_iGotU|10,2007-07200,1054|1,both
500,1054|1|RFBO_iGotU|11,2007-07200,1054|1,none_observed
500,1054|1|RFBO_iGotU|12,2007-07200,1054|1,both
500,1054|1|RFBO_iGotU|13,2007-07200,1054|1,none_observed
500,1054|1|RFBO_iGotU|14,2007-07200,1054|1,none_observed
500,1054|1|RFBO_iGotU|15,2007-07200,1054|1,none_observed
500,1054|1|RFBO_iGotU|16,2007-07200,1054|1,pre_only
500,1054|1|RFBO_iGotU|17,2007-07200,1054|1,none_observed
500,1054|1|RFBO_iGotU|18,2007-07200,1054|1,none_observed
500,1054|1|RFBO_iGotU|20,2007-07200,1054|1,none_observed
500,1054|1|RFBO_iGotU|21,2007-07200,1054|1,none_observed
500,1054|1|RFBO_iGotU|24,2007-07200,1054|1,none_observed
500,1054|1|RFBO_iGotU|25,2007-07200,1054|1,none_observed
500,1054|1|RFBO_iGotU|26,2007-07200,1054|1,none_observed
500,1054|1|RFBO_iGotU|27,2007-07200,1054|1,none_observed
500,1054|1|RFBO_iGotU|28,2007-07200,1054|1,none_observed
500,1054|1|RFBO_iGotU|29,2007-07200,1054|1,post_only
500,1054|1|RFBO_iGotU|30,2007-07200,1054|1,post_only
500,1054|1|RFBO_iGotU|31,2007-07200,1054|1,none_observed
500,1054|1|RFBO_iGotU|34,2007-07200,1054|1,none_observed
500,1054|1|RFBO_iGotU|35,2007-07200,1054|1,none_observed
500,1054|1|RFBO_iGotU|36,2007-07200,1054|1,none_observed
500,1054|1|RFBO_iGotU|37,2007-07200,1054|1,none_observed
500,1054|1|RFBO_iGotU|39,2007-07200,1054|1,pre_only
500,1054|1|RFBO_iGotU|40,2007-07200,1054|1,none_observed
500,1055|1|RFBO_iGotU|2,2007-07130,1055|1,none_observed
500,1055|1|RFBO_iGotU|3,2007-07130,1055|1,none_observed
500,1055|1|RFBO_iGotU|8,2007-07130,1055|1,none_observed
500,1055|1|RFBO_iGotU|9,2007-07130,1055|1,none_observed
500,1055|1|RFBO_iGotU|10,2007-07130,1055|1,none_observed
500,1055|1|RFBO_iGotU|11,2007-07130,1055|1,none_observed
500,1055|1|RFBO_iGotU|15,2007-07130,1055|1,none_observed
500,1055|1|RFBO_iGotU|16,2007-07130,1055|1,none_observed
500,1055|1|RFBO_iGotU|17,2007-07130,1055|1,none_observed
500,1055|1|RFBO_iGotU|18,2007-07130,1055|1,none_observed
500,1055|1|RFBO_iGotU|20,2007-07130,1055|1,none_observed
500,1055|1|RFBO_iGotU|24,2007-07130,1055|1,none_observed
500,1055|1|RFBO_iGotU|27,2007-07130,1055|1,none_observed
500,1055|1|RFBO_iGotU|28,2007-07130,1055|1,none_observed
500,1055|1|RFBO_iGotU|29,2007-07130,1055|1,none_observed
500,1055|1|RFBO_iGotU|32,2007-07130,1055|1,none_observed
500,1055|1|RFBO_iGotU|35,2007-07130,1055|1,none_observed
500,1055|1|RFBO_iGotU|36,2007-07130,1055|1,pre_only
500,1055|1|RFBO_iGotU|37,2007-07130,1055|1,none_observed
500,1055|1|RFBO_iGotU|38,2007-07130,1055|1,none_observed
500,1055|1|RFBO_iGotU|44,2007-07130,1055|1,none_observed
500,1055|1|RFBO_iGotU|45,2007-07130,1055|1,none_observed
500,1055|1|RFBO_iGotU|50,2007-07130,1055|1,none_observed
500,1055|1|RFBO_iGotU|55,2007-07130,1055|1,none_observed
500,1055|1|RFBO_iGotU|56,2007-07130,1055|1,none_observed
500,1056|1|RFBO_iGotU|0,2007-07136,1056|1,none_observed
500,1056|1|RFBO_iGotU|1,2007-07136,1056|1,none_observed
500,1056|1|RFBO_iGotU|2,2007-07136,1056|1,none_observed
500,1056|1|RFBO_iGotU|3,2007-07136,1056|1,post_only
500,1056|1|RFBO_iGotU|5,2007-07136,1056|1,none_observed
500,1056|1|RFBO_iGotU|6,2007-07136,1056|1,post_only
500,1056|1|RFBO_iGotU|7,2007-07136,1056|1,none_observed
500,1056|1|RFBO_iGotU|8,2007-07136,1056|1,none_observed
500,1056|1|RFBO_iGotU|9,2007-07136,1056|1,post_only
500,1056|1|RFBO_iGotU|13,2007-07136,1056|1,none_observed
500,1056|1|RFBO_iGotU|15,2007-07136,1056|1,none_observed
500,1056|1|RFBO_iGotU|16,2007-07136,1056|1,post_only
500,1056|1|RFBO_iGotU|17,2007-07136,1056|1,none_observed
500,1056|1|RFBO_iGotU|18,2007-07136,1056|1,none_observed
500,1056|1|RFBO_iGotU|20,2007-07136,1056|1,none_observed
500,1056|1|RFBO_iGotU|21,2007-07136,1056|1,none_observed
500,1056|1|RFBO_iGotU|22,2007-07136,1056|1,none_observed
500,1056|1|RFBO_iGotU|25,2007-07136,1056|1,none_observed
500,1056|1|RFBO_iGotU|27,2007-07136,1056|1,none_observed
500,1056|1|RFBO_iGotU|28,2007-07136,1056|1,none_observed
500,1056|2|RFBO_iGotU|0,2007-07136,1056|2,none_observed
500,1056|3|RFBO_iGotU|0,2007-07136,1056|3,pre_only
500,1056|3|RFBO_iGotU|1,2007-07136,1056|3,none_observed
500,1056|3|RFBO_iGotU|2,2007-07136,1056|3,none_observed
500,1056|3|RFBO_iGotU|5,2007-07136,1056|3,none_observed
500,1056|3|RFBO_iGotU|7,2007-07136,1056|3,post_only
500,1057|1|RFBO_iGotU|2,2007-07137,1057|1,none_observed
500,1057|1|RFBO_iGotU|3,2007-07137,1057|1,none_observed
500,1057|1|RFBO_iGotU|4,2007-07137,1057|1,none_observed
500,1057|1|RFBO_iGotU|5,2007-07137,1057|1,none_observed
500,1057|1|RFBO_iGotU|9,2007-07137,1057|1,none_observed
500,1057|1|RFBO_iGotU|10,2007-07137,1057|1,both
500,1057|1|RFBO_iGotU|11,2007-07137,1057|1,pre_only
500,1057|1|RFBO_iGotU|12,2007-07137,1057|1,both
500,1057|1|RFBO_iGotU|13,2007-07137,1057|1,none_observed
500,1057|1|RFBO_iGotU|14,2007-07137,1057|1,none_observed
500,1057|1|RFBO_iGotU|18,2007-07137,1057|1,none_observed
500,1057|1|RFBO_iGotU|21,2007-07137,1057|1,none_observed
500,1057|1|RFBO_iGotU|26,2007-07137,1057|1,none_observed
500,1057|1|RFBO_iGotU|27,2007-07137,1057|1,none_observed
500,1058|1|RFBO_iGotU|2,2007-07139,1058|1,none_observed
500,1058|1|RFBO_iGotU|3,2007-07139,1058|1,none_observed
500,1058|1|RFBO_iGotU|4,2007-07139,1058|1,post_only
500,1058|1|RFBO_iGotU|8,2007-07139,1058|1,none_observed
500,1058|1|RFBO_iGotU|9,2007-07139,1058|1,none_observed
500,1058|1|RFBO_iGotU|10,2007-07139,1058|1,none_observed
500,1058|1|RFBO_iGotU|11,2007-07139,1058|1,both
500,1058|1|RFBO_iGotU|12,2007-07139,1058|1,none_observed
500,1058|1|RFBO_iGotU|14,2007-07139,1058|1,none_observed
500,1058|1|RFBO_iGotU|15,2007-07139,1058|1,none_observed
500,1058|1|RFBO_iGotU|16,2007-07139,1058|1,both
500,1058|1|RFBO_iGotU|17,2007-07139,1058|1,none_observed
500,1058|1|RFBO_iGotU|18,2007-07139,1058|1,none_observed
500,1058|1|RFBO_iGotU|19,2007-07139,1058|1,none_observed
500,1058|1|RFBO_iGotU|21,2007-07139,1058|1,none_observed
500,1058|1|RFBO_iGotU|22,2007-07139,1058|1,none_observed
500,1058|1|RFBO_iGotU|23,2007-07139,1058|1,none_observed
500,1058|1|RFBO_iGotU|25,2007-07139,1058|1,both
500,1058|1|RFBO_iGotU|28,2007-07139,1058|1,both
500,1058|1|RFBO_iGotU|31,2007-07139,1058|1,none_observed
500,1058|1|RFBO_iGotU|32,2007-07139,1058|1,none_observed
500,1058|1|RFBO_iGotU|33,2007-07139,1058|1,none_observed
500,1058|2|RFBO_iGotU|0,2007-07139,1058|2,none_observed
500,1058|2|RFBO_iGotU|1,2007-07139,1058|2,pre_only
500,1058|2|RFBO_iGotU|3,2007-07139,1058|2,none_observed
500,1058|2|RFBO_iGotU|4,2007-07139,1058|2,pre_only
500,1058|2|RFBO_iGotU|5,2007-07139,1058|2,none_observed
500,1058|2|RFBO_iGotU|6,2007-07139,1058|2,none_observed
500,1058|2|RFBO_iGotU|8,2007-07139,1058|2,post_only
500,1058|2|RFBO_iGotU|9,2007-07139,1058|2,none_observed
500,1058|2|RFBO_iGotU|10,2007-07139,1058|2,both
500,1058|2|RFBO_iGotU|12,2007-07139,1058|2,none_observed
1000,339|2|RFBO_iGotU|1,1777-28242,339|2,none_observed
1000,339|2|RFBO_iGotU|2,1777-28242,339|2,none_observed
1000,339|2|RFBO_iGotU|3,1777-28242,339|2,none_observed
1000,339|2|RFBO_iGotU|4,1777-28242,339|2,none_observed
1000,339|2|RFBO_iGotU|5,1777-28242,339|2,pre_only
1000,339|2|RFBO_iGotU|6,1777-28242,339|2,none_observed
1000,339|2|RFBO_iGotU|7,1777-28242,339|2,none_observed
1000,339|2|RFBO_iGotU|9,1777-28242,339|2,pre_only
1000,339|2|RFBO_iGotU|10,1777-28242,339|2,none_observed
1000,339|2|RFBO_iGotU|11,1777-28242,339|2,none_observed
1000,339|2|RFBO_iGotU|12,1777-28242,339|2,none_observed
1000,341|1|RFBO_iGotU|3,2007-07121,341|1,none_observed
1000,342|3|RFBO_iGotU|1,2007-07122,342|3,none_observed
1000,343|1|RFBO_iGotU|1,2007-07123,343|1,none_observed
1000,343|1|RFBO_iGotU|2,2007-07123,343|1,both
1000,343|1|RFBO_iGotU|3,2007-07123,343|1,none_observed
1000,343|1|RFBO_iGotU|6,2007-07123,343|1,none_observed
1000,343|1|RFBO_iGotU|7,2007-07123,343|1,none_observed
1000,343|1|RFBO_iGotU|8,2007-07123,343|1,post_only
1000,344|1|RFBO_iGotU|3,2007-07124,344|1,none_observed
1000,344|1|RFBO_iGotU|5,2007-07124,344|1,none_observed
1000,344|1|RFBO_iGotU|7,2007-07124,344|1,none_observed
1000,344|1|RFBO_iGotU|8,2007-07124,344|1,none_observed
1000,344|1|RFBO_iGotU|14,2007-07124,344|1,none_observed
1000,344|1|RFBO_iGotU|15,2007-07124,344|1,both
1000,344|1|RFBO_iGotU|16,2007-07124,344|1,post_only
1000,344|1|RFBO_iGotU|17,2007-07124,344|1,none_observed
1000,345|1|RFBO_iGotU|1,2007-07125,345|1,pre_only
1000,345|4|RFBO_iGotU|4,2007-07125,345|4,both
1000,345|4|RFBO_iGotU|6,2007-07125,345|4,post_only
1000,345|4|RFBO_iGotU|7,2007-07125,345|4,none_observed
1000,345|4|RFBO_iGotU|8,2007-07125,345|4,none_observed
1000,346|1|RFBO_iGotU|5,2007-07126,346|1,pre_only
1000,346|1|RFBO_iGotU|13,2007-07126,346|1,none_observed
1000,346|1|RFBO_iGotU|14,2007-07126,346|1,none_observed
1000,346|1|RFBO_iGotU|15,2007-07126,346|1,none_observed
1000,346|1|RFBO_iGotU|17,2007-07126,346|1,none_observed
1000,347|1|RFBO_iGotU|2,2007-07127,347|1,none_observed
1000,347|1|RFBO_iGotU|6,2007-07127,347|1,none_observed
1000,347|1|RFBO_iGotU|7,2007-07127,347|1,none_observed
1000,347|1|RFBO_iGotU|8,2007-07127,347|1,none_observed
1000,347|1|RFBO_iGotU|9,2007-07127,347|1,pre_only
1000,348|1|RFBO_iGotU|2,2007-07128,348|1,none_observed
1000,348|1|RFBO_iGotU|3,2007-07128,348|1,pre_only
1000,348|1|RFBO_iGotU|6,2007-07128,348|1,none_observed
1000,348|1|RFBO_iGotU|7,2007-07128,348|1,none_observed
1000,348|1|RFBO_iGotU|8,2007-07128,348|1,none_observed
1000,348|1|RFBO_iGotU|11,2007-07128,348|1,pre_only
1000,349|4|RFBO_iGotU|1,2007-07131,349|4,none_observed
1000,349|4|RFBO_iGotU|2,2007-07131,349|4,none_observed
1000,349|4|RFBO_iGotU|3,2007-07131,349|4,none_observed
1000,349|4|RFBO_iGotU|5,2007-07131,349|4,none_observed
1000,349|4|RFBO_iGotU|7,2007-07131,349|4,none_observed
1000,349|4|RFBO_iGotU|8,2007-07131,349|4,pre_only
1000,349|4|RFBO_iGotU|9,2007-07131,349|4,none_observed
1000,349|4|RFBO_iGotU|11,2007-07131,349|4,none_observed
1000,349|4|RFBO_iGotU|12,2007-07131,349|4,none_observed
1000,349|4|RFBO_iGotU|17,2007-07131,349|4,none_observed
1000,349|4|RFBO_iGotU|18,2007-07131,349|4,none_observed
1000,351|1|RFBO_iGotU|4,2007-07133,351|1,none_observed
1000,351|1|RFBO_iGotU|5,2007-07133,351|1,none_observed
1000,351|1|RFBO_iGotU|6,2007-07133,351|1,none_observed
1000,351|1|RFBO_iGotU|7,2007-07133,351|1,none_observed
1000,351|1|RFBO_iGotU|8,2007-07133,351|1,none_observed
1000,351|1|RFBO_iGotU|9,2007-07133,351|1,none_observed
1000,351|1|RFBO_iGotU|12,2007-07133,351|1,post_only
1000,351|1|RFBO_iGotU|13,2007-07133,351|1,none_observed
1000,351|1|RFBO_iGotU|14,2007-07133,351|1,none_observed
1000,351|1|RFBO_iGotU|15,2007-07133,351|1,none_observed
1000,351|1|RFBO_iGotU|16,2007-07133,351|1,none_observed
1000,352|1|RFBO_iGotU|2,2007-07134,352|1,none_observed
1000,352|1|RFBO_iGotU|3,2007-07134,352|1,none_observed
1000,352|1|RFBO_iGotU|5,2007-07134,352|1,none_observed
1000,352|1|RFBO_iGotU|6,2007-07134,352|1,both
1000,352|1|RFBO_iGotU|7,2007-07134,352|1,none_observed
1000,353|1|RFBO_iGotU|2,2007-07135,353|1,none_observed
1000,353|1|RFBO_iGotU|3,2007-07135,353|1,none_observed
1000,353|1|RFBO_iGotU|4,2007-07135,353|1,none_observed
1000,353|1|RFBO_iGotU|7,2007-07135,353|1,post_only
1000,353|1|RFBO_iGotU|8,2007-07135,353|1,pre_only
1000,353|1|RFBO_iGotU|9,2007-07135,353|1,none_observed
1000,353|1|RFBO_iGotU|10,2007-07135,353|1,pre_only
1000,354|1|RFBO_iGotU|1,2007-07138,354|1,none_observed
1000,354|1|RFBO_iGotU|2,2007-07138,354|1,pre_only
1000,354|1|RFBO_iGotU|3,2007-07138,354|1,none_observed
1000,354|1|RFBO_iGotU|6,2007-07138,354|1,post_only
1000,354|1|RFBO_iGotU|10,2007-07138,354|1,none_observed
1000,356|1|RFBO_iGotU|3,2007-07141,356|1,none_observed
1000,356|1|RFBO_iGotU|5,2007-07141,356|1,pre_only
1000,356|1|RFBO_iGotU|8,2007-07141,356|1,none_observed
1000,356|1|RFBO_iGotU|13,2007-07141,356|1,none_observed
1000,356|1|RFBO_iGotU|14,2007-07141,356|1,none_observed
1000,356|1|RFBO_iGotU|15,2007-07141,356|1,none_observed
1000,359|1|RFBO_iGotU|1,2007-07144,359|1,none_observed
1000,359|1|RFBO_iGotU|4,2007-07144,359|1,none_observed
1000,359|1|RFBO_iGotU|5,2007-07144,359|1,none_observed
1000,359|1|RFBO_iGotU|6,2007-07144,359|1,none_observed
1000,359|1|RFBO_iGotU|9,2007-07144,359|1,none_observed
1000,359|1|RFBO_iGotU|12,2007-07144,359|1,none_observed
1000,361|5|RFBO_iGotU|4,2007-07146,361|5,pre_only
1000,361|5|RFBO_iGotU|5,2007-07146,361|5,none_observed
1000,361|5|RFBO_iGotU|6,2007-07146,361|5,none_observed
1000,361|5|RFBO_iGotU|8,2007-07146,361|5,none_observed
1000,361|5|RFBO_iGotU|9,2007-07146,361|5,none_observed
1000,361|5|RFBO_iGotU|10,2007-07146,361|5,none_observed
1000,361|5|RFBO_iGotU|11,2007-07146,361|5,post_only
1000,361|5|RFBO_iGotU|18,2007-07146,361|5,none_observed
1000,364|1|RFBO_iGotU|2,2007-07149,364|1,both
1000,364|1|RFBO_iGotU|5,2007-07149,364|1,none_observed
1000,365|1|RFBO_iGotU|5,2007-07150,365|1,post_only
1000,365|1|RFBO_iGotU|9,2007-07150,365|1,none_observed
1000,365|1|RFBO_iGotU|10,2007-07150,365|1,none_observed
1000,365|1|RFBO_iGotU|11,2007-07150,365|1,none_observed
1000,366|1|RFBO_iGotU|1,2007-07152,366|1,none_observed
1000,366|1|RFBO_iGotU|2,2007-07152,366|1,none_observed
1000,366|1|RFBO_iGotU|4,2007-07152,366|1,none_observed
1000,366|1|RFBO_iGotU|6,2007-07152,366|1,none_observed
1000,367|1|RFBO_iGotU|4,2007-07153,367|1,both
1000,367|1|RFBO_iGotU|5,2007-07153,367|1,none_observed
1000,367|1|RFBO_iGotU|6,2007-07153,367|1,none_observed
1000,367|1|RFBO_iGotU|7,2007-07153,367|1,none_observed
1000,367|1|RFBO_iGotU|11,2007-07153,367|1,none_observed
1000,368|1|RFBO_iGotU|1,2007-07154,368|1,pre_only
1000,368|1|RFBO_iGotU|3,2007-07154,368|1,none_observed
1000,368|1|RFBO_iGotU|4,2007-07154,368|1,none_observed
1000,368|1|RFBO_iGotU|7,2007-07154,368|1,none_observed
1000,368|1|RFBO_iGotU|9,2007-07154,368|1,none_observed
1000,368|1|RFBO_iGotU|11,2007-07154,368|1,none_observed
1000,368|1|RFBO_iGotU|12,2007-07154,368|1,none_observed
1000,368|1|RFBO_iGotU|13,2007-07154,368|1,none_observed
1000,369|3|RFBO_iGotU|0,2007-07155,369|3,post_only
1000,369|3|RFBO_iGotU|1,2007-07155,369|3,none_observed
1000,369|3|RFBO_iGotU|2,2007-07155,369|3,none_observed
1000,369|3|RFBO_iGotU|3,2007-07155,369|3,post_only
1000,369|3|RFBO_iGotU|4,2007-07155,369|3,none_observed
1000,369|3|RFBO_iGotU|7,2007-07155,369|3,none_observed
1000,369|3|RFBO_iGotU|8,2007-07155,369|3,none_observed
1000,369|3|RFBO_iGotU|10,2007-07155,369|3,none_observed
1000,369|3|RFBO_iGotU|11,2007-07155,369|3,none_observed
1000,369|3|RFBO_iGotU|12,2007-07155,369|3,none_observed
1000,370|1|RFBO_iGotU|2,2007-07156,370|1,post_only
1000,370|1|RFBO_iGotU|3,2007-07156,370|1,none_observed
1000,370|1|RFBO_iGotU|4,2007-07156,370|1,none_observed
1000,370|1|RFBO_iGotU|5,2007-07156,370|1,none_observed
1000,370|1|RFBO_iGotU|6,2007-07156,370|1,none_observed
1000,370|1|RFBO_iGotU|7,2007-07156,370|1,none_observed
1000,370|1|RFBO_iGotU|10,2007-07156,370|1,none_observed
1000,371|1|RFBO_iGotU|2,2007-07157,371|1,none_observed
1000,371|1|RFBO_iGotU|6,2007-07157,371|1,none_observed
1000,371|1|RFBO_iGotU|9,2007-07157,371|1,none_observed
1000,371|1|RFBO_iGotU|10,2007-07157,371|1,none_observed
1000,373|1|RFBO_iGotU|1,2007-07159,373|1,none_observed
1000,373|1|RFBO_iGotU|2,2007-07159,373|1,none_observed
1000,373|1|RFBO_iGotU|5,2007-07159,373|1,none_observed
1000,373|1|RFBO_iGotU|6,2007-07159,373|1,none_observed
1000,373|1|RFBO_iGotU|7,2007-07159,373|1,none_observed
1000,374|1|RFBO_iGotU|1,2007-07160,374|1,pre_only
1000,374|1|RFBO_iGotU|2,2007-07160,374|1,post_only
1000,374|1|RFBO_iGotU|6,2007-07160,374|1,none_observed
1000,374|1|RFBO_iGotU|8,2007-07160,374|1,both
1000,374|1|RFBO_iGotU|9,2007-07160,374|1,none_observed
1000,374|2|RFBO_iGotU|0,2007-07160,374|2,none_observed
1000,374|2|RFBO_iGotU|2,2007-07160,374|2,none_observed
1000,374|4|RFBO_iGotU|0,2007-07160,374|4,none_observed
1000,374|4|RFBO_iGotU|1,2007-07160,374|4,both
1000,375|1|RFBO_iGotU|4,2007-07171,375|1,none_observed
1000,375|1|RFBO_iGotU|5,2007-07171,375|1,none_observed
1000,375|1|RFBO_iGotU|6,2007-07171,375|1,post_only
1000,375|1|RFBO_iGotU|7,2007-07171,375|1,none_observed
1000,375|1|RFBO_iGotU|10,2007-07171,375|1,none_observed
1000,375|1|RFBO_iGotU|12,2007-07171,375|1,none_observed
1000,376|3|RFBO_iGotU|0,2007-07172,376|3,none_observed
1000,376|3|RFBO_iGotU|2,2007-07172,376|3,none_observed
1000,376|3|RFBO_iGotU|3,2007-07172,376|3,none_observed
1000,376|14|RFBO_iGotU|0,2007-07172,376|14,none_observed
1000,377|1|RFBO_iGotU|1,2007-07173,377|1,none_observed
1000,377|1|RFBO_iGotU|2,2007-07173,377|1,none_observed
1000,377|4|RFBO_iGotU|0,2007-07173,377|4,none_observed
1000,377|4|RFBO_iGotU|3,2007-07173,377|4,none_observed
1000,377|4|RFBO_iGotU|4,2007-07173,377|4,none_observed
1000,377|4|RFBO_iGotU|5,2007-07173,377|4,none_observed
1000,377|4|RFBO_iGotU|6,2007-07173,377|4,none_observed
1000,377|4|RFBO_iGotU|7,2007-07173,377|4,none_observed
1000,377|4|RFBO_iGotU|8,2007-07173,377|4,pre_only
1000,377|4|RFBO_iGotU|12,2007-07173,377|4,none_observed
1000,377|4|RFBO_iGotU|13,2007-07173,377|4,none_observed
1000,378|1|RFBO_iGotU|1,2007-07174,378|1,pre_only
1000,378|1|RFBO_iGotU|3,2007-07174,378|1,none_observed
1000,378|1|RFBO_iGotU|4,2007-07174,378|1,none_observed
1000,378|1|RFBO_iGotU|5,2007-07174,378|1,post_only
1000,378|1|RFBO_iGotU|6,2007-07174,378|1,none_observed
1000,378|1|RFBO_iGotU|7,2007-07174,378|1,none_observed
1000,378|1|RFBO_iGotU|8,2007-07174,378|1,none_observed
1000,378|1|RFBO_iGotU|9,2007-07174,378|1,none_observed
1000,378|1|RFBO_iGotU|10,2007-07174,378|1,none_observed
1000,378|1|RFBO_iGotU|11,2007-07174,378|1,none_observed
1000,378|1|RFBO_iGotU|13,2007-07174,378|1,none_observed
1000,379|1|RFBO_iGotU|1,2007-07175,379|1,pre_only
1000,379|1|RFBO_iGotU|2,2007-07175,379|1,none_observed
1000,379|1|RFBO_iGotU|5,2007-07175,379|1,none_observed
1000,380|1|RFBO_iGotU|1,2007-07176,380|1,none_observed
1000,380|1|RFBO_iGotU|2,2007-07176,380|1,none_observed
1000,380|1|RFBO_iGotU|3,2007-07176,380|1,pre_only
1000,380|1|RFBO_iGotU|4,2007-07176,380|1,none_observed
1000,380|1|RFBO_iGotU|5,2007-07176,380|1,none_observed
1000,380|1|RFBO_iGotU|6,2007-07176,380|1,none_observed
1000,380|1|RFBO_iGotU|7,2007-07176,380|1,none_observed
1000,380|1|RFBO_iGotU|8,2007-07176,380|1,none_observed
1000,380|1|RFBO_iGotU|9,2007-07176,380|1,none_observed
1000,380|1|RFBO_iGotU|11,2007-07176,380|1,none_observed
1000,380|1|RFBO_iGotU|15,2007-07176,380|1,none_observed
1000,382|1|RFBO_iGotU|1,2007-07178,382|1,none_observed
1000,382|1|RFBO_iGotU|3,2007-07178,382|1,none_observed
1000,382|1|RFBO_iGotU|5,2007-07178,382|1,none_observed
1000,382|1|RFBO_iGotU|6,2007-07178,382|1,none_observed
1000,382|1|RFBO_iGotU|7,2007-07178,382|1,none_observed
1000,382|1|RFBO_iGotU|10,2007-07178,382|1,none_observed
1000,382|1|RFBO_iGotU|11,2007-07178,382|1,none_observed
1000,382|1|RFBO_iGotU|14,2007-07178,382|1,none_observed
1000,382|1|RFBO_iGotU|15,2007-07178,382|1,none_observed
1000,382|1|RFBO_iGotU|16,2007-07178,382|1,none_observed
1000,383|1|RFBO_iGotU|1,2007-07179,383|1,none_observed
1000,383|1|RFBO_iGotU|3,2007-07179,383|1,none_observed
1000,383|1|RFBO_iGotU|4,2007-07179,383|1,none_observed
1000,383|1|RFBO_iGotU|5,2007-07179,383|1,none_observed
1000,383|1|RFBO_iGotU|8,2007-07179,383|1,none_observed
1000,383|1|RFBO_iGotU|9,2007-07179,383|1,post_only
1000,383|1|RFBO_iGotU|10,2007-07179,383|1,none_observed
1000,383|1|RFBO_iGotU|12,2007-07179,383|1,none_observed
1000,383|1|RFBO_iGotU|13,2007-07179,383|1,post_only
1000,383|1|RFBO_iGotU|15,2007-07179,383|1,none_observed
1000,383|1|RFBO_iGotU|16,2007-07179,383|1,none_observed
1000,383|1|RFBO_iGotU|17,2007-07179,383|1,none_observed
1000,383|1|RFBO_iGotU|18,2007-07179,383|1,none_observed
1000,384|1|RFBO_iGotU|2,2007-07180,384|1,pre_only
1000,386|1|RFBO_iGotU|1,2017-24332,386|1,none_observed
1000,386|1|RFBO_iGotU|4,2017-24332,386|1,none_observed
1000,386|1|RFBO_iGotU|5,2017-24332,386|1,none_observed
1000,386|1|RFBO_iGotU|9,2017-24332,386|1,none_observed
1000,387|1|RFBO_iGotU|1,2017-24336,387|1,none_observed
1000,387|1|RFBO_iGotU|2,2017-24336,387|1,none_observed
1000,387|1|RFBO_iGotU|3,2017-24336,387|1,none_observed
1000,387|1|RFBO_iGotU|6,2017-24336,387|1,none_observed
1000,387|1|RFBO_iGotU|10,2017-24336,387|1,none_observed
1000,387|1|RFBO_iGotU|11,2017-24336,387|1,none_observed
1000,393|1|RFBO_iGotU|2,2017-24342,393|1,none_observed
1000,399|1|RFBO_iGotU|3,2017-24360,399|1,none_observed
1000,399|1|RFBO_iGotU|4,2017-24360,399|1,none_observed
1000,399|1|RFBO_iGotU|5,2017-24360,399|1,post_only
1000,399|1|RFBO_iGotU|7,2017-24360,399|1,post_only
1000,399|1|RFBO_iGotU|8,2017-24360,399|1,none_observed
1000,401|1|RFBO_iGotU|3,2017-24361,401|1,none_observed
1000,401|1|RFBO_iGotU|8,2017-24361,401|1,post_only
1000,614|7|RFBO_iGotU|0,2007-07104,614|7,none_observed
1000,614|10|RFBO_iGotU|0,2007-07104,614|10,none_observed
1000,615|1|RFBO_iGotU|0,2007-07105,615|1,post_only
1000,615|2|RFBO_iGotU|0,2007-07105,615|2,post_only
1000,615|2|RFBO_iGotU|2,2007-07105,615|2,none_observed
1000,615|2|RFBO_iGotU|3,2007-07105,615|2,none_observed
1000,615|2|RFBO_iGotU|7,2007-07105,615|2,none_observed
1000,615|2|RFBO_iGotU|8,2007-07105,615|2,none_observed
1000,615|8|RFBO_iGotU|0,2007-07105,615|8,none_observed
1000,615|8|RFBO_iGotU|1,2007-07105,615|8,none_observed
1000,616|1|RFBO_iGotU|2,2007-07106,616|1,none_observed
1000,616|1|RFBO_iGotU|3,2007-07106,616|1,none_observed
1000,616|1|RFBO_iGotU|8,2007-07106,616|1,none_observed
1000,616|1|RFBO_iGotU|9,2007-07106,616|1,none_observed
1000,616|1|RFBO_iGotU|11,2007-07106,616|1,none_observed
1000,616|1|RFBO_iGotU|12,2007-07106,616|1,none_observed
1000,617|1|RFBO_iGotU|0,2007-07107,617|1,post_only
1000,617|1|RFBO_iGotU|1,2007-07107,617|1,none_observed
1000,617|1|RFBO_iGotU|3,2007-07107,617|1,both
1000,617|1|RFBO_iGotU|4,2007-07107,617|1,none_observed
1000,617|1|RFBO_iGotU|8,2007-07107,617|1,none_observed
1000,617|1|RFBO_iGotU|10,2007-07107,617|1,none_observed
1000,617|1|RFBO_iGotU|12,2007-07107,617|1,none_observed
1000,617|1|RFBO_iGotU|14,2007-07107,617|1,none_observed
1000,617|2|RFBO_iGotU|0,2007-07107,617|2,none_observed
1000,618|2|RFBO_iGotU|0,2007-07108,618|2,none_observed
1000,618|2|RFBO_iGotU|3,2007-07108,618|2,none_observed
1000,618|2|RFBO_iGotU|4,2007-07108,618|2,none_observed
1000,618|2|RFBO_iGotU|5,2007-07108,618|2,pre_only
1000,618|2|RFBO_iGotU|6,2007-07108,618|2,post_only
1000,618|2|RFBO_iGotU|7,2007-07108,618|2,none_observed
1000,618|2|RFBO_iGotU|8,2007-07108,618|2,both
1000,618|2|RFBO_iGotU|9,2007-07108,618|2,none_observed
1000,618|2|RFBO_iGotU|11,2007-07108,618|2,none_observed
1000,618|2|RFBO_iGotU|13,2007-07108,618|2,none_observed
1000,618|2|RFBO_iGotU|14,2007-07108,618|2,none_observed
1000,619|1|RFBO_iGotU|1,2007-07109,619|1,none_observed
1000,619|1|RFBO_iGotU|2,2007-07109,619|1,post_only
1000,619|1|RFBO_iGotU|3,2007-07109,619|1,none_observed
1000,619|1|RFBO_iGotU|4,2007-07109,619|1,none_observed
1000,619|1|RFBO_iGotU|5,2007-07109,619|1,none_observed
1000,619|1|RFBO_iGotU|8,2007-07109,619|1,post_only
1000,620|1|RFBO_iGotU|0,2007-07110,620|1,post_only
1000,620|2|RFBO_iGotU|3,2007-07110,620|2,none_observed
1000,620|2|RFBO_iGotU|4,2007-07110,620|2,none_observed
1000,620|2|RFBO_iGotU|6,2007-07110,620|2,none_observed
1000,620|2|RFBO_iGotU|7,2007-07110,620|2,none_observed
1000,620|2|RFBO_iGotU|8,2007-07110,620|2,post_only
1000,620|2|RFBO_iGotU|10,2007-07110,620|2,none_observed
1000,620|2|RFBO_iGotU|12,2007-07110,620|2,none_observed
1000,620|2|RFBO_iGotU|13,2007-07110,620|2,none_observed
1000,620|3|RFBO_iGotU|0,2007-07110,620|3,none_observed
1000,620|3|RFBO_iGotU|1,2007-07110,620|3,none_observed
1000,620|3|RFBO_iGotU|2,2007-07110,620|3,none_observed
1000,620|3|RFBO_iGotU|3,2007-07110,620|3,none_observed
1000,620|3|RFBO_iGotU|4,2007-07110,620|3,none_observed
1000,621|3|RFBO_iGotU|0,2007-07111,621|3,none_observed
1000,621|3|RFBO_iGotU|1,2007-07111,621|3,none_observed
1000,621|3|RFBO_iGotU|2,2007-07111,621|3,none_observed
1000,621|3|RFBO_iGotU|4,2007-07111,621|3,none_observed
1000,621|9|RFBO_iGotU|0,2007-07111,621|9,none_observed
1000,623|1|RFBO_iGotU|0,2007-07113,623|1,none_observed
1000,624|1|RFBO_iGotU|0,2007-07114,624|1,none_observed
1000,624|1|RFBO_iGotU|1,2007-07114,624|1,post_only
1000,624|1|RFBO_iGotU|3,2007-07114,624|1,none_observed
1000,624|1|RFBO_iGotU|4,2007-07114,624|1,none_observed
1000,624|1|RFBO_iGotU|5,2007-07114,624|1,none_observed
1000,624|1|RFBO_iGotU|6,2007-07114,624|1,none_observed
1000,624|1|RFBO_iGotU|7,2007-07114,624|1,none_observed
1000,624|1|RFBO_iGotU|8,2007-07114,624|1,post_only
1000,624|1|RFBO_iGotU|9,2007-07114,624|1,none_observed
1000,624|1|RFBO_iGotU|10,2007-07114,624|1,none_observed
1000,624|1|RFBO_iGotU|11,2007-07114,624|1,none_observed
1000,624|1|RFBO_iGotU|12,2007-07114,624|1,none_observed
1000,626|1|RFBO_iGotU|3,2007-07116,626|1,pre_only
1000,627|1|RFBO_iGotU|0,2007-07117,627|1,none_observed
1000,627|1|RFBO_iGotU|1,2007-07117,627|1,post_only
1000,627|1|RFBO_iGotU|2,2007-07117,627|1,both
1000,627|1|RFBO_iGotU|3,2007-07117,627|1,none_observed
1000,627|1|RFBO_iGotU|4,2007-07117,627|1,none_observed
1000,627|1|RFBO_iGotU|5,2007-07117,627|1,none_observed
1000,627|1|RFBO_iGotU|6,2007-07117,627|1,none_observed
1000,627|1|RFBO_iGotU|7,2007-07117,627|1,both
1000,627|2|RFBO_iGotU|1,2007-07117,627|2,none_observed
1000,627|2|RFBO_iGotU|2,2007-07117,627|2,none_observed
1000,628|1|RFBO_iGotU|1,2007-07118,628|1,none_observed
1000,628|1|RFBO_iGotU|7,2007-07118,628|1,post_only
1000,629|1|RFBO_iGotU|0,2007-07119,629|1,none_observed
1000,629|1|RFBO_iGotU|1,2007-07119,629|1,post_only
1000,629|1|RFBO_iGotU|2,2007-07119,629|1,none_observed
1000,629|2|RFBO_iGotU|0,2007-07119,629|2,none_observed
1000,629|2|RFBO_iGotU|1,2007-07119,629|2,none_observed
1000,629|2|RFBO_iGotU|2,2007-07119,629|2,none_observed
1000,629|2|RFBO_iGotU|3,2007-07119,629|2,none_observed
1000,629|2|RFBO_iGotU|4,2007-07119,629|2,none_observed
1000,629|2|RFBO_iGotU|6,2007-07119,629|2,none_observed
1000,630|1|RFBO_iGotU|0,2007-07120,630|1,none_observed
1000,630|1|RFBO_iGotU|2,2007-07120,630|1,none_observed
1000,630|1|RFBO_iGotU|3,2007-07120,630|1,none_observed
1000,630|1|RFBO_iGotU|4,2007-07120,630|1,none_observed
1000,630|1|RFBO_iGotU|5,2007-07120,630|1,none_observed
1000,630|1|RFBO_iGotU|6,2007-07120,630|1,none_observed
1000,630|1|RFBO_iGotU|7,2007-07120,630|1,none_observed
1000,630|8|RFBO_iGotU|3,2007-07120,630|8,none_observed
1000,631|1|RFBO_iGotU|0,2017-24307,631|1,none_observed
1000,631|1|RFBO_iGotU|1,2017-24307,631|1,none_observed
1000,631|1|RFBO_iGotU|2,2017-24307,631|1,none_observed
1000,631|1|RFBO_iGotU|3,2017-24307,631|1,none_observed
1000,631|1|RFBO_iGotU|4,2017-24307,631|1,none_observed
1000,631|1|RFBO_iGotU|5,2017-24307,631|1,none_observed
1000,631|1|RFBO_iGotU|7,2017-24307,631|1,none_observed
1000,631|1|RFBO_iGotU|8,2017-24307,631|1,none_observed
1000,631|1|RFBO_iGotU|9,2017-24307,631|1,pre_only
1000,631|2|RFBO_iGotU|1,2017-24307,631|2,none_observed
1000,631|2|RFBO_iGotU|3,2017-24307,631|2,none_observed
1000,635|1|RFBO_iGotU|0,2017-24315,635|1,none_observed
1000,635|1|RFBO_iGotU|1,2017-24315,635|1,none_observed
1000,635|1|RFBO_iGotU|2,2017-24315,635|1,none_observed
1000,635|1|RFBO_iGotU|4,2017-24315,635|1,none_observed
1000,637|1|RFBO_iGotU|0,2017-24317,637|1,none_observed
1000,637|1|RFBO_iGotU|1,2017-24317,637|1,none_observed
1000,637|1|RFBO_iGotU|3,2017-24317,637|1,none_observed
1000,637|1|RFBO_iGotU|5,2017-24317,637|1,none_observed
1000,637|1|RFBO_iGotU|6,2017-24317,637|1,none_observed
1000,637|1|RFBO_iGotU|7,2017-24317,637|1,none_observed
1000,639|1|RFBO_iGotU|0,2017-24319,639|1,none_observed
1000,639|1|RFBO_iGotU|2,2017-24319,639|1,none_observed
1000,639|1|RFBO_iGotU|3,2017-24319,639|1,none_observed
1000,639|1|RFBO_iGotU|4,2017-24319,639|1,none_observed
1000,639|1|RFBO_iGotU|5,2017-24319,639|1,none_observed
1000,639|1|RFBO_iGotU|7,2017-24319,639|1,none_observed
1000,639|1|RFBO_iGotU|8,2017-24319,639|1,none_observed
1000,640|1|RFBO_iGotU|0,2017-24320,640|1,none_observed
1000,640|1|RFBO_iGotU|1,2017-24320,640|1,none_observed
1000,640|1|RFBO_iGotU|2,2017-24320,640|1,none_observed
1000,640|1|RFBO_iGotU|5,2017-24320,640|1,none_observed
1000,640|2|RFBO_iGotU|0,2017-24320,640|2,none_observed
1000,640|2|RFBO_iGotU|2,2017-24320,640|2,none_observed
1000,640|5|RFBO_iGotU|0,2017-24320,640|5,none_observed
1000,640|5|RFBO_iGotU|1,2017-24320,640|5,none_observed
1000,640|5|RFBO_iGotU|2,2017-24320,640|5,none_observed
1000,640|5|RFBO_iGotU|3,2017-24320,640|5,none_observed
1000,647|1|RFBO_iGotU|0,2017-24327,647|1,none_observed
1000,647|1|RFBO_iGotU|1,2017-24327,647|1,none_observed
1000,647|1|RFBO_iGotU|2,2017-24327,647|1,none_observed
1000,647|1|RFBO_iGotU|3,2017-24327,647|1,none_observed
1000,648|1|RFBO_iGotU|2,2017-24328,648|1,none_observed
1000,649|1|RFBO_iGotU|0,2017-24329,649|1,none_observed
1000,649|1|RFBO_iGotU|1,2017-24329,649|1,none_observed
1000,649|1|RFBO_iGotU|2,2017-24329,649|1,none_observed
1000,649|1|RFBO_iGotU|4,2017-24329,649|1,none_observed
1000,649|1|RFBO_iGotU|5,2017-24329,649|1,none_observed
1000,650|1|RFBO_iGotU|0,2017-24330,650|1,none_observed
1000,650|1|RFBO_iGotU|1,2017-24330,650|1,none_observed
1000,650|2|RFBO_iGotU|0,2017-24330,650|2,none_observed
1000,947|1|RFBO_iGotU|1,2007-09901,947|1,none_observed
1000,947|1|RFBO_iGotU|2,2007-09901,947|1,none_observed
1000,947|1|RFBO_iGotU|4,2007-09901,947|1,both
1000,947|1|RFBO_iGotU|6,2007-09901,947|1,none_observed
1000,947|1|RFBO_iGotU|7,2007-09901,947|1,pre_only
1000,947|1|RFBO_iGotU|8,2007-09901,947|1,none_observed
1000,947|1|RFBO_iGotU|9,2007-09901,947|1,none_observed
1000,947|1|RFBO_iGotU|10,2007-09901,947|1,none_observed
1000,947|1|RFBO_iGotU|14,2007-09901,947|1,none_observed
1000,947|1|RFBO_iGotU|17,2007-09901,947|1,none_observed
1000,947|1|RFBO_iGotU|18,2007-09901,947|1,pre_only
1000,947|1|RFBO_iGotU|20,2007-09901,947|1,none_observed
1000,947|1|RFBO_iGotU|22,2007-09901,947|1,none_observed
1000,947|1|RFBO_iGotU|25,2007-09901,947|1,none_observed
1000,947|1|RFBO_iGotU|26,2007-09901,947|1,none_observed
1000,947|1|RFBO_iGotU|27,2007-09901,947|1,none_observed
1000,947|1|RFBO_iGotU|34,2007-09901,947|1,none_observed
1000,947|1|RFBO_iGotU|35,2007-09901,947|1,both
1000,947|1|RFBO_iGotU|36,2007-09901,947|1,none_observed
1000,947|1|RFBO_iGotU|37,2007-09901,947|1,none_observed
1000,948|1|RFBO_iGotU|2,2007-09911,948|1,none_observed
1000,948|1|RFBO_iGotU|3,2007-09911,948|1,none_observed
1000,948|1|RFBO_iGotU|4,2007-09911,948|1,none_observed
1000,948|1|RFBO_iGotU|7,2007-09911,948|1,pre_only
1000,949|1|RFBO_iGotU|1,2007-09902,949|1,none_observed
1000,949|1|RFBO_iGotU|5,2007-09902,949|1,post_only
1000,949|1|RFBO_iGotU|6,2007-09902,949|1,none_observed
1000,949|1|RFBO_iGotU|7,2007-09902,949|1,none_observed
1000,949|1|RFBO_iGotU|8,2007-09902,949|1,pre_only
1000,949|1|RFBO_iGotU|9,2007-09902,949|1,post_only
1000,949|1|RFBO_iGotU|10,2007-09902,949|1,post_only
1000,949|1|RFBO_iGotU|11,2007-09902,949|1,post_only
1000,949|1|RFBO_iGotU|12,2007-09902,949|1,post_only
1000,949|1|RFBO_iGotU|13,2007-09902,949|1,none_observed
1000,949|1|RFBO_iGotU|14,2007-09902,949|1,none_observed
1000,949|1|RFBO_iGotU|17,2007-09902,949|1,post_only
1000,950|1|RFBO_iGotU|1,2007-09912,950|1,none_observed
1000,950|1|RFBO_iGotU|8,2007-09912,950|1,none_observed
1000,950|1|RFBO_iGotU|10,2007-09912,950|1,none_observed
1000,950|1|RFBO_iGotU|11,2007-09912,950|1,none_observed
1000,950|2|RFBO_iGotU|0,2007-09912,950|2,none_observed
1000,950|2|RFBO_iGotU|1,2007-09912,950|2,none_observed
1000,950|2|RFBO_iGotU|3,2007-09912,950|2,none_observed
1000,950|2|RFBO_iGotU|4,2007-09912,950|2,post_only
1000,950|2|RFBO_iGotU|5,2007-09912,950|2,pre_only
1000,950|2|RFBO_iGotU|6,2007-09912,950|2,none_observed
1000,950|2|RFBO_iGotU|7,2007-09912,950|2,none_observed
1000,950|2|RFBO_iGotU|10,2007-09912,950|2,post_only
1000,950|2|RFBO_iGotU|12,2007-09912,950|2,both
1000,950|2|RFBO_iGotU|13,2007-09912,950|2,none_observed
1000,950|2|RFBO_iGotU|15,2007-09912,950|2,pre_only
1000,950|2|RFBO_iGotU|16,2007-09912,950|2,pre_only
1000,950|2|RFBO_iGotU|17,2007-09912,950|2,none_observed
1000,950|2|RFBO_iGotU|18,2007-09912,950|2,none_observed
1000,950|2|RFBO_iGotU|19,2007-09912,950|2,none_observed
1000,950|2|RFBO_iGotU|20,2007-09912,950|2,pre_only
1000,950|2|RFBO_iGotU|22,2007-09912,950|2,pre_only
1000,951|1|RFBO_iGotU|2,2007-09903,951|1,both
1000,951|1|RFBO_iGotU|4,2007-09903,951|1,none_observed
1000,951|1|RFBO_iGotU|5,2007-09903,951|1,none_observed
1000,951|1|RFBO_iGotU|7,2007-09903,951|1,none_observed
1000,951|1|RFBO_iGotU|8,2007-09903,951|1,none_observed
1000,951|1|RFBO_iGotU|9,2007-09903,951|1,none_observed
1000,951|1|RFBO_iGotU|10,2007-09903,951|1,none_observed
1000,951|1|RFBO_iGotU|11,2007-09903,951|1,none_observed
1000,951|1|RFBO_iGotU|13,2007-09903,951|1,post_only
1000,951|1|RFBO_iGotU|15,2007-09903,951|1,post_only
1000,951|1|RFBO_iGotU|16,2007-09903,951|1,none_observed
1000,951|1|RFBO_iGotU|17,2007-09903,951|1,none_observed
1000,951|1|RFBO_iGotU|18,2007-09903,951|1,none_observed
1000,951|1|RFBO_iGotU|19,2007-09903,951|1,none_observed
1000,951|1|RFBO_iGotU|20,2007-09903,951|1,none_observed
1000,951|1|RFBO_iGotU|23,2007-09903,951|1,none_observed
1000,951|1|RFBO_iGotU|24,2007-09903,951|1,none_observed
1000,952|1|RFBO_iGotU|1,2007-09913,952|1,post_only
1000,952|1|RFBO_iGotU|7,2007-09913,952|1,both
1000,952|1|RFBO_iGotU|9,2007-09913,952|1,pre_only
1000,952|1|RFBO_iGotU|11,2007-09913,952|1,none_observed
1000,953|1|RFBO_iGotU|4,2007-09904,953|1,none_observed
1000,953|1|RFBO_iGotU|6,2007-09904,953|1,none_observed
1000,953|1|RFBO_iGotU|7,2007-09904,953|1,none_observed
1000,953|1|RFBO_iGotU|11,2007-09904,953|1,none_observed
1000,953|1|RFBO_iGotU|13,2007-09904,953|1,none_observed
1000,953|1|RFBO_iGotU|14,2007-09904,953|1,none_observed
1000,953|1|RFBO_iGotU|15,2007-09904,953|1,post_only
1000,953|1|RFBO_iGotU|16,2007-09904,953|1,pre_only
1000,953|3|RFBO_iGotU|1,2007-09904,953|3,pre_only
1000,954|1|RFBO_iGotU|1,2007-09914,954|1,none_observed
1000,954|1|RFBO_iGotU|3,2007-09914,954|1,pre_only
1000,954|1|RFBO_iGotU|4,2007-09914,954|1,none_observed
1000,954|1|RFBO_iGotU|6,2007-09914,954|1,none_observed
1000,954|1|RFBO_iGotU|7,2007-09914,954|1,none_observed
1000,954|1|RFBO_iGotU|8,2007-09914,954|1,post_only
1000,954|1|RFBO_iGotU|11,2007-09914,954|1,none_observed
1000,954|1|RFBO_iGotU|12,2007-09914,954|1,none_observed
1000,954|1|RFBO_iGotU|13,2007-09914,954|1,none_observed
1000,954|1|RFBO_iGotU|17,2007-09914,954|1,none_observed
1000,954|1|RFBO_iGotU|19,2007-09914,954|1,none_observed
1000,954|1|RFBO_iGotU|21,2007-09914,954|1,none_observed
1000,954|1|RFBO_iGotU|26,2007-09914,954|1,none_observed
1000,954|1|RFBO_iGotU|27,2007-09914,954|1,post_only
1000,954|1|RFBO_iGotU|28,2007-09914,954|1,none_observed
1000,955|1|RFBO_iGotU|3,2007-09905,955|1,none_observed
1000,955|1|RFBO_iGotU|4,2007-09905,955|1,post_only
1000,955|1|RFBO_iGotU|5,2007-09905,955|1,none_observed
1000,955|1|RFBO_iGotU|7,2007-09905,955|1,post_only
1000,955|1|RFBO_iGotU|8,2007-09905,955|1,post_only
1000,955|1|RFBO_iGotU|10,2007-09905,955|1,none_observed
1000,955|1|RFBO_iGotU|11,2007-09905,955|1,none_observed
1000,955|1|RFBO_iGotU|12,2007-09905,955|1,both
1000,955|1|RFBO_iGotU|13,2007-09905,955|1,pre_only
1000,955|1|RFBO_iGotU|15,2007-09905,955|1,pre_only
1000,955|1|RFBO_iGotU|17,2007-09905,955|1,post_only
1000,955|1|RFBO_iGotU|18,2007-09905,955|1,none_observed
1000,955|1|RFBO_iGotU|19,2007-09905,955|1,none_observed
1000,955|1|RFBO_iGotU|20,2007-09905,955|1,none_observed
1000,955|1|RFBO_iGotU|21,2007-09905,955|1,none_observed
1000,955|1|RFBO_iGotU|23,2007-09905,955|1,post_only
1000,956|1|RFBO_iGotU|2,2007-09915,956|1,post_only
1000,956|1|RFBO_iGotU|3,2007-09915,956|1,none_observed
1000,956|1|RFBO_iGotU|4,2007-09915,956|1,none_observed
1000,956|1|RFBO_iGotU|5,2007-09915,956|1,both
1000,956|1|RFBO_iGotU|6,2007-09915,956|1,both
1000,956|1|RFBO_iGotU|7,2007-09915,956|1,post_only
1000,956|1|RFBO_iGotU|8,2007-09915,956|1,none_observed
1000,956|1|RFBO_iGotU|11,2007-09915,956|1,pre_only
1000,957|1|RFBO_iGotU|1,2007-09906,957|1,none_observed
1000,957|1|RFBO_iGotU|2,2007-09906,957|1,none_observed
1000,957|1|RFBO_iGotU|8,2007-09906,957|1,none_observed
1000,957|1|RFBO_iGotU|9,2007-09906,957|1,none_observed
1000,957|1|RFBO_iGotU|10,2007-09906,957|1,none_observed
1000,957|1|RFBO_iGotU|11,2007-09906,957|1,none_observed
1000,958|1|RFBO_iGotU|5,2007-09916,958|1,none_observed
1000,958|1|RFBO_iGotU|6,2007-09916,958|1,none_observed
1000,958|1|RFBO_iGotU|9,2007-09916,958|1,none_observed
1000,958|1|RFBO_iGotU|12,2007-09916,958|1,none_observed
1000,958|1|RFBO_iGotU|13,2007-09916,958|1,none_observed
1000,958|1|RFBO_iGotU|14,2007-09916,958|1,none_observed
1000,958|1|RFBO_iGotU|15,2007-09916,958|1,post_only
1000,958|1|RFBO_iGotU|18,2007-09916,958|1,none_observed
1000,958|1|RFBO_iGotU|19,2007-09916,958|1,post_only
1000,958|1|RFBO_iGotU|20,2007-09916,958|1,none_observed
1000,958|1|RFBO_iGotU|25,2007-09916,958|1,none_observed
1000,959|1|RFBO_iGotU|1,2007-09922,959|1,none_observed
1000,959|1|RFBO_iGotU|2,2007-09922,959|1,both
1000,959|1|RFBO_iGotU|3,2007-09922,959|1,none_observed
1000,959|1|RFBO_iGotU|4,2007-09922,959|1,pre_only
1000,959|1|RFBO_iGotU|5,2007-09922,959|1,none_observed
1000,959|1|RFBO_iGotU|6,2007-09922,959|1,post_only
1000,959|1|RFBO_iGotU|7,2007-09922,959|1,pre_only
1000,959|1|RFBO_iGotU|10,2007-09922,959|1,none_observed
1000,959|1|RFBO_iGotU|11,2007-09922,959|1,none_observed
1000,959|1|RFBO_iGotU|12,2007-09922,959|1,none_observed
1000,959|1|RFBO_iGotU|13,2007-09922,959|1,none_observed
1000,959|1|RFBO_iGotU|14,2007-09922,959|1,none_observed
1000,959|1|RFBO_iGotU|16,2007-09922,959|1,none_observed
1000,959|1|RFBO_iGotU|18,2007-09922,959|1,post_only
1000,959|1|RFBO_iGotU|19,2007-09922,959|1,none_observed
1000,959|1|RFBO_iGotU|20,2007-09922,959|1,none_observed
1000,959|1|RFBO_iGotU|21,2007-09922,959|1,none_observed
1000,959|1|RFBO_iGotU|22,2007-09922,959|1,none_observed
1000,959|1|RFBO_iGotU|24,2007-09922,959|1,none_observed
1000,960|1|RFBO_iGotU|1,2007-09917,960|1,post_only
1000,960|1|RFBO_iGotU|2,2007-09917,960|1,none_observed
1000,960|1|RFBO_iGotU|3,2007-09917,960|1,none_observed
1000,960|1|RFBO_iGotU|4,2007-09917,960|1,none_observed
1000,960|1|RFBO_iGotU|6,2007-09917,960|1,post_only
1000,960|1|RFBO_iGotU|7,2007-09917,960|1,none_observed
1000,960|1|RFBO_iGotU|9,2007-09917,960|1,none_observed
1000,960|1|RFBO_iGotU|10,2007-09917,960|1,post_only
1000,960|1|RFBO_iGotU|11,2007-09917,960|1,post_only
1000,960|1|RFBO_iGotU|12,2007-09917,960|1,none_observed
1000,960|1|RFBO_iGotU|14,2007-09917,960|1,none_observed
1000,960|1|RFBO_iGotU|15,2007-09917,960|1,none_observed
1000,961|4|RFBO_iGotU|1,2007-09923,961|4,none_observed
1000,961|4|RFBO_iGotU|2,2007-09923,961|4,none_observed
1000,961|4|RFBO_iGotU|3,2007-09923,961|4,none_observed
1000,961|4|RFBO_iGotU|4,2007-09923,961|4,none_observed
1000,961|4|RFBO_iGotU|5,2007-09923,961|4,none_observed
1000,961|4|RFBO_iGotU|6,2007-09923,961|4,none_observed
1000,961|4|RFBO_iGotU|9,2007-09923,961|4,none_observed
1000,961|4|RFBO_iGotU|12,2007-09923,961|4,none_observed
1000,961|4|RFBO_iGotU|13,2007-09923,961|4,none_observed
1000,961|4|RFBO_iGotU|14,2007-09923,961|4,none_observed
1000,961|4|RFBO_iGotU|15,2007-09923,961|4,none_observed
1000,961|4|RFBO_iGotU|17,2007-09923,961|4,none_observed
1000,961|4|RFBO_iGotU|18,2007-09923,961|4,none_observed
1000,961|4|RFBO_iGotU|19,2007-09923,961|4,none_observed
1000,961|4|RFBO_iGotU|20,2007-09923,961|4,none_observed
1000,961|4|RFBO_iGotU|21,2007-09923,961|4,none_observed
1000,961|4|RFBO_iGotU|24,2007-09923,961|4,none_observed
1000,961|4|RFBO_iGotU|25,2007-09923,961|4,none_observed
1000,961|4|RFBO_iGotU|26,2007-09923,961|4,none_observed
1000,963|1|RFBO_iGotU|1,2007-09924,963|1,none_observed
1000,963|1|RFBO_iGotU|2,2007-09924,963|1,none_observed
1000,963|1|RFBO_iGotU|3,2007-09924,963|1,none_observed
1000,963|1|RFBO_iGotU|4,2007-09924,963|1,none_observed
1000,963|1|RFBO_iGotU|5,2007-09924,963|1,none_observed
1000,963|1|RFBO_iGotU|6,2007-09924,963|1,none_observed
1000,963|1|RFBO_iGotU|10,2007-09924,963|1,none_observed
1000,963|1|RFBO_iGotU|12,2007-09924,963|1,none_observed
1000,963|1|RFBO_iGotU|13,2007-09924,963|1,none_observed
1000,963|1|RFBO_iGotU|14,2007-09924,963|1,none_observed
1000,963|1|RFBO_iGotU|15,2007-09924,963|1,none_observed
1000,963|1|RFBO_iGotU|16,2007-09924,963|1,none_observed
1000,963|1|RFBO_iGotU|20,2007-09924,963|1,none_observed
1000,963|1|RFBO_iGotU|26,2007-09924,963|1,none_observed
1000,963|1|RFBO_iGotU|27,2007-09924,963|1,none_observed
1000,965|1|RFBO_iGotU|1,2007-09925,965|1,none_observed
1000,965|1|RFBO_iGotU|2,2007-09925,965|1,none_observed
1000,965|1|RFBO_iGotU|3,2007-09925,965|1,pre_only
1000,965|1|RFBO_iGotU|5,2007-09925,965|1,both
1000,965|1|RFBO_iGotU|7,2007-09925,965|1,post_only
1000,965|1|RFBO_iGotU|9,2007-09925,965|1,pre_only
1000,965|1|RFBO_iGotU|11,2007-09925,965|1,none_observed
1000,965|1|RFBO_iGotU|12,2007-09925,965|1,none_observed
1000,965|1|RFBO_iGotU|15,2007-09925,965|1,none_observed
1000,965|1|RFBO_iGotU|16,2007-09925,965|1,none_observed
1000,965|1|RFBO_iGotU|17,2007-09925,965|1,none_observed
1000,966|1|RFBO_iGotU|1,2007-09932,966|1,post_only
1000,966|1|RFBO_iGotU|6,2007-09932,966|1,none_observed
1000,966|1|RFBO_iGotU|8,2007-09932,966|1,none_observed
1000,966|1|RFBO_iGotU|9,2007-09932,966|1,none_observed
1000,968|1|RFBO_iGotU|3,2007-09933,968|1,pre_only
1000,968|1|RFBO_iGotU|4,2007-09933,968|1,none_observed
1000,968|1|RFBO_iGotU|5,2007-09933,968|1,none_observed
1000,968|1|RFBO_iGotU|6,2007-09933,968|1,none_observed
1000,968|1|RFBO_iGotU|7,2007-09933,968|1,none_observed
1000,968|1|RFBO_iGotU|9,2007-09933,968|1,none_observed
1000,968|1|RFBO_iGotU|10,2007-09933,968|1,post_only
1000,968|1|RFBO_iGotU|11,2007-09933,968|1,none_observed
1000,968|1|RFBO_iGotU|12,2007-09933,968|1,none_observed
1000,968|1|RFBO_iGotU|13,2007-09933,968|1,none_observed
1000,968|1|RFBO_iGotU|14,2007-09933,968|1,none_observed
1000,968|1|RFBO_iGotU|17,2007-09933,968|1,none_observed
1000,968|1|RFBO_iGotU|18,2007-09933,968|1,pre_only
1000,968|1|RFBO_iGotU|19,2007-09933,968|1,none_observed
1000,968|1|RFBO_iGotU|20,2007-09933,968|1,none_observed
1000,968|1|RFBO_iGotU|21,2007-09933,968|1,none_observed
1000,968|1|RFBO_iGotU|22,2007-09933,968|1,both
1000,968|1|RFBO_iGotU|23,2007-09933,968|1,none_observed
1000,968|1|RFBO_iGotU|24,2007-09933,968|1,none_observed
1000,968|1|RFBO_iGotU|25,2007-09933,968|1,none_observed
1000,968|7|RFBO_iGotU|0,2007-09933,968|7,pre_only
1000,968|9|RFBO_iGotU|0,2007-09933,968|9,none_observed
1000,969|1|RFBO_iGotU|1,2007-09934,969|1,none_observed
1000,969|1|RFBO_iGotU|3,2007-09934,969|1,pre_only
1000,969|1|RFBO_iGotU|4,2007-09934,969|1,none_observed
1000,969|1|RFBO_iGotU|5,2007-09934,969|1,none_observed
1000,969|1|RFBO_iGotU|6,2007-09934,969|1,none_observed
1000,969|1|RFBO_iGotU|7,2007-09934,969|1,none_observed
1000,969|1|RFBO_iGotU|8,2007-09934,969|1,none_observed
1000,969|1|RFBO_iGotU|9,2007-09934,969|1,none_observed
1000,969|1|RFBO_iGotU|12,2007-09934,969|1,none_observed
1000,969|1|RFBO_iGotU|13,2007-09934,969|1,none_observed
1000,969|1|RFBO_iGotU|14,2007-09934,969|1,none_observed
1000,969|1|RFBO_iGotU|16,2007-09934,969|1,post_only
1000,969|1|RFBO_iGotU|17,2007-09934,969|1,none_observed
1000,969|1|RFBO_iGotU|18,2007-09934,969|1,none_observed
1000,970|1|RFBO_iGotU|2,2007-09935,970|1,none_observed
1000,970|1|RFBO_iGotU|4,2007-09935,970|1,none_observed
1000,970|1|RFBO_iGotU|5,2007-09935,970|1,none_observed
1000,970|1|RFBO_iGotU|6,2007-09935,970|1,none_observed
1000,970|1|RFBO_iGotU|8,2007-09935,970|1,pre_only
1000,970|1|RFBO_iGotU|9,2007-09935,970|1,both
1000,970|1|RFBO_iGotU|10,2007-09935,970|1,pre_only
1000,970|1|RFBO_iGotU|15,2007-09935,970|1,none_observed
1000,970|1|RFBO_iGotU|21,2007-09935,970|1,post_only
1000,970|1|RFBO_iGotU|22,2007-09935,970|1,post_only
1000,970|1|RFBO_iGotU|23,2007-09935,970|1,both
1000,970|1|RFBO_iGotU|25,2007-09935,970|1,none_observed
1000,970|1|RFBO_iGotU|28,2007-09935,970|1,none_observed
1000,970|1|RFBO_iGotU|29,2007-09935,970|1,none_observed
1000,970|1|RFBO_iGotU|30,2007-09935,970|1,none_observed
1000,970|1|RFBO_iGotU|31,2007-09935,970|1,none_observed
1000,970|1|RFBO_iGotU|32,2007-09935,970|1,post_only
1000,970|1|RFBO_iGotU|33,2007-09935,970|1,none_observed
1000,970|1|RFBO_iGotU|35,2007-09935,970|1,both
1000,972|2|RFBO_iGotU|4,2007-30801,972|2,none_observed
1000,972|2|RFBO_iGotU|5,2007-30801,972|2,both
1000,972|2|RFBO_iGotU|6,2007-30801,972|2,none_observed
1000,972|2|RFBO_iGotU|7,2007-30801,972|2,post_only
1000,972|2|RFBO_iGotU|10,2007-30801,972|2,none_observed
1000,972|2|RFBO_iGotU|11,2007-30801,972|2,none_observed
1000,972|2|RFBO_iGotU|15,2007-30801,972|2,post_only
1000,972|2|RFBO_iGotU|16,2007-30801,972|2,pre_only
1000,972|2|RFBO_iGotU|17,2007-30801,972|2,post_only
1000,972|2|RFBO_iGotU|18,2007-30801,972|2,none_observed
1000,972|2|RFBO_iGotU|19,2007-30801,972|2,none_observed
1000,972|2|RFBO_iGotU|20,2007-30801,972|2,post_only
1000,974|4|RFBO_iGotU|2,2007-30802,974|4,none_observed
1000,974|4|RFBO_iGotU|3,2007-30802,974|4,pre_only
1000,974|4|RFBO_iGotU|4,2007-30802,974|4,none_observed
1000,974|4|RFBO_iGotU|5,2007-30802,974|4,both
1000,974|4|RFBO_iGotU|8,2007-30802,974|4,none_observed
1000,974|4|RFBO_iGotU|9,2007-30802,974|4,none_observed
1000,974|4|RFBO_iGotU|10,2007-30802,974|4,pre_only
1000,974|4|RFBO_iGotU|11,2007-30802,974|4,none_observed
1000,974|4|RFBO_iGotU|12,2007-30802,974|4,none_observed
1000,974|4|RFBO_iGotU|13,2007-30802,974|4,none_observed
1000,974|4|RFBO_iGotU|14,2007-30802,974|4,post_only
1000,974|4|RFBO_iGotU|15,2007-30802,974|4,post_only
1000,974|4|RFBO_iGotU|16,2007-30802,974|4,post_only
1000,974|4|RFBO_iGotU|17,2007-30802,974|4,none_observed
1000,974|4|RFBO_iGotU|18,2007-30802,974|4,none_observed
1000,974|4|RFBO_iGotU|23,2007-30802,974|4,none_observed
1000,974|4|RFBO_iGotU|24,2007-30802,974|4,none_observed
1000,974|4|RFBO_iGotU|27,2007-30802,974|4,none_observed
1000,974|4|RFBO_iGotU|28,2007-30802,974|4,none_observed
1000,974|4|RFBO_iGotU|30,2007-30802,974|4,none_observed
1000,974|4|RFBO_iGotU|33,2007-30802,974|4,none_observed
1000,974|4|RFBO_iGotU|35,2007-30802,974|4,post_only
1000,976|1|RFBO_iGotU|1,2007-30803,976|1,none_observed
1000,976|1|RFBO_iGotU|2,2007-30803,976|1,none_observed
1000,976|1|RFBO_iGotU|3,2007-30803,976|1,none_observed
1000,976|1|RFBO_iGotU|4,2007-30803,976|1,none_observed
1000,976|1|RFBO_iGotU|5,2007-30803,976|1,none_observed
1000,976|1|RFBO_iGotU|9,2007-30803,976|1,none_observed
1000,976|1|RFBO_iGotU|12,2007-30803,976|1,none_observed
1000,976|1|RFBO_iGotU|15,2007-30803,976|1,none_observed
1000,976|1|RFBO_iGotU|17,2007-30803,976|1,none_observed
1000,976|1|RFBO_iGotU|20,2007-30803,976|1,none_observed
1000,976|1|RFBO_iGotU|22,2007-30803,976|1,none_observed
1000,976|1|RFBO_iGotU|23,2007-30803,976|1,none_observed
1000,976|1|RFBO_iGotU|24,2007-30803,976|1,none_observed
1000,976|1|RFBO_iGotU|31,2007-30803,976|1,none_observed
1000,976|1|RFBO_iGotU|32,2007-30803,976|1,none_observed
1000,977|1|RFBO_iGotU|1,2007-30804,977|1,none_observed
1000,977|1|RFBO_iGotU|2,2007-30804,977|1,post_only
1000,977|1|RFBO_iGotU|3,2007-30804,977|1,post_only
1000,977|1|RFBO_iGotU|7,2007-30804,977|1,none_observed
1000,977|1|RFBO_iGotU|8,2007-30804,977|1,none_observed
1000,977|1|RFBO_iGotU|11,2007-30804,977|1,none_observed
1000,977|1|RFBO_iGotU|13,2007-30804,977|1,none_observed
1000,977|1|RFBO_iGotU|15,2007-30804,977|1,both
1000,977|1|RFBO_iGotU|16,2007-30804,977|1,post_only
1000,977|1|RFBO_iGotU|19,2007-30804,977|1,none_observed
1000,977|1|RFBO_iGotU|22,2007-30804,977|1,none_observed
1000,977|1|RFBO_iGotU|23,2007-30804,977|1,none_observed
1000,977|1|RFBO_iGotU|30,2007-30804,977|1,none_observed
1000,977|1|RFBO_iGotU|32,2007-30804,977|1,none_observed
1000,977|1|RFBO_iGotU|33,2007-30804,977|1,none_observed
1000,980|4|RFBO_iGotU|1,2007-09909,980|4,none_observed
1000,980|4|RFBO_iGotU|2,2007-09909,980|4,none_observed
1000,980|4|RFBO_iGotU|3,2007-09909,980|4,none_observed
1000,980|4|RFBO_iGotU|5,2007-09909,980|4,both
1000,980|4|RFBO_iGotU|7,2007-09909,980|4,post_only
1000,980|4|RFBO_iGotU|9,2007-09909,980|4,none_observed
1000,980|4|RFBO_iGotU|11,2007-09909,980|4,post_only
1000,980|4|RFBO_iGotU|12,2007-09909,980|4,none_observed
1000,980|4|RFBO_iGotU|14,2007-09909,980|4,post_only
1000,980|4|RFBO_iGotU|15,2007-09909,980|4,pre_only
1000,980|4|RFBO_iGotU|16,2007-09909,980|4,none_observed
1000,980|4|RFBO_iGotU|17,2007-09909,980|4,none_observed
1000,980|4|RFBO_iGotU|18,2007-09909,980|4,none_observed
1000,980|4|RFBO_iGotU|19,2007-09909,980|4,both
1000,980|4|RFBO_iGotU|20,2007-09909,980|4,pre_only
1000,980|4|RFBO_iGotU|21,2007-09909,980|4,none_observed
1000,980|4|RFBO_iGotU|22,2007-09909,980|4,post_only
1000,980|4|RFBO_iGotU|23,2007-09909,980|4,post_only
1000,980|4|RFBO_iGotU|24,2007-09909,980|4,post_only
1000,980|4|RFBO_iGotU|25,2007-09909,980|4,post_only
1000,980|4|RFBO_iGotU|26,2007-09909,980|4,none_observed
1000,980|5|RFBO_iGotU|0,2007-09909,980|5,none_observed
1000,980|5|RFBO_iGotU|5,2007-09909,980|5,pre_only
1000,980|5|RFBO_iGotU|6,2007-09909,980|5,none_observed
1000,980|5|RFBO_iGotU|9,2007-09909,980|5,none_observed
1000,980|5|RFBO_iGotU|10,2007-09909,980|5,none_observed
1000,980|5|RFBO_iGotU|12,2007-09909,980|5,none_observed
1000,980|5|RFBO_iGotU|13,2007-09909,980|5,none_observed
1000,980|5|RFBO_iGotU|14,2007-09909,980|5,pre_only
1000,980|5|RFBO_iGotU|15,2007-09909,980|5,both
1000,980|5|RFBO_iGotU|16,2007-09909,980|5,none_observed
1000,980|5|RFBO_iGotU|18,2007-09909,980|5,none_observed
1000,980|5|RFBO_iGotU|20,2007-09909,980|5,none_observed
1000,980|5|RFBO_iGotU|22,2007-09909,980|5,none_observed
1000,980|6|RFBO_iGotU|0,2007-09909,980|6,none_observed
1000,980|8|RFBO_iGotU|0,2007-09909,980|8,post_only
1000,980|8|RFBO_iGotU|2,2007-09909,980|8,none_observed
1000,980|8|RFBO_iGotU|8,2007-09909,980|8,none_observed
1000,980|8|RFBO_iGotU|9,2007-09909,980|8,pre_only
1000,980|11|RFBO_iGotU|1,2007-09909,980|11,none_observed
1000,980|11|RFBO_iGotU|5,2007-09909,980|11,none_observed
1000,980|11|RFBO_iGotU|6,2007-09909,980|11,none_observed
1000,980|11|RFBO_iGotU|9,2007-09909,980|11,none_observed
1000,980|11|RFBO_iGotU|10,2007-09909,980|11,none_observed
1000,980|11|RFBO_iGotU|11,2007-09909,980|11,both
1000,980|11|RFBO_iGotU|13,2007-09909,980|11,post_only
1000,1030|1|RFBO_iGotU|1,2017-24320,1030|1,none_observed
1000,1030|1|RFBO_iGotU|2,2017-24320,1030|1,none_observed
1000,1030|1|RFBO_iGotU|3,2017-24320,1030|1,none_observed
1000,1030|1|RFBO_iGotU|4,2017-24320,1030|1,none_observed
1000,1030|1|RFBO_iGotU|5,2017-24320,1030|1,none_observed
1000,1030|1|RFBO_iGotU|7,2017-24320,1030|1,post_only
1000,1030|1|RFBO_iGotU|9,2017-24320,1030|1,none_observed
1000,1030|1|RFBO_iGotU|10,2017-24320,1030|1,none_observed
1000,1030|1|RFBO_iGotU|11,2017-24320,1030|1,post_only
1000,1030|1|RFBO_iGotU|12,2017-24320,1030|1,none_observed
1000,1030|1|RFBO_iGotU|13,2017-24320,1030|1,pre_only
1000,1030|1|RFBO_iGotU|14,2017-24320,1030|1,none_observed
1000,1030|1|RFBO_iGotU|15,2017-24320,1030|1,none_observed
1000,1030|1|RFBO_iGotU|16,2017-24320,1030|1,none_observed
1000,1030|1|RFBO_iGotU|17,2017-24320,1030|1,none_observed
1000,1030|1|RFBO_iGotU|18,2017-24320,1030|1,none_observed
1000,1030|1|RFBO_iGotU|19,2017-24320,1030|1,none_observed
1000,1030|1|RFBO_iGotU|20,2017-24320,1030|1,none_observed
1000,1030|1|RFBO_iGotU|21,2017-24320,1030|1,none_observed
1000,1030|1|RFBO_iGotU|22,2017-24320,1030|1,none_observed
1000,1034|1|RFBO_iGotU|3,2007-07184,1034|1,post_only
1000,1034|1|RFBO_iGotU|4,2007-07184,1034|1,none_observed
1000,1034|1|RFBO_iGotU|5,2007-07184,1034|1,none_observed
1000,1034|1|RFBO_iGotU|6,2007-07184,1034|1,post_only
1000,1034|1|RFBO_iGotU|7,2007-07184,1034|1,pre_only
1000,1034|1|RFBO_iGotU|8,2007-07184,1034|1,none_observed
1000,1034|1|RFBO_iGotU|9,2007-07184,1034|1,none_observed
1000,1034|1|RFBO_iGotU|10,2007-07184,1034|1,post_only
1000,1034|1|RFBO_iGotU|11,2007-07184,1034|1,none_observed
1000,1034|1|RFBO_iGotU|12,2007-07184,1034|1,none_observed
1000,1034|1|RFBO_iGotU|13,2007-07184,1034|1,none_observed
1000,1034|1|RFBO_iGotU|14,2007-07184,1034|1,none_observed
1000,1034|1|RFBO_iGotU|15,2007-07184,1034|1,none_observed
1000,1034|1|RFBO_iGotU|16,2007-07184,1034|1,none_observed
1000,1034|1|RFBO_iGotU|17,2007-07184,1034|1,pre_only
1000,1034|1|RFBO_iGotU|18,2007-07184,1034|1,pre_only
1000,1034|1|RFBO_iGotU|19,2007-07184,1034|1,none_observed
1000,1034|1|RFBO_iGotU|20,2007-07184,1034|1,none_observed
1000,1034|1|RFBO_iGotU|21,2007-07184,1034|1,none_observed
1000,1034|1|RFBO_iGotU|22,2007-07184,1034|1,none_observed
1000,1034|1|RFBO_iGotU|23,2007-07184,1034|1,post_only
1000,1036|1|RFBO_iGotU|0,2007-07186,1036|1,post_only
1000,1036|1|RFBO_iGotU|1,2007-07186,1036|1,pre_only
1000,1036|1|RFBO_iGotU|2,2007-07186,1036|1,none_observed
1000,1036|1|RFBO_iGotU|3,2007-07186,1036|1,none_observed
1000,1036|1|RFBO_iGotU|4,2007-07186,1036|1,none_observed
1000,1036|1|RFBO_iGotU|5,2007-07186,1036|1,post_only
1000,1036|1|RFBO_iGotU|6,2007-07186,1036|1,none_observed
1000,1036|1|RFBO_iGotU|8,2007-07186,1036|1,none_observed
1000,1036|1|RFBO_iGotU|9,2007-07186,1036|1,none_observed
1000,1036|1|RFBO_iGotU|10,2007-07186,1036|1,none_observed
1000,1036|1|RFBO_iGotU|11,2007-07186,1036|1,none_observed
1000,1036|1|RFBO_iGotU|12,2007-07186,1036|1,none_observed
1000,1036|1|RFBO_iGotU|14,2007-07186,1036|1,pre_only
1000,1036|1|RFBO_iGotU|15,2007-07186,1036|1,none_observed
1000,1036|1|RFBO_iGotU|17,2007-07186,1036|1,none_observed
1000,1036|1|RFBO_iGotU|18,2007-07186,1036|1,pre_only
1000,1036|1|RFBO_iGotU|19,2007-07186,1036|1,post_only
1000,1036|1|RFBO_iGotU|20,2007-07186,1036|1,none_observed
1000,1037|1|RFBO_iGotU|0,2007-07187,1037|1,none_observed
1000,1037|1|RFBO_iGotU|1,2007-07187,1037|1,none_observed
1000,1037|1|RFBO_iGotU|3,2007-07187,1037|1,none_observed
1000,1037|1|RFBO_iGotU|4,2007-07187,1037|1,none_observed
1000,1037|1|RFBO_iGotU|5,2007-07187,1037|1,none_observed
1000,1037|1|RFBO_iGotU|6,2007-07187,1037|1,none_observed
1000,1037|1|RFBO_iGotU|7,2007-07187,1037|1,none_observed
1000,1037|1|RFBO_iGotU|8,2007-07187,1037|1,none_observed
1000,1037|1|RFBO_iGotU|9,2007-07187,1037|1,none_observed
1000,1037|1|RFBO_iGotU|11,2007-07187,1037|1,none_observed
1000,1037|1|RFBO_iGotU|14,2007-07187,1037|1,none_observed
1000,1037|1|RFBO_iGotU|16,2007-07187,1037|1,none_observed
1000,1037|1|RFBO_iGotU|17,2007-07187,1037|1,none_observed
1000,1037|1|RFBO_iGotU|18,2007-07187,1037|1,none_observed
1000,1037|1|RFBO_iGotU|19,2007-07187,1037|1,none_observed
1000,1037|1|RFBO_iGotU|20,2007-07187,1037|1,none_observed
1000,1037|1|RFBO_iGotU|21,2007-07187,1037|1,none_observed
1000,1037|1|RFBO_iGotU|22,2007-07187,1037|1,none_observed
1000,1037|1|RFBO_iGotU|23,2007-07187,1037|1,none_observed
1000,1037|1|RFBO_iGotU|25,2007-07187,1037|1,none_observed
1000,1037|1|RFBO_iGotU|26,2007-07187,1037|1,none_observed
1000,1037|1|RFBO_iGotU|27,2007-07187,1037|1,none_observed
1000,1037|1|RFBO_iGotU|28,2007-07187,1037|1,none_observed
1000,1037|1|RFBO_iGotU|30,2007-07187,1037|1,none_observed
1000,1038|1|RFBO_iGotU|0,2007-07188,1038|1,none_observed
1000,1038|1|RFBO_iGotU|2,2007-07188,1038|1,none_observed
1000,1038|1|RFBO_iGotU|3,2007-07188,1038|1,none_observed
1000,1038|1|RFBO_iGotU|4,2007-07188,1038|1,none_observed
1000,1038|1|RFBO_iGotU|5,2007-07188,1038|1,none_observed
1000,1038|1|RFBO_iGotU|6,2007-07188,1038|1,none_observed
1000,1038|1|RFBO_iGotU|7,2007-07188,1038|1,pre_only
1000,1038|1|RFBO_iGotU|10,2007-07188,1038|1,none_observed
1000,1038|1|RFBO_iGotU|12,2007-07188,1038|1,none_observed
1000,1038|1|RFBO_iGotU|13,2007-07188,1038|1,none_observed
1000,1038|1|RFBO_iGotU|17,2007-07188,1038|1,none_observed
1000,1038|1|RFBO_iGotU|18,2007-07188,1038|1,none_observed
1000,1038|1|RFBO_iGotU|19,2007-07188,1038|1,none_observed
1000,1039|1|RFBO_iGotU|1,2017-24308,1039|1,post_only
1000,1039|1|RFBO_iGotU|2,2017-24308,1039|1,both
1000,1039|1|RFBO_iGotU|3,2017-24308,1039|1,none_observed
1000,1039|1|RFBO_iGotU|4,2017-24308,1039|1,post_only
1000,1039|1|RFBO_iGotU|5,2017-24308,1039|1,none_observed
1000,1039|1|RFBO_iGotU|6,2017-24308,1039|1,none_observed
1000,1040|1|RFBO_iGotU|1,2007-07189,1040|1,none_observed
1000,1040|1|RFBO_iGotU|2,2007-07189,1040|1,none_observed
1000,1040|1|RFBO_iGotU|3,2007-07189,1040|1,none_observed
1000,1040|1|RFBO_iGotU|4,2007-07189,1040|1,post_only
1000,1040|1|RFBO_iGotU|5,2007-07189,1040|1,none_observed
1000,1040|1|RFBO_iGotU|6,2007-07189,1040|1,none_observed
1000,1040|1|RFBO_iGotU|8,2007-07189,1040|1,none_observed
1000,1040|1|RFBO_iGotU|9,2007-07189,1040|1,none_observed
1000,1040|1|RFBO_iGotU|10,2007-07189,1040|1,pre_only
1000,1040|1|RFBO_iGotU|12,2007-07189,1040|1,both
1000,1040|1|RFBO_iGotU|15,2007-07189,1040|1,pre_only
1000,1040|2|RFBO_iGotU|1,2007-07189,1040|2,none_observed
1000,1040|2|RFBO_iGotU|2,2007-07189,1040|2,none_observed
1000,1040|2|RFBO_iGotU|3,2007-07189,1040|2,none_observed
1000,1040|2|RFBO_iGotU|4,2007-07189,1040|2,none_observed
1000,1040|2|RFBO_iGotU|5,2007-07189,1040|2,none_observed
1000,1040|2|RFBO_iGotU|8,2007-07189,1040|2,post_only
1000,1040|2|RFBO_iGotU|10,2007-07189,1040|2,none_observed
1000,1040|4|RFBO_iGotU|0,2007-07189,1040|4,none_observed
1000,1040|6|RFBO_iGotU|0,2007-07189,1040|6,none_observed
1000,1042|1|RFBO_iGotU|0,2007-07191,1042|1,none_observed
1000,1042|1|RFBO_iGotU|1,2007-07191,1042|1,none_observed
1000,1042|1|RFBO_iGotU|3,2007-07191,1042|1,none_observed
1000,1042|1|RFBO_iGotU|13,2007-07191,1042|1,none_observed
1000,1042|1|RFBO_iGotU|21,2007-07191,1042|1,post_only
1000,1042|1|RFBO_iGotU|22,2007-07191,1042|1,none_observed
1000,1042|1|RFBO_iGotU|23,2007-07191,1042|1,none_observed
1000,1042|1|RFBO_iGotU|26,2007-07191,1042|1,pre_only
1000,1042|1|RFBO_iGotU|28,2007-07191,1042|1,none_observed
1000,1042|1|RFBO_iGotU|30,2007-07191,1042|1,none_observed
1000,1042|1|RFBO_iGotU|31,2007-07191,1042|1,none_observed
1000,1042|1|RFBO_iGotU|32,2007-07191,1042|1,none_observed
1000,1042|1|RFBO_iGotU|33,2007-07191,1042|1,none_observed
1000,1042|1|RFBO_iGotU|34,2007-07191,1042|1,post_only
1000,1042|1|RFBO_iGotU|36,2007-07191,1042|1,none_observed
1000,1043|1|RFBO_iGotU|1,2007-07192,1043|1,both
1000,1043|1|RFBO_iGotU|2,2007-07192,1043|1,post_only
1000,1043|1|RFBO_iGotU|3,2007-07192,1043|1,none_observed
1000,1043|1|RFBO_iGotU|5,2007-07192,1043|1,post_only
1000,1043|1|RFBO_iGotU|6,2007-07192,1043|1,none_observed
1000,1043|1|RFBO_iGotU|7,2007-07192,1043|1,none_observed
1000,1043|1|RFBO_iGotU|8,2007-07192,1043|1,none_observed
1000,1043|1|RFBO_iGotU|9,2007-07192,1043|1,pre_only
1000,1043|1|RFBO_iGotU|10,2007-07192,1043|1,none_observed
1000,1043|1|RFBO_iGotU|11,2007-07192,1043|1,none_observed
1000,1043|1|RFBO_iGotU|12,2007-07192,1043|1,none_observed
1000,1043|1|RFBO_iGotU|13,2007-07192,1043|1,none_observed
1000,1043|1|RFBO_iGotU|14,2007-07192,1043|1,post_only
1000,1043|1|RFBO_iGotU|15,2007-07192,1043|1,none_observed
1000,1043|1|RFBO_iGotU|17,2007-07192,1043|1,none_observed
1000,1043|1|RFBO_iGotU|18,2007-07192,1043|1,none_observed
1000,1043|1|RFBO_iGotU|19,2007-07192,1043|1,pre_only
1000,1043|1|RFBO_iGotU|23,2007-07192,1043|1,none_observed
1000,1043|1|RFBO_iGotU|24,2007-07192,1043|1,none_observed
1000,1043|1|RFBO_iGotU|29,2007-07192,1043|1,post_only
1000,1043|1|RFBO_iGotU|31,2007-07192,1043|1,none_observed
1000,1049|1|RFBO_iGotU|0,2007-07105,1049|1,none_observed
1000,1049|1|RFBO_iGotU|1,2007-07105,1049|1,post_only
1000,1049|1|RFBO_iGotU|2,2007-07105,1049|1,none_observed
1000,1049|1|RFBO_iGotU|4,2007-07105,1049|1,pre_only
1000,1049|1|RFBO_iGotU|5,2007-07105,1049|1,none_observed
1000,1049|1|RFBO_iGotU|6,2007-07105,1049|1,none_observed
1000,1049|1|RFBO_iGotU|7,2007-07105,1049|1,none_observed
1000,1049|1|RFBO_iGotU|8,2007-07105,1049|1,none_observed
1000,1049|1|RFBO_iGotU|9,2007-07105,1049|1,none_observed
1000,1049|1|RFBO_iGotU|10,2007-07105,1049|1,none_observed
1000,1049|1|RFBO_iGotU|11,2007-07105,1049|1,post_only
1000,1049|1|RFBO_iGotU|12,2007-07105,1049|1,none_observed
1000,1049|1|RFBO_iGotU|13,2007-07105,1049|1,none_observed
1000,1049|1|RFBO_iGotU|14,2007-07105,1049|1,none_observed
1000,1049|1|RFBO_iGotU|15,2007-07105,1049|1,none_observed
1000,1049|1|RFBO_iGotU|16,2007-07105,1049|1,none_observed
1000,1049|1|RFBO_iGotU|17,2007-07105,1049|1,post_only
1000,1049|1|RFBO_iGotU|20,2007-07105,1049|1,none_observed
1000,1049|1|RFBO_iGotU|21,2007-07105,1049|1,none_observed
1000,1049|1|RFBO_iGotU|22,2007-07105,1049|1,none_observed
1000,1049|1|RFBO_iGotU|23,2007-07105,1049|1,none_observed
1000,1049|1|RFBO_iGotU|24,2007-07105,1049|1,pre_only
1000,1050|1|RFBO_iGotU|0,2017-24329,1050|1,none_observed
1000,1050|1|RFBO_iGotU|1,2017-24329,1050|1,none_observed
1000,1050|1|RFBO_iGotU|3,2017-24329,1050|1,pre_only
1000,1050|1|RFBO_iGotU|4,2017-24329,1050|1,none_observed
1000,1050|1|RFBO_iGotU|6,2017-24329,1050|1,pre_only
1000,1050|1|RFBO_iGotU|8,2017-24329,1050|1,none_observed
1000,1050|1|RFBO_iGotU|9,2017-24329,1050|1,post_only
1000,1050|1|RFBO_iGotU|10,2017-24329,1050|1,none_observed
1000,1050|1|RFBO_iGotU|11,2017-24329,1050|1,pre_only
1000,1050|1|RFBO_iGotU|13,2017-24329,1050|1,both
1000,1050|1|RFBO_iGotU|14,2017-24329,1050|1,none_observed
1000,1050|1|RFBO_iGotU|15,2017-24329,1050|1,none_observed
1000,1050|1|RFBO_iGotU|16,2017-24329,1050|1,none_observed
1000,1050|1|RFBO_iGotU|17,2017-24329,1050|1,post_only
1000,1050|3|RFBO_iGotU|0,2017-24329,1050|3,none_observed
1000,1050|3|RFBO_iGotU|1,2017-24329,1050|3,none_observed
1000,1050|3|RFBO_iGotU|3,2017-24329,1050|3,both
1000,1050|3|RFBO_iGotU|4,2017-24329,1050|3,post_only
1000,1050|3|RFBO_iGotU|6,2017-24329,1050|3,none_observed
1000,1050|3|RFBO_iGotU|7,2017-24329,1050|3,none_observed
1000,1050|3|RFBO_iGotU|8,2017-24329,1050|3,none_observed
1000,1050|3|RFBO_iGotU|9,2017-24329,1050|3,none_observed
1000,1050|3|RFBO_iGotU|10,2017-24329,1050|3,none_observed
1000,1053|1|RFBO_iGotU|2,2007-07129,1053|1,pre_only
1000,1053|1|RFBO_iGotU|3,2007-07129,1053|1,none_observed
1000,1053|1|RFBO_iGotU|4,2007-07129,1053|1,none_observed
1000,1053|1|RFBO_iGotU|5,2007-07129,1053|1,none_observed
1000,1053|1|RFBO_iGotU|6,2007-07129,1053|1,pre_only
1000,1053|1|RFBO_iGotU|7,2007-07129,1053|1,none_observed
1000,1053|1|RFBO_iGotU|8,2007-07129,1053|1,none_observed
1000,1053|1|RFBO_iGotU|9,2007-07129,1053|1,none_observed
1000,1053|1|RFBO_iGotU|11,2007-07129,1053|1,none_observed
1000,1053|1|RFBO_iGotU|13,2007-07129,1053|1,none_observed
1000,1053|1|RFBO_iGotU|15,2007-07129,1053|1,pre_only
1000,1053|1|RFBO_iGotU|16,2007-07129,1053|1,post_only
1000,1053|1|RFBO_iGotU|17,2007-07129,1053|1,none_observed
1000,1053|1|RFBO_iGotU|18,2007-07129,1053|1,none_observed
1000,1053|1|RFBO_iGotU|19,2007-07129,1053|1,both
1000,1053|1|RFBO_iGotU|20,2007-07129,1053|1,none_observed
1000,1053|1|RFBO_iGotU|21,2007-07129,1053|1,none_observed
1000,1053|1|RFBO_iGotU|22,2007-07129,1053|1,none_observed
1000,1053|6|RFBO_iGotU|1,2007-07129,1053|6,pre_only
1000,1053|6|RFBO_iGotU|2,2007-07129,1053|6,none_observed
1000,1054|1|RFBO_iGotU|1,2007-07200,1054|1,none_observed
1000,1054|1|RFBO_iGotU|2,2007-07200,1054|1,post_only
1000,1054|1|RFBO_iGotU|4,2007-07200,1054|1,none_observed
1000,1054|1|RFBO_iGotU|7,2007-07200,1054|1,pre_only
1000,1054|1|RFBO_iGotU|9,2007-07200,1054|1,none_observed
1000,1054|1|RFBO_iGotU|10,2007-07200,1054|1,none_observed
1000,1054|1|RFBO_iGotU|11,2007-07200,1054|1,none_observed
1000,1054|1|RFBO_iGotU|12,2007-07200,1054|1,none_observed
1000,1054|1|RFBO_iGotU|13,2007-07200,1054|1,none_observed
1000,1054|1|RFBO_iGotU|14,2007-07200,1054|1,none_observed
1000,1054|1|RFBO_iGotU|15,2007-07200,1054|1,none_observed
1000,1054|1|RFBO_iGotU|16,2007-07200,1054|1,none_observed
1000,1054|1|RFBO_iGotU|17,2007-07200,1054|1,none_observed
1000,1054|1|RFBO_iGotU|19,2007-07200,1054|1,none_observed
1000,1054|1|RFBO_iGotU|20,2007-07200,1054|1,none_observed
1000,1054|1|RFBO_iGotU|21,2007-07200,1054|1,none_observed
1000,1054|1|RFBO_iGotU|22,2007-07200,1054|1,none_observed
1000,1055|1|RFBO_iGotU|1,2007-07130,1055|1,none_observed
1000,1055|1|RFBO_iGotU|2,2007-07130,1055|1,none_observed
1000,1055|1|RFBO_iGotU|4,2007-07130,1055|1,none_observed
1000,1055|1|RFBO_iGotU|5,2007-07130,1055|1,none_observed
1000,1055|1|RFBO_iGotU|6,2007-07130,1055|1,none_observed
1000,1055|1|RFBO_iGotU|7,2007-07130,1055|1,pre_only
1000,1055|1|RFBO_iGotU|10,2007-07130,1055|1,none_observed
1000,1055|1|RFBO_iGotU|11,2007-07130,1055|1,none_observed
1000,1055|1|RFBO_iGotU|12,2007-07130,1055|1,none_observed
1000,1055|1|RFBO_iGotU|13,2007-07130,1055|1,none_observed
1000,1055|1|RFBO_iGotU|15,2007-07130,1055|1,none_observed
1000,1055|1|RFBO_iGotU|22,2007-07130,1055|1,none_observed
1000,1055|1|RFBO_iGotU|23,2007-07130,1055|1,none_observed
1000,1055|1|RFBO_iGotU|24,2007-07130,1055|1,none_observed
1000,1055|1|RFBO_iGotU|27,2007-07130,1055|1,none_observed
1000,1055|1|RFBO_iGotU|28,2007-07130,1055|1,pre_only
1000,1055|1|RFBO_iGotU|29,2007-07130,1055|1,none_observed
1000,1055|1|RFBO_iGotU|30,2007-07130,1055|1,none_observed
1000,1055|1|RFBO_iGotU|36,2007-07130,1055|1,none_observed
1000,1055|1|RFBO_iGotU|37,2007-07130,1055|1,none_observed
1000,1055|1|RFBO_iGotU|40,2007-07130,1055|1,none_observed
1000,1055|1|RFBO_iGotU|42,2007-07130,1055|1,none_observed
1000,1056|1|RFBO_iGotU|0,2007-07136,1056|1,none_observed
1000,1056|1|RFBO_iGotU|1,2007-07136,1056|1,none_observed
1000,1056|1|RFBO_iGotU|2,2007-07136,1056|1,none_observed
1000,1056|1|RFBO_iGotU|3,2007-07136,1056|1,post_only
1000,1056|1|RFBO_iGotU|5,2007-07136,1056|1,none_observed
1000,1056|1|RFBO_iGotU|6,2007-07136,1056|1,post_only
1000,1056|1|RFBO_iGotU|7,2007-07136,1056|1,none_observed
1000,1056|1|RFBO_iGotU|8,2007-07136,1056|1,post_only
1000,1056|1|RFBO_iGotU|10,2007-07136,1056|1,none_observed
1000,1056|1|RFBO_iGotU|12,2007-07136,1056|1,none_observed
1000,1056|1|RFBO_iGotU|13,2007-07136,1056|1,none_observed
1000,1056|1|RFBO_iGotU|15,2007-07136,1056|1,none_observed
1000,1056|1|RFBO_iGotU|16,2007-07136,1056|1,none_observed
1000,1056|1|RFBO_iGotU|17,2007-07136,1056|1,none_observed
1000,1056|1|RFBO_iGotU|19,2007-07136,1056|1,none_observed
1000,1056|1|RFBO_iGotU|20,2007-07136,1056|1,none_observed
1000,1056|2|RFBO_iGotU|0,2007-07136,1056|2,none_observed
1000,1056|3|RFBO_iGotU|0,2007-07136,1056|3,pre_only
1000,1056|3|RFBO_iGotU|1,2007-07136,1056|3,none_observed
1000,1056|3|RFBO_iGotU|2,2007-07136,1056|3,none_observed
1000,1056|3|RFBO_iGotU|4,2007-07136,1056|3,none_observed
1000,1057|1|RFBO_iGotU|2,2007-07137,1057|1,none_observed
1000,1057|1|RFBO_iGotU|3,2007-07137,1057|1,none_observed
1000,1057|1|RFBO_iGotU|4,2007-07137,1057|1,none_observed
1000,1057|1|RFBO_iGotU|5,2007-07137,1057|1,none_observed
1000,1057|1|RFBO_iGotU|7,2007-07137,1057|1,both
1000,1057|1|RFBO_iGotU|8,2007-07137,1057|1,pre_only
1000,1057|1|RFBO_iGotU|9,2007-07137,1057|1,none_observed
1000,1057|1|RFBO_iGotU|10,2007-07137,1057|1,none_observed
1000,1057|1|RFBO_iGotU|12,2007-07137,1057|1,none_observed
1000,1057|1|RFBO_iGotU|13,2007-07137,1057|1,none_observed
1000,1057|1|RFBO_iGotU|16,2007-07137,1057|1,none_observed
1000,1057|1|RFBO_iGotU|18,2007-07137,1057|1,none_observed
1000,1058|1|RFBO_iGotU|2,2007-07139,1058|1,none_observed
1000,1058|1|RFBO_iGotU|3,2007-07139,1058|1,none_observed
1000,1058|1|RFBO_iGotU|4,2007-07139,1058|1,none_observed
1000,1058|1|RFBO_iGotU|5,2007-07139,1058|1,none_observed
1000,1058|1|RFBO_iGotU|6,2007-07139,1058|1,none_observed
1000,1058|1|RFBO_iGotU|7,2007-07139,1058|1,none_observed
1000,1058|1|RFBO_iGotU|9,2007-07139,1058|1,none_observed
1000,1058|1|RFBO_iGotU|10,2007-07139,1058|1,none_observed
1000,1058|1|RFBO_iGotU|11,2007-07139,1058|1,none_observed
1000,1058|1|RFBO_iGotU|12,2007-07139,1058|1,none_observed
1000,1058|1|RFBO_iGotU|13,2007-07139,1058|1,none_observed
1000,1058|1|RFBO_iGotU|14,2007-07139,1058|1,none_observed
1000,1058|1|RFBO_iGotU|15,2007-07139,1058|1,none_observed
1000,1058|1|RFBO_iGotU|16,2007-07139,1058|1,none_observed
1000,1058|1|RFBO_iGotU|17,2007-07139,1058|1,both
1000,1058|1|RFBO_iGotU|19,2007-07139,1058|1,both
1000,1058|1|RFBO_iGotU|21,2007-07139,1058|1,none_observed
1000,1058|1|RFBO_iGotU|22,2007-07139,1058|1,none_observed
1000,1058|1|RFBO_iGotU|23,2007-07139,1058|1,none_observed
1000,1058|2|RFBO_iGotU|0,2007-07139,1058|2,none_observed
1000,1058|2|RFBO_iGotU|1,2007-07139,1058|2,pre_only
1000,1058|2|RFBO_iGotU|3,2007-07139,1058|2,none_observed
1000,1058|2|RFBO_iGotU|4,2007-07139,1058|2,pre_only
1000,1058|2|RFBO_iGotU|5,2007-07139,1058|2,none_observed
1000,1058|2|RFBO_iGotU|7,2007-07139,1058|2,post_only
1000,1058|2|RFBO_iGotU|8,2007-07139,1058|2,none_observed
1000,1058|2|RFBO_iGotU|9,2007-07139,1058|2,none_observed
1000,1058|2|RFBO_iGotU|10,2007-07139,1058|2,none_observed
2000,339|2|RFBO_iGotU|1,1777-28242,339|2,none_observed
2000,339|2|RFBO_iGotU|2,1777-28242,339|2,none_observed
2000,339|2|RFBO_iGotU|3,1777-28242,339|2,none_observed
2000,339|2|RFBO_iGotU|4,1777-28242,339|2,none_observed
2000,339|2|RFBO_iGotU|5,1777-28242,339|2,pre_only
2000,339|2|RFBO_iGotU|6,1777-28242,339|2,none_observed
2000,339|2|RFBO_iGotU|7,1777-28242,339|2,none_observed
2000,339|2|RFBO_iGotU|8,1777-28242,339|2,none_observed
2000,341|1|RFBO_iGotU|3,2007-07121,341|1,none_observed
2000,343|1|RFBO_iGotU|3,2007-07123,343|1,none_observed
2000,343|1|RFBO_iGotU|4,2007-07123,343|1,none_observed
2000,343|1|RFBO_iGotU|5,2007-07123,343|1,post_only
2000,344|1|RFBO_iGotU|1,2007-07124,344|1,none_observed
2000,344|1|RFBO_iGotU|2,2007-07124,344|1,none_observed
2000,344|1|RFBO_iGotU|4,2007-07124,344|1,none_observed
2000,344|1|RFBO_iGotU|5,2007-07124,344|1,both
2000,344|1|RFBO_iGotU|6,2007-07124,344|1,post_only
2000,344|1|RFBO_iGotU|7,2007-07124,344|1,none_observed
2000,345|1|RFBO_iGotU|1,2007-07125,345|1,pre_only
2000,345|4|RFBO_iGotU|2,2007-07125,345|4,both
2000,345|4|RFBO_iGotU|3,2007-07125,345|4,post_only
2000,345|4|RFBO_iGotU|4,2007-07125,345|4,none_observed
2000,346|1|RFBO_iGotU|8,2007-07126,346|1,none_observed
2000,346|1|RFBO_iGotU|9,2007-07126,346|1,none_observed
2000,347|1|RFBO_iGotU|1,2007-07127,347|1,none_observed
2000,347|1|RFBO_iGotU|4,2007-07127,347|1,none_observed
2000,347|1|RFBO_iGotU|5,2007-07127,347|1,none_observed
2000,347|1|RFBO_iGotU|6,2007-07127,347|1,none_observed
2000,348|1|RFBO_iGotU|3,2007-07128,348|1,none_observed
2000,348|1|RFBO_iGotU|6,2007-07128,348|1,pre_only
2000,349|4|RFBO_iGotU|1,2007-07131,349|4,none_observed
2000,349|4|RFBO_iGotU|2,2007-07131,349|4,none_observed
2000,349|4|RFBO_iGotU|3,2007-07131,349|4,none_observed
2000,349|4|RFBO_iGotU|4,2007-07131,349|4,none_observed
2000,349|4|RFBO_iGotU|5,2007-07131,349|4,none_observed
2000,349|4|RFBO_iGotU|6,2007-07131,349|4,none_observed
2000,349|4|RFBO_iGotU|9,2007-07131,349|4,none_observed
2000,351|1|RFBO_iGotU|1,2007-07133,351|1,none_observed
2000,351|1|RFBO_iGotU|2,2007-07133,351|1,none_observed
2000,351|1|RFBO_iGotU|3,2007-07133,351|1,pre_only
2000,351|1|RFBO_iGotU|4,2007-07133,351|1,none_observed
2000,351|1|RFBO_iGotU|5,2007-07133,351|1,none_observed
2000,351|1|RFBO_iGotU|6,2007-07133,351|1,none_observed
2000,352|1|RFBO_iGotU|2,2007-07134,352|1,none_observed
2000,352|1|RFBO_iGotU|3,2007-07134,352|1,none_observed
2000,353|1|RFBO_iGotU|2,2007-07135,353|1,none_observed
2000,353|1|RFBO_iGotU|3,2007-07135,353|1,none_observed
2000,353|1|RFBO_iGotU|6,2007-07135,353|1,none_observed
2000,353|1|RFBO_iGotU|8,2007-07135,353|1,pre_only
2000,354|1|RFBO_iGotU|1,2007-07138,354|1,none_observed
2000,354|1|RFBO_iGotU|3,2007-07138,354|1,post_only
2000,354|1|RFBO_iGotU|5,2007-07138,354|1,none_observed
2000,356|1|RFBO_iGotU|1,2007-07141,356|1,pre_only
2000,356|1|RFBO_iGotU|4,2007-07141,356|1,none_observed
2000,359|1|RFBO_iGotU|5,2007-07144,359|1,none_observed
2000,361|5|RFBO_iGotU|4,2007-07146,361|5,none_observed
2000,361|5|RFBO_iGotU|5,2007-07146,361|5,none_observed
2000,361|5|RFBO_iGotU|6,2007-07146,361|5,post_only
2000,364|1|RFBO_iGotU|3,2007-07149,364|1,none_observed
2000,365|1|RFBO_iGotU|4,2007-07150,365|1,post_only
2000,365|1|RFBO_iGotU|6,2007-07150,365|1,none_observed
2000,365|1|RFBO_iGotU|7,2007-07150,365|1,none_observed
2000,366|1|RFBO_iGotU|1,2007-07152,366|1,none_observed
2000,366|1|RFBO_iGotU|2,2007-07152,366|1,none_observed
2000,366|1|RFBO_iGotU|4,2007-07152,366|1,none_observed
2000,366|1|RFBO_iGotU|6,2007-07152,366|1,none_observed
2000,367|1|RFBO_iGotU|3,2007-07153,367|1,none_observed
2000,367|1|RFBO_iGotU|4,2007-07153,367|1,none_observed
2000,367|1|RFBO_iGotU|5,2007-07153,367|1,none_observed
2000,368|1|RFBO_iGotU|4,2007-07154,368|1,none_observed
2000,368|1|RFBO_iGotU|6,2007-07154,368|1,none_observed
2000,368|1|RFBO_iGotU|7,2007-07154,368|1,none_observed
2000,369|3|RFBO_iGotU|0,2007-07155,369|3,post_only
2000,369|3|RFBO_iGotU|1,2007-07155,369|3,none_observed
2000,369|3|RFBO_iGotU|2,2007-07155,369|3,none_observed
2000,369|3|RFBO_iGotU|3,2007-07155,369|3,post_only
2000,369|3|RFBO_iGotU|4,2007-07155,369|3,none_observed
2000,369|3|RFBO_iGotU|7,2007-07155,369|3,none_observed
2000,369|3|RFBO_iGotU|8,2007-07155,369|3,none_observed
2000,370|1|RFBO_iGotU|1,2007-07156,370|1,post_only
2000,370|1|RFBO_iGotU|2,2007-07156,370|1,none_observed
2000,370|1|RFBO_iGotU|3,2007-07156,370|1,none_observed
2000,370|1|RFBO_iGotU|4,2007-07156,370|1,none_observed
2000,370|1|RFBO_iGotU|5,2007-07156,370|1,none_observed
2000,371|1|RFBO_iGotU|1,2007-07157,371|1,none_observed
2000,371|1|RFBO_iGotU|3,2007-07157,371|1,none_observed
2000,371|1|RFBO_iGotU|5,2007-07157,371|1,none_observed
2000,371|1|RFBO_iGotU|6,2007-07157,371|1,none_observed
2000,373|1|RFBO_iGotU|1,2007-07159,373|1,none_observed
2000,373|1|RFBO_iGotU|3,2007-07159,373|1,none_observed
2000,373|1|RFBO_iGotU|4,2007-07159,373|1,none_observed
2000,374|1|RFBO_iGotU|1,2007-07160,374|1,pre_only
2000,374|2|RFBO_iGotU|0,2007-07160,374|2,none_observed
2000,374|4|RFBO_iGotU|0,2007-07160,374|4,none_observed
2000,374|4|RFBO_iGotU|1,2007-07160,374|4,both
2000,375|1|RFBO_iGotU|1,2007-07171,375|1,none_observed
2000,375|1|RFBO_iGotU|2,2007-07171,375|1,none_observed
2000,375|1|RFBO_iGotU|3,2007-07171,375|1,post_only
2000,375|1|RFBO_iGotU|4,2007-07171,375|1,none_observed
2000,375|1|RFBO_iGotU|7,2007-07171,375|1,none_observed
2000,376|3|RFBO_iGotU|0,2007-07172,376|3,none_observed
2000,376|3|RFBO_iGotU|1,2007-07172,376|3,none_observed
2000,377|1|RFBO_iGotU|1,2007-07173,377|1,none_observed
2000,377|4|RFBO_iGotU|2,2007-07173,377|4,none_observed
2000,377|4|RFBO_iGotU|3,2007-07173,377|4,none_observed
2000,377|4|RFBO_iGotU|4,2007-07173,377|4,none_observed
2000,377|4|RFBO_iGotU|5,2007-07173,377|4,none_observed
2000,377|4|RFBO_iGotU|6,2007-07173,377|4,pre_only
2000,378|1|RFBO_iGotU|1,2007-07174,378|1,pre_only
2000,378|1|RFBO_iGotU|3,2007-07174,378|1,none_observed
2000,378|1|RFBO_iGotU|4,2007-07174,378|1,none_observed
2000,378|1|RFBO_iGotU|5,2007-07174,378|1,post_only
2000,378|1|RFBO_iGotU|6,2007-07174,378|1,none_observed
2000,378|1|RFBO_iGotU|7,2007-07174,378|1,none_observed
2000,378|1|RFBO_iGotU|8,2007-07174,378|1,none_observed
2000,379|1|RFBO_iGotU|1,2007-07175,379|1,pre_only
2000,380|1|RFBO_iGotU|1,2007-07176,380|1,none_observed
2000,380|1|RFBO_iGotU|2,2007-07176,380|1,none_observed
2000,380|1|RFBO_iGotU|3,2007-07176,380|1,none_observed
2000,380|1|RFBO_iGotU|4,2007-07176,380|1,none_observed
2000,380|1|RFBO_iGotU|5,2007-07176,380|1,none_observed
2000,380|1|RFBO_iGotU|6,2007-07176,380|1,none_observed
2000,380|1|RFBO_iGotU|7,2007-07176,380|1,none_observed
2000,380|1|RFBO_iGotU|9,2007-07176,380|1,none_observed
2000,382|1|RFBO_iGotU|1,2007-07178,382|1,none_observed
2000,382|1|RFBO_iGotU|2,2007-07178,382|1,none_observed
2000,382|1|RFBO_iGotU|8,2007-07178,382|1,none_observed
2000,383|1|RFBO_iGotU|1,2007-07179,383|1,none_observed
2000,383|1|RFBO_iGotU|2,2007-07179,383|1,none_observed
2000,383|1|RFBO_iGotU|6,2007-07179,383|1,post_only
2000,383|1|RFBO_iGotU|8,2007-07179,383|1,none_observed
2000,383|1|RFBO_iGotU|9,2007-07179,383|1,none_observed
2000,384|1|RFBO_iGotU|2,2007-07180,384|1,pre_only
2000,386|1|RFBO_iGotU|1,2017-24332,386|1,none_observed
2000,387|1|RFBO_iGotU|1,2017-24336,387|1,none_observed
2000,387|1|RFBO_iGotU|2,2017-24336,387|1,none_observed
2000,387|1|RFBO_iGotU|5,2017-24336,387|1,none_observed
2000,387|1|RFBO_iGotU|6,2017-24336,387|1,none_observed
2000,393|1|RFBO_iGotU|2,2017-24342,393|1,none_observed
2000,399|1|RFBO_iGotU|3,2017-24360,399|1,none_observed
2000,399|1|RFBO_iGotU|4,2017-24360,399|1,none_observed
2000,399|1|RFBO_iGotU|5,2017-24360,399|1,post_only
2000,399|1|RFBO_iGotU|6,2017-24360,399|1,none_observed
2000,401|1|RFBO_iGotU|4,2017-24361,401|1,none_observed
2000,614|7|RFBO_iGotU|0,2007-07104,614|7,none_observed
2000,615|1|RFBO_iGotU|0,2007-07105,615|1,post_only
2000,615|8|RFBO_iGotU|0,2007-07105,615|8,none_observed
2000,616|1|RFBO_iGotU|1,2007-07106,616|1,none_observed
2000,616|1|RFBO_iGotU|4,2007-07106,616|1,none_observed
2000,616|1|RFBO_iGotU|5,2007-07106,616|1,none_observed
2000,616|1|RFBO_iGotU|6,2007-07106,616|1,none_observed
2000,616|1|RFBO_iGotU|7,2007-07106,616|1,none_observed
2000,617|1|RFBO_iGotU|0,2007-07107,617|1,post_only
2000,617|1|RFBO_iGotU|1,2007-07107,617|1,none_observed
2000,617|1|RFBO_iGotU|3,2007-07107,617|1,none_observed
2000,617|1|RFBO_iGotU|6,2007-07107,617|1,none_observed
2000,617|1|RFBO_iGotU|7,2007-07107,617|1,none_observed
2000,617|2|RFBO_iGotU|0,2007-07107,617|2,none_observed
2000,618|2|RFBO_iGotU|0,2007-07108,618|2,none_observed
2000,618|2|RFBO_iGotU|1,2007-07108,618|2,post_only
2000,618|2|RFBO_iGotU|2,2007-07108,618|2,none_observed
2000,618|2|RFBO_iGotU|3,2007-07108,618|2,none_observed
2000,618|2|RFBO_iGotU|4,2007-07108,618|2,none_observed
2000,618|2|RFBO_iGotU|5,2007-07108,618|2,both
2000,618|2|RFBO_iGotU|6,2007-07108,618|2,none_observed
2000,618|2|RFBO_iGotU|7,2007-07108,618|2,none_observed
2000,619|1|RFBO_iGotU|1,2007-07109,619|1,none_observed
2000,619|1|RFBO_iGotU|2,2007-07109,619|1,post_only
2000,619|1|RFBO_iGotU|3,2007-07109,619|1,none_observed
2000,619|1|RFBO_iGotU|4,2007-07109,619|1,none_observed
2000,620|2|RFBO_iGotU|2,2007-07110,620|2,none_observed
2000,620|2|RFBO_iGotU|3,2007-07110,620|2,none_observed
2000,620|2|RFBO_iGotU|4,2007-07110,620|2,post_only
2000,620|2|RFBO_iGotU|6,2007-07110,620|2,none_observed
2000,620|3|RFBO_iGotU|0,2007-07110,620|3,none_observed
2000,620|3|RFBO_iGotU|1,2007-07110,620|3,none_observed
2000,620|3|RFBO_iGotU|2,2007-07110,620|3,none_observed
2000,620|3|RFBO_iGotU|3,2007-07110,620|3,none_observed
2000,621|3|RFBO_iGotU|0,2007-07111,621|3,none_observed
2000,621|3|RFBO_iGotU|1,2007-07111,621|3,none_observed
2000,621|3|RFBO_iGotU|2,2007-07111,621|3,none_observed
2000,621|3|RFBO_iGotU|3,2007-07111,621|3,none_observed
2000,621|9|RFBO_iGotU|0,2007-07111,621|9,none_observed
2000,623|1|RFBO_iGotU|0,2007-07113,623|1,none_observed
2000,624|1|RFBO_iGotU|0,2007-07114,624|1,none_observed
2000,624|1|RFBO_iGotU|1,2007-07114,624|1,post_only
2000,624|1|RFBO_iGotU|3,2007-07114,624|1,none_observed
2000,624|1|RFBO_iGotU|4,2007-07114,624|1,none_observed
2000,624|1|RFBO_iGotU|5,2007-07114,624|1,none_observed
2000,624|1|RFBO_iGotU|6,2007-07114,624|1,none_observed
2000,624|1|RFBO_iGotU|7,2007-07114,624|1,post_only
2000,624|1|RFBO_iGotU|8,2007-07114,624|1,none_observed
2000,624|1|RFBO_iGotU|9,2007-07114,624|1,none_observed
2000,624|1|RFBO_iGotU|10,2007-07114,624|1,none_observed
2000,626|1|RFBO_iGotU|3,2007-07116,626|1,pre_only
2000,627|1|RFBO_iGotU|0,2007-07117,627|1,none_observed
2000,627|1|RFBO_iGotU|1,2007-07117,627|1,post_only
2000,627|1|RFBO_iGotU|2,2007-07117,627|1,both
2000,627|1|RFBO_iGotU|3,2007-07117,627|1,none_observed
2000,627|1|RFBO_iGotU|4,2007-07117,627|1,none_observed
2000,627|1|RFBO_iGotU|5,2007-07117,627|1,none_observed
2000,627|2|RFBO_iGotU|1,2007-07117,627|2,none_observed
2000,627|2|RFBO_iGotU|2,2007-07117,627|2,none_observed
2000,628|1|RFBO_iGotU|5,2007-07118,628|1,post_only
2000,629|1|RFBO_iGotU|0,2007-07119,629|1,none_observed
2000,629|1|RFBO_iGotU|1,2007-07119,629|1,post_only
2000,629|1|RFBO_iGotU|2,2007-07119,629|1,none_observed
2000,629|2|RFBO_iGotU|0,2007-07119,629|2,none_observed
2000,629|2|RFBO_iGotU|1,2007-07119,629|2,none_observed
2000,629|2|RFBO_iGotU|2,2007-07119,629|2,none_observed
2000,629|2|RFBO_iGotU|3,2007-07119,629|2,both
2000,630|1|RFBO_iGotU|0,2007-07120,630|1,none_observed
2000,630|1|RFBO_iGotU|2,2007-07120,630|1,none_observed
2000,630|1|RFBO_iGotU|3,2007-07120,630|1,none_observed
2000,630|1|RFBO_iGotU|4,2007-07120,630|1,none_observed
2000,631|1|RFBO_iGotU|0,2017-24307,631|1,none_observed
2000,631|1|RFBO_iGotU|1,2017-24307,631|1,none_observed
2000,631|1|RFBO_iGotU|2,2017-24307,631|1,none_observed
2000,631|1|RFBO_iGotU|3,2017-24307,631|1,none_observed
2000,631|1|RFBO_iGotU|4,2017-24307,631|1,pre_only
2000,631|2|RFBO_iGotU|1,2017-24307,631|2,none_observed
2000,635|1|RFBO_iGotU|0,2017-24315,635|1,none_observed
2000,637|1|RFBO_iGotU|0,2017-24317,637|1,none_observed
2000,637|1|RFBO_iGotU|1,2017-24317,637|1,none_observed
2000,637|1|RFBO_iGotU|2,2017-24317,637|1,none_observed
2000,639|1|RFBO_iGotU|0,2017-24319,639|1,none_observed
2000,639|1|RFBO_iGotU|2,2017-24319,639|1,none_observed
2000,639|1|RFBO_iGotU|3,2017-24319,639|1,none_observed
2000,639|1|RFBO_iGotU|4,2017-24319,639|1,none_observed
2000,639|1|RFBO_iGotU|5,2017-24319,639|1,none_observed
2000,640|1|RFBO_iGotU|0,2017-24320,640|1,none_observed
2000,640|1|RFBO_iGotU|1,2017-24320,640|1,none_observed
2000,640|1|RFBO_iGotU|2,2017-24320,640|1,none_observed
2000,640|2|RFBO_iGotU|0,2017-24320,640|2,none_observed
2000,640|5|RFBO_iGotU|0,2017-24320,640|5,none_observed
2000,640|5|RFBO_iGotU|1,2017-24320,640|5,none_observed
2000,640|5|RFBO_iGotU|2,2017-24320,640|5,none_observed
2000,647|1|RFBO_iGotU|0,2017-24327,647|1,none_observed
2000,649|1|RFBO_iGotU|0,2017-24329,649|1,none_observed
2000,649|1|RFBO_iGotU|1,2017-24329,649|1,none_observed
2000,649|1|RFBO_iGotU|2,2017-24329,649|1,none_observed
2000,649|1|RFBO_iGotU|4,2017-24329,649|1,none_observed
2000,650|1|RFBO_iGotU|0,2017-24330,650|1,none_observed
2000,650|2|RFBO_iGotU|0,2017-24330,650|2,none_observed
2000,947|1|RFBO_iGotU|1,2007-09901,947|1,none_observed
2000,947|1|RFBO_iGotU|2,2007-09901,947|1,none_observed
2000,947|1|RFBO_iGotU|3,2007-09901,947|1,both
2000,947|1|RFBO_iGotU|5,2007-09901,947|1,none_observed
2000,947|1|RFBO_iGotU|6,2007-09901,947|1,none_observed
2000,947|1|RFBO_iGotU|7,2007-09901,947|1,pre_only
2000,947|1|RFBO_iGotU|8,2007-09901,947|1,none_observed
2000,947|1|RFBO_iGotU|12,2007-09901,947|1,none_observed
2000,947|1|RFBO_iGotU|14,2007-09901,947|1,none_observed
2000,947|1|RFBO_iGotU|15,2007-09901,947|1,both
2000,947|1|RFBO_iGotU|16,2007-09901,947|1,none_observed
2000,948|1|RFBO_iGotU|1,2007-09911,948|1,none_observed
2000,948|1|RFBO_iGotU|3,2007-09911,948|1,pre_only
2000,949|1|RFBO_iGotU|4,2007-09902,949|1,post_only
2000,949|1|RFBO_iGotU|5,2007-09902,949|1,none_observed
2000,949|1|RFBO_iGotU|6,2007-09902,949|1,none_observed
2000,949|1|RFBO_iGotU|7,2007-09902,949|1,post_only
2000,949|1|RFBO_iGotU|8,2007-09902,949|1,post_only
2000,949|1|RFBO_iGotU|9,2007-09902,949|1,none_observed
2000,949|1|RFBO_iGotU|10,2007-09902,949|1,pre_only
2000,950|1|RFBO_iGotU|1,2007-09912,950|1,none_observed
2000,950|1|RFBO_iGotU|6,2007-09912,950|1,none_observed
2000,950|1|RFBO_iGotU|8,2007-09912,950|1,none_observed
2000,950|1|RFBO_iGotU|9,2007-09912,950|1,none_observed
2000,950|2|RFBO_iGotU|0,2007-09912,950|2,none_observed
2000,950|2|RFBO_iGotU|2,2007-09912,950|2,none_observed
2000,950|2|RFBO_iGotU|3,2007-09912,950|2,post_only
2000,950|2|RFBO_iGotU|4,2007-09912,950|2,none_observed
2000,950|2|RFBO_iGotU|5,2007-09912,950|2,none_observed
2000,950|2|RFBO_iGotU|8,2007-09912,950|2,none_observed
2000,950|2|RFBO_iGotU|10,2007-09912,950|2,pre_only
2000,950|2|RFBO_iGotU|11,2007-09912,950|2,none_observed
2000,950|2|RFBO_iGotU|12,2007-09912,950|2,none_observed
2000,950|2|RFBO_iGotU|13,2007-09912,950|2,pre_only
2000,950|2|RFBO_iGotU|15,2007-09912,950|2,pre_only
2000,951|1|RFBO_iGotU|1,2007-09903,951|1,none_observed
2000,951|1|RFBO_iGotU|2,2007-09903,951|1,none_observed
2000,951|1|RFBO_iGotU|3,2007-09903,951|1,none_observed
2000,951|1|RFBO_iGotU|4,2007-09903,951|1,post_only
2000,951|1|RFBO_iGotU|5,2007-09903,951|1,none_observed
2000,951|1|RFBO_iGotU|6,2007-09903,951|1,none_observed
2000,951|1|RFBO_iGotU|7,2007-09903,951|1,none_observed
2000,951|1|RFBO_iGotU|8,2007-09903,951|1,none_observed
2000,952|1|RFBO_iGotU|3,2007-09913,952|1,none_observed
2000,953|1|RFBO_iGotU|1,2007-09904,953|1,none_observed
2000,953|1|RFBO_iGotU|3,2007-09904,953|1,none_observed
2000,953|1|RFBO_iGotU|7,2007-09904,953|1,none_observed
2000,953|1|RFBO_iGotU|8,2007-09904,953|1,post_only
2000,953|1|RFBO_iGotU|9,2007-09904,953|1,pre_only
2000,953|3|RFBO_iGotU|0,2007-09904,953|3,pre_only
2000,954|1|RFBO_iGotU|2,2007-09914,954|1,none_observed
2000,954|1|RFBO_iGotU|3,2007-09914,954|1,none_observed
2000,954|1|RFBO_iGotU|5,2007-09914,954|1,none_observed
2000,954|1|RFBO_iGotU|7,2007-09914,954|1,none_observed
2000,954|1|RFBO_iGotU|8,2007-09914,954|1,none_observed
2000,954|1|RFBO_iGotU|12,2007-09914,954|1,post_only
2000,954|1|RFBO_iGotU|13,2007-09914,954|1,none_observed
2000,955|1|RFBO_iGotU|1,2007-09905,955|1,post_only
2000,955|1|RFBO_iGotU|3,2007-09905,955|1,none_observed
2000,955|1|RFBO_iGotU|4,2007-09905,955|1,both
2000,955|1|RFBO_iGotU|5,2007-09905,955|1,pre_only
2000,955|1|RFBO_iGotU|7,2007-09905,955|1,pre_only
2000,955|1|RFBO_iGotU|9,2007-09905,955|1,post_only
2000,955|1|RFBO_iGotU|10,2007-09905,955|1,none_observed
2000,955|1|RFBO_iGotU|11,2007-09905,955|1,none_observed
2000,955|1|RFBO_iGotU|12,2007-09905,955|1,none_observed
2000,956|1|RFBO_iGotU|2,2007-09915,956|1,none_observed
2000,956|1|RFBO_iGotU|3,2007-09915,956|1,both
2000,956|1|RFBO_iGotU|4,2007-09915,956|1,both
2000,957|1|RFBO_iGotU|1,2007-09906,957|1,none_observed
2000,957|1|RFBO_iGotU|2,2007-09906,957|1,post_only
2000,957|1|RFBO_iGotU|5,2007-09906,957|1,none_observed
2000,958|1|RFBO_iGotU|1,2007-09916,958|1,none_observed
2000,958|1|RFBO_iGotU|2,2007-09916,958|1,none_observed
2000,958|1|RFBO_iGotU|3,2007-09916,958|1,none_observed
2000,958|1|RFBO_iGotU|4,2007-09916,958|1,post_only
2000,959|1|RFBO_iGotU|1,2007-09922,959|1,none_observed
2000,959|1|RFBO_iGotU|2,2007-09922,959|1,post_only
2000,959|1|RFBO_iGotU|3,2007-09922,959|1,post_only
2000,959|1|RFBO_iGotU|6,2007-09922,959|1,none_observed
2000,959|1|RFBO_iGotU|7,2007-09922,959|1,none_observed
2000,959|1|RFBO_iGotU|9,2007-09922,959|1,post_only
2000,959|1|RFBO_iGotU|10,2007-09922,959|1,none_observed
2000,959|1|RFBO_iGotU|11,2007-09922,959|1,none_observed
2000,959|1|RFBO_iGotU|12,2007-09922,959|1,none_observed
2000,959|1|RFBO_iGotU|13,2007-09922,959|1,none_observed
2000,959|1|RFBO_iGotU|15,2007-09922,959|1,none_observed
2000,960|1|RFBO_iGotU|1,2007-09917,960|1,both
2000,960|1|RFBO_iGotU|2,2007-09917,960|1,none_observed
2000,960|1|RFBO_iGotU|3,2007-09917,960|1,none_observed
2000,960|1|RFBO_iGotU|5,2007-09917,960|1,none_observed
2000,960|1|RFBO_iGotU|6,2007-09917,960|1,post_only
2000,960|1|RFBO_iGotU|7,2007-09917,960|1,post_only
2000,960|1|RFBO_iGotU|8,2007-09917,960|1,none_observed
2000,960|1|RFBO_iGotU|9,2007-09917,960|1,none_observed
2000,961|4|RFBO_iGotU|1,2007-09923,961|4,none_observed
2000,961|4|RFBO_iGotU|2,2007-09923,961|4,none_observed
2000,961|4|RFBO_iGotU|3,2007-09923,961|4,none_observed
2000,961|4|RFBO_iGotU|4,2007-09923,961|4,none_observed
2000,961|4|RFBO_iGotU|5,2007-09923,961|4,none_observed
2000,961|4|RFBO_iGotU|6,2007-09923,961|4,none_observed
2000,961|4|RFBO_iGotU|7,2007-09923,961|4,none_observed
2000,961|4|RFBO_iGotU|8,2007-09923,961|4,none_observed
2000,961|4|RFBO_iGotU|9,2007-09923,961|4,none_observed
2000,961|4|RFBO_iGotU|10,2007-09923,961|4,none_observed
2000,961|4|RFBO_iGotU|12,2007-09923,961|4,none_observed
2000,961|4|RFBO_iGotU|13,2007-09923,961|4,none_observed
2000,963|1|RFBO_iGotU|1,2007-09924,963|1,none_observed
2000,963|1|RFBO_iGotU|2,2007-09924,963|1,none_observed
2000,963|1|RFBO_iGotU|3,2007-09924,963|1,none_observed
2000,963|1|RFBO_iGotU|4,2007-09924,963|1,none_observed
2000,963|1|RFBO_iGotU|5,2007-09924,963|1,none_observed
2000,963|1|RFBO_iGotU|6,2007-09924,963|1,none_observed
2000,963|1|RFBO_iGotU|9,2007-09924,963|1,none_observed
2000,963|1|RFBO_iGotU|10,2007-09924,963|1,none_observed
2000,963|1|RFBO_iGotU|13,2007-09924,963|1,none_observed
2000,963|1|RFBO_iGotU|19,2007-09924,963|1,none_observed
2000,965|1|RFBO_iGotU|1,2007-09925,965|1,pre_only
2000,965|1|RFBO_iGotU|3,2007-09925,965|1,pre_only
2000,965|1|RFBO_iGotU|5,2007-09925,965|1,pre_only
2000,965|1|RFBO_iGotU|7,2007-09925,965|1,none_observed
2000,965|1|RFBO_iGotU|8,2007-09925,965|1,none_observed
2000,966|1|RFBO_iGotU|1,2007-09932,966|1,both
2000,966|1|RFBO_iGotU|5,2007-09932,966|1,none_observed
2000,966|1|RFBO_iGotU|6,2007-09932,966|1,none_observed
2000,968|1|RFBO_iGotU|3,2007-09933,968|1,none_observed
2000,968|1|RFBO_iGotU|4,2007-09933,968|1,none_observed
2000,968|1|RFBO_iGotU|5,2007-09933,968|1,none_observed
2000,968|1|RFBO_iGotU|7,2007-09933,968|1,none_observed
2000,968|1|RFBO_iGotU|8,2007-09933,968|1,none_observed
2000,968|1|RFBO_iGotU|10,2007-09933,968|1,none_observed
2000,968|1|RFBO_iGotU|11,2007-09933,968|1,pre_only
2000,968|1|RFBO_iGotU|12,2007-09933,968|1,none_observed
2000,968|1|RFBO_iGotU|13,2007-09933,968|1,both
2000,968|1|RFBO_iGotU|14,2007-09933,968|1,none_observed
2000,968|1|RFBO_iGotU|15,2007-09933,968|1,none_observed
2000,968|1|RFBO_iGotU|16,2007-09933,968|1,none_observed
2000,968|9|RFBO_iGotU|0,2007-09933,968|9,none_observed
2000,969|1|RFBO_iGotU|1,2007-09934,969|1,post_only
2000,969|1|RFBO_iGotU|2,2007-09934,969|1,none_observed
2000,969|1|RFBO_iGotU|3,2007-09934,969|1,none_observed
2000,969|1|RFBO_iGotU|4,2007-09934,969|1,none_observed
2000,969|1|RFBO_iGotU|5,2007-09934,969|1,none_observed
2000,969|1|RFBO_iGotU|6,2007-09934,969|1,none_observed
2000,969|1|RFBO_iGotU|9,2007-09934,969|1,none_observed
2000,969|1|RFBO_iGotU|10,2007-09934,969|1,none_observed
2000,969|1|RFBO_iGotU|11,2007-09934,969|1,none_observed
2000,969|1|RFBO_iGotU|12,2007-09934,969|1,none_observed
2000,969|1|RFBO_iGotU|13,2007-09934,969|1,none_observed
2000,970|1|RFBO_iGotU|2,2007-09935,970|1,none_observed
2000,970|1|RFBO_iGotU|3,2007-09935,970|1,none_observed
2000,970|1|RFBO_iGotU|4,2007-09935,970|1,none_observed
2000,970|1|RFBO_iGotU|6,2007-09935,970|1,pre_only
2000,970|1|RFBO_iGotU|7,2007-09935,970|1,both
2000,970|1|RFBO_iGotU|13,2007-09935,970|1,post_only
2000,970|1|RFBO_iGotU|15,2007-09935,970|1,none_observed
2000,970|1|RFBO_iGotU|18,2007-09935,970|1,none_observed
2000,970|1|RFBO_iGotU|19,2007-09935,970|1,none_observed
2000,970|1|RFBO_iGotU|20,2007-09935,970|1,none_observed
2000,970|1|RFBO_iGotU|21,2007-09935,970|1,none_observed
2000,970|1|RFBO_iGotU|22,2007-09935,970|1,none_observed
2000,972|2|RFBO_iGotU|3,2007-30801,972|2,none_observed
2000,972|2|RFBO_iGotU|4,2007-30801,972|2,both
2000,972|2|RFBO_iGotU|5,2007-30801,972|2,none_observed
2000,972|2|RFBO_iGotU|8,2007-30801,972|2,post_only
2000,972|2|RFBO_iGotU|9,2007-30801,972|2,post_only
2000,972|2|RFBO_iGotU|10,2007-30801,972|2,pre_only
2000,972|2|RFBO_iGotU|11,2007-30801,972|2,post_only
2000,972|2|RFBO_iGotU|12,2007-30801,972|2,none_observed
2000,972|2|RFBO_iGotU|13,2007-30801,972|2,none_observed
2000,974|4|RFBO_iGotU|1,2007-30802,974|4,pre_only
2000,974|4|RFBO_iGotU|2,2007-30802,974|4,none_observed
2000,974|4|RFBO_iGotU|3,2007-30802,974|4,both
2000,974|4|RFBO_iGotU|6,2007-30802,974|4,none_observed
2000,974|4|RFBO_iGotU|7,2007-30802,974|4,none_observed
2000,974|4|RFBO_iGotU|8,2007-30802,974|4,post_only
2000,974|4|RFBO_iGotU|9,2007-30802,974|4,pre_only
2000,974|4|RFBO_iGotU|10,2007-30802,974|4,none_observed
2000,974|4|RFBO_iGotU|11,2007-30802,974|4,none_observed
2000,974|4|RFBO_iGotU|14,2007-30802,974|4,none_observed
2000,974|4|RFBO_iGotU|17,2007-30802,974|4,none_observed
2000,976|1|RFBO_iGotU|1,2007-30803,976|1,none_observed
2000,976|1|RFBO_iGotU|2,2007-30803,976|1,none_observed
2000,976|1|RFBO_iGotU|3,2007-30803,976|1,none_observed
2000,976|1|RFBO_iGotU|6,2007-30803,976|1,none_observed
2000,976|1|RFBO_iGotU|10,2007-30803,976|1,none_observed
2000,976|1|RFBO_iGotU|14,2007-30803,976|1,none_observed
2000,976|1|RFBO_iGotU|15,2007-30803,976|1,none_observed
2000,976|1|RFBO_iGotU|20,2007-30803,976|1,none_observed
2000,976|1|RFBO_iGotU|21,2007-30803,976|1,none_observed
2000,977|1|RFBO_iGotU|1,2007-30804,977|1,post_only
2000,977|1|RFBO_iGotU|4,2007-30804,977|1,both
2000,977|1|RFBO_iGotU|5,2007-30804,977|1,post_only
2000,977|1|RFBO_iGotU|15,2007-30804,977|1,none_observed
2000,980|4|RFBO_iGotU|1,2007-09909,980|4,none_observed
2000,980|4|RFBO_iGotU|2,2007-09909,980|4,none_observed
2000,980|4|RFBO_iGotU|3,2007-09909,980|4,none_observed
2000,980|4|RFBO_iGotU|4,2007-09909,980|4,none_observed
2000,980|4|RFBO_iGotU|5,2007-09909,980|4,post_only
2000,980|4|RFBO_iGotU|6,2007-09909,980|4,none_observed
2000,980|4|RFBO_iGotU|8,2007-09909,980|4,post_only
2000,980|4|RFBO_iGotU|9,2007-09909,980|4,post_only
2000,980|4|RFBO_iGotU|10,2007-09909,980|4,none_observed
2000,980|4|RFBO_iGotU|11,2007-09909,980|4,post_only
2000,980|4|RFBO_iGotU|12,2007-09909,980|4,post_only
2000,980|5|RFBO_iGotU|2,2007-09909,980|5,pre_only
2000,980|5|RFBO_iGotU|3,2007-09909,980|5,none_observed
2000,980|5|RFBO_iGotU|4,2007-09909,980|5,none_observed
2000,980|5|RFBO_iGotU|5,2007-09909,980|5,none_observed
2000,980|5|RFBO_iGotU|6,2007-09909,980|5,post_only
2000,980|5|RFBO_iGotU|7,2007-09909,980|5,none_observed
2000,980|6|RFBO_iGotU|0,2007-09909,980|6,none_observed
2000,980|8|RFBO_iGotU|0,2007-09909,980|8,post_only
2000,980|8|RFBO_iGotU|1,2007-09909,980|8,none_observed
2000,980|8|RFBO_iGotU|2,2007-09909,980|8,none_observed
2000,980|8|RFBO_iGotU|3,2007-09909,980|8,none_observed
2000,980|11|RFBO_iGotU|1,2007-09909,980|11,none_observed
2000,980|11|RFBO_iGotU|2,2007-09909,980|11,none_observed
2000,980|11|RFBO_iGotU|3,2007-09909,980|11,none_observed
2000,980|11|RFBO_iGotU|4,2007-09909,980|11,none_observed
2000,980|11|RFBO_iGotU|5,2007-09909,980|11,both
2000,980|11|RFBO_iGotU|6,2007-09909,980|11,post_only
2000,1030|1|RFBO_iGotU|0,2017-24320,1030|1,none_observed
2000,1030|1|RFBO_iGotU|1,2017-24320,1030|1,none_observed
2000,1030|1|RFBO_iGotU|2,2017-24320,1030|1,none_observed
2000,1030|1|RFBO_iGotU|3,2017-24320,1030|1,post_only
2000,1030|1|RFBO_iGotU|4,2017-24320,1030|1,none_observed
2000,1030|1|RFBO_iGotU|5,2017-24320,1030|1,none_observed
2000,1030|1|RFBO_iGotU|6,2017-24320,1030|1,post_only
2000,1030|1|RFBO_iGotU|7,2017-24320,1030|1,none_observed
2000,1030|1|RFBO_iGotU|8,2017-24320,1030|1,pre_only
2000,1030|1|RFBO_iGotU|9,2017-24320,1030|1,none_observed
2000,1030|1|RFBO_iGotU|10,2017-24320,1030|1,none_observed
2000,1030|1|RFBO_iGotU|11,2017-24320,1030|1,none_observed
2000,1030|1|RFBO_iGotU|12,2017-24320,1030|1,none_observed
2000,1030|1|RFBO_iGotU|13,2017-24320,1030|1,none_observed
2000,1030|1|RFBO_iGotU|14,2017-24320,1030|1,none_observed
2000,1030|1|RFBO_iGotU|15,2017-24320,1030|1,none_observed
2000,1030|1|RFBO_iGotU|16,2017-24320,1030|1,none_observed
2000,1030|1|RFBO_iGotU|17,2017-24320,1030|1,none_observed
2000,1034|1|RFBO_iGotU|0,2007-07184,1034|1,post_only
2000,1034|1|RFBO_iGotU|1,2007-07184,1034|1,none_observed
2000,1034|1|RFBO_iGotU|2,2007-07184,1034|1,pre_only
2000,1034|1|RFBO_iGotU|3,2007-07184,1034|1,none_observed
2000,1034|1|RFBO_iGotU|4,2007-07184,1034|1,none_observed
2000,1034|1|RFBO_iGotU|5,2007-07184,1034|1,post_only
2000,1034|1|RFBO_iGotU|6,2007-07184,1034|1,none_observed
2000,1034|1|RFBO_iGotU|7,2007-07184,1034|1,none_observed
2000,1034|1|RFBO_iGotU|8,2007-07184,1034|1,none_observed
2000,1034|1|RFBO_iGotU|9,2007-07184,1034|1,none_observed
2000,1034|1|RFBO_iGotU|10,2007-07184,1034|1,pre_only
2000,1034|1|RFBO_iGotU|11,2007-07184,1034|1,none_observed
2000,1034|1|RFBO_iGotU|12,2007-07184,1034|1,none_observed
2000,1034|1|RFBO_iGotU|13,2007-07184,1034|1,none_observed
2000,1034|1|RFBO_iGotU|14,2007-07184,1034|1,post_only
2000,1036|1|RFBO_iGotU|0,2007-07186,1036|1,post_only
2000,1036|1|RFBO_iGotU|1,2007-07186,1036|1,pre_only
2000,1036|1|RFBO_iGotU|2,2007-07186,1036|1,none_observed
2000,1036|1|RFBO_iGotU|3,2007-07186,1036|1,pre_only
2000,1036|1|RFBO_iGotU|4,2007-07186,1036|1,none_observed
2000,1036|1|RFBO_iGotU|5,2007-07186,1036|1,none_observed
2000,1036|1|RFBO_iGotU|6,2007-07186,1036|1,post_only
2000,1036|1|RFBO_iGotU|7,2007-07186,1036|1,none_observed
2000,1036|1|RFBO_iGotU|8,2007-07186,1036|1,none_observed
2000,1036|1|RFBO_iGotU|10,2007-07186,1036|1,pre_only
2000,1036|1|RFBO_iGotU|11,2007-07186,1036|1,none_observed
2000,1036|1|RFBO_iGotU|12,2007-07186,1036|1,none_observed
2000,1037|1|RFBO_iGotU|0,2007-07187,1037|1,none_observed
2000,1037|1|RFBO_iGotU|1,2007-07187,1037|1,none_observed
2000,1037|1|RFBO_iGotU|2,2007-07187,1037|1,none_observed
2000,1037|1|RFBO_iGotU|3,2007-07187,1037|1,none_observed
2000,1037|1|RFBO_iGotU|4,2007-07187,1037|1,none_observed
2000,1037|1|RFBO_iGotU|5,2007-07187,1037|1,none_observed
2000,1037|1|RFBO_iGotU|6,2007-07187,1037|1,none_observed
2000,1037|1|RFBO_iGotU|9,2007-07187,1037|1,none_observed
2000,1037|1|RFBO_iGotU|10,2007-07187,1037|1,none_observed
2000,1037|1|RFBO_iGotU|11,2007-07187,1037|1,none_observed
2000,1037|1|RFBO_iGotU|12,2007-07187,1037|1,none_observed
2000,1037|1|RFBO_iGotU|13,2007-07187,1037|1,none_observed
2000,1037|1|RFBO_iGotU|14,2007-07187,1037|1,none_observed
2000,1037|1|RFBO_iGotU|15,2007-07187,1037|1,none_observed
2000,1037|1|RFBO_iGotU|16,2007-07187,1037|1,none_observed
2000,1037|1|RFBO_iGotU|18,2007-07187,1037|1,none_observed
2000,1037|1|RFBO_iGotU|19,2007-07187,1037|1,none_observed
2000,1037|1|RFBO_iGotU|20,2007-07187,1037|1,none_observed
2000,1037|1|RFBO_iGotU|21,2007-07187,1037|1,none_observed
2000,1037|1|RFBO_iGotU|23,2007-07187,1037|1,none_observed
2000,1038|1|RFBO_iGotU|1,2007-07188,1038|1,none_observed
2000,1038|1|RFBO_iGotU|2,2007-07188,1038|1,none_observed
2000,1038|1|RFBO_iGotU|3,2007-07188,1038|1,none_observed
2000,1038|1|RFBO_iGotU|7,2007-07188,1038|1,none_observed
2000,1038|1|RFBO_iGotU|8,2007-07188,1038|1,none_observed
2000,1039|1|RFBO_iGotU|0,2017-24308,1039|1,post_only
2000,1039|1|RFBO_iGotU|1,2017-24308,1039|1,none_observed
2000,1039|1|RFBO_iGotU|2,2017-24308,1039|1,none_observed
2000,1039|1|RFBO_iGotU|3,2017-24308,1039|1,none_observed
2000,1040|1|RFBO_iGotU|0,2007-07189,1040|1,none_observed
2000,1040|1|RFBO_iGotU|1,2007-07189,1040|1,none_observed
2000,1040|1|RFBO_iGotU|2,2007-07189,1040|1,post_only
2000,1040|1|RFBO_iGotU|3,2007-07189,1040|1,none_observed
2000,1040|1|RFBO_iGotU|4,2007-07189,1040|1,none_observed
2000,1040|1|RFBO_iGotU|8,2007-07189,1040|1,pre_only
2000,1040|2|RFBO_iGotU|1,2007-07189,1040|2,none_observed
2000,1040|2|RFBO_iGotU|2,2007-07189,1040|2,none_observed
2000,1040|2|RFBO_iGotU|3,2007-07189,1040|2,none_observed
2000,1040|2|RFBO_iGotU|4,2007-07189,1040|2,none_observed
2000,1040|2|RFBO_iGotU|5,2007-07189,1040|2,none_observed
2000,1040|2|RFBO_iGotU|6,2007-07189,1040|2,none_observed
2000,1040|6|RFBO_iGotU|0,2007-07189,1040|6,none_observed
2000,1042|1|RFBO_iGotU|0,2007-07191,1042|1,none_observed
2000,1042|1|RFBO_iGotU|6,2007-07191,1042|1,none_observed
2000,1042|1|RFBO_iGotU|9,2007-07191,1042|1,post_only
2000,1042|1|RFBO_iGotU|10,2007-07191,1042|1,none_observed
2000,1042|1|RFBO_iGotU|13,2007-07191,1042|1,none_observed
2000,1042|1|RFBO_iGotU|14,2007-07191,1042|1,none_observed
2000,1042|1|RFBO_iGotU|15,2007-07191,1042|1,none_observed
2000,1042|1|RFBO_iGotU|16,2007-07191,1042|1,none_observed
2000,1042|1|RFBO_iGotU|17,2007-07191,1042|1,none_observed
2000,1043|1|RFBO_iGotU|1,2007-07192,1043|1,post_only
2000,1043|1|RFBO_iGotU|2,2007-07192,1043|1,none_observed
2000,1043|1|RFBO_iGotU|3,2007-07192,1043|1,post_only
2000,1043|1|RFBO_iGotU|4,2007-07192,1043|1,none_observed
2000,1043|1|RFBO_iGotU|5,2007-07192,1043|1,none_observed
2000,1043|1|RFBO_iGotU|6,2007-07192,1043|1,none_observed
2000,1043|1|RFBO_iGotU|7,2007-07192,1043|1,none_observed
2000,1043|1|RFBO_iGotU|8,2007-07192,1043|1,none_observed
2000,1043|1|RFBO_iGotU|9,2007-07192,1043|1,none_observed
2000,1043|1|RFBO_iGotU|10,2007-07192,1043|1,pre_only
2000,1043|1|RFBO_iGotU|12,2007-07192,1043|1,none_observed
2000,1043|1|RFBO_iGotU|13,2007-07192,1043|1,none_observed
2000,1043|1|RFBO_iGotU|16,2007-07192,1043|1,none_observed
2000,1043|1|RFBO_iGotU|17,2007-07192,1043|1,none_observed
2000,1043|1|RFBO_iGotU|19,2007-07192,1043|1,none_observed
2000,1043|1|RFBO_iGotU|20,2007-07192,1043|1,none_observed
2000,1043|1|RFBO_iGotU|21,2007-07192,1043|1,none_observed
2000,1049|1|RFBO_iGotU|0,2007-07105,1049|1,post_only
2000,1049|1|RFBO_iGotU|1,2007-07105,1049|1,pre_only
2000,1049|1|RFBO_iGotU|2,2007-07105,1049|1,none_observed
2000,1049|1|RFBO_iGotU|3,2007-07105,1049|1,none_observed
2000,1049|1|RFBO_iGotU|4,2007-07105,1049|1,none_observed
2000,1049|1|RFBO_iGotU|5,2007-07105,1049|1,none_observed
2000,1049|1|RFBO_iGotU|6,2007-07105,1049|1,post_only
2000,1049|1|RFBO_iGotU|7,2007-07105,1049|1,none_observed
2000,1049|1|RFBO_iGotU|8,2007-07105,1049|1,none_observed
2000,1049|1|RFBO_iGotU|9,2007-07105,1049|1,none_observed
2000,1049|1|RFBO_iGotU|10,2007-07105,1049|1,none_observed
2000,1049|1|RFBO_iGotU|11,2007-07105,1049|1,post_only
2000,1049|1|RFBO_iGotU|12,2007-07105,1049|1,none_observed
2000,1049|1|RFBO_iGotU|13,2007-07105,1049|1,none_observed
2000,1049|1|RFBO_iGotU|14,2007-07105,1049|1,none_observed
2000,1049|1|RFBO_iGotU|15,2007-07105,1049|1,pre_only
2000,1050|1|RFBO_iGotU|0,2017-24329,1050|1,none_observed
2000,1050|1|RFBO_iGotU|2,2017-24329,1050|1,none_observed
2000,1050|1|RFBO_iGotU|3,2017-24329,1050|1,post_only
2000,1050|1|RFBO_iGotU|4,2017-24329,1050|1,none_observed
2000,1050|1|RFBO_iGotU|5,2017-24329,1050|1,pre_only
2000,1050|1|RFBO_iGotU|6,2017-24329,1050|1,both
2000,1050|1|RFBO_iGotU|7,2017-24329,1050|1,none_observed
2000,1050|1|RFBO_iGotU|8,2017-24329,1050|1,none_observed
2000,1050|3|RFBO_iGotU|0,2017-24329,1050|3,none_observed
2000,1050|3|RFBO_iGotU|1,2017-24329,1050|3,both
2000,1050|3|RFBO_iGotU|2,2017-24329,1050|3,post_only
2000,1050|3|RFBO_iGotU|3,2017-24329,1050|3,none_observed
2000,1050|3|RFBO_iGotU|4,2017-24329,1050|3,none_observed
2000,1050|3|RFBO_iGotU|5,2017-24329,1050|3,none_observed
2000,1053|1|RFBO_iGotU|0,2007-07129,1053|1,pre_only
2000,1053|1|RFBO_iGotU|1,2007-07129,1053|1,none_observed
2000,1053|1|RFBO_iGotU|2,2007-07129,1053|1,pre_only
2000,1053|1|RFBO_iGotU|3,2007-07129,1053|1,none_observed
2000,1053|1|RFBO_iGotU|4,2007-07129,1053|1,none_observed
2000,1053|1|RFBO_iGotU|5,2007-07129,1053|1,none_observed
2000,1053|1|RFBO_iGotU|6,2007-07129,1053|1,none_observed
2000,1053|1|RFBO_iGotU|8,2007-07129,1053|1,post_only
2000,1053|1|RFBO_iGotU|9,2007-07129,1053|1,none_observed
2000,1053|1|RFBO_iGotU|10,2007-07129,1053|1,none_observed
2000,1053|1|RFBO_iGotU|11,2007-07129,1053|1,none_observed
2000,1053|1|RFBO_iGotU|12,2007-07129,1053|1,none_observed
2000,1053|6|RFBO_iGotU|1,2007-07129,1053|6,none_observed
2000,1054|1|RFBO_iGotU|0,2007-07200,1054|1,post_only
2000,1054|1|RFBO_iGotU|2,2007-07200,1054|1,none_observed
2000,1054|1|RFBO_iGotU|5,2007-07200,1054|1,none_observed
2000,1054|1|RFBO_iGotU|6,2007-07200,1054|1,none_observed
2000,1054|1|RFBO_iGotU|7,2007-07200,1054|1,none_observed
2000,1054|1|RFBO_iGotU|8,2007-07200,1054|1,none_observed
2000,1054|1|RFBO_iGotU|9,2007-07200,1054|1,post_only
2000,1054|1|RFBO_iGotU|10,2007-07200,1054|1,none_observed
2000,1054|1|RFBO_iGotU|11,2007-07200,1054|1,pre_only
2000,1054|1|RFBO_iGotU|12,2007-07200,1054|1,none_observed
2000,1054|1|RFBO_iGotU|13,2007-07200,1054|1,none_observed
2000,1054|1|RFBO_iGotU|14,2007-07200,1054|1,none_observed
2000,1054|1|RFBO_iGotU|15,2007-07200,1054|1,none_observed
2000,1055|1|RFBO_iGotU|1,2007-07130,1055|1,post_only
2000,1055|1|RFBO_iGotU|2,2007-07130,1055|1,none_observed
2000,1055|1|RFBO_iGotU|3,2007-07130,1055|1,none_observed
2000,1055|1|RFBO_iGotU|4,2007-07130,1055|1,pre_only
2000,1055|1|RFBO_iGotU|7,2007-07130,1055|1,none_observed
2000,1055|1|RFBO_iGotU|8,2007-07130,1055|1,none_observed
2000,1055|1|RFBO_iGotU|10,2007-07130,1055|1,none_observed
2000,1055|1|RFBO_iGotU|16,2007-07130,1055|1,none_observed
2000,1055|1|RFBO_iGotU|17,2007-07130,1055|1,none_observed
2000,1055|1|RFBO_iGotU|20,2007-07130,1055|1,none_observed
2000,1056|1|RFBO_iGotU|0,2007-07136,1056|1,none_observed
2000,1056|1|RFBO_iGotU|1,2007-07136,1056|1,none_observed
2000,1056|1|RFBO_iGotU|2,2007-07136,1056|1,none_observed
2000,1056|1|RFBO_iGotU|3,2007-07136,1056|1,post_only
2000,1056|1|RFBO_iGotU|4,2007-07136,1056|1,none_observed
2000,1056|1|RFBO_iGotU|5,2007-07136,1056|1,post_only
2000,1056|1|RFBO_iGotU|7,2007-07136,1056|1,none_observed
2000,1056|1|RFBO_iGotU|8,2007-07136,1056|1,none_observed
2000,1056|1|RFBO_iGotU|9,2007-07136,1056|1,none_observed
2000,1056|1|RFBO_iGotU|11,2007-07136,1056|1,none_observed
2000,1056|1|RFBO_iGotU|12,2007-07136,1056|1,none_observed
2000,1056|1|RFBO_iGotU|13,2007-07136,1056|1,none_observed
2000,1056|3|RFBO_iGotU|0,2007-07136,1056|3,pre_only
2000,1056|3|RFBO_iGotU|1,2007-07136,1056|3,none_observed
2000,1056|3|RFBO_iGotU|2,2007-07136,1056|3,none_observed
2000,1056|3|RFBO_iGotU|4,2007-07136,1056|3,post_only
2000,1057|1|RFBO_iGotU|0,2007-07137,1057|1,none_observed
2000,1057|1|RFBO_iGotU|1,2007-07137,1057|1,none_observed
2000,1057|1|RFBO_iGotU|2,2007-07137,1057|1,both
2000,1057|1|RFBO_iGotU|3,2007-07137,1057|1,none_observed
2000,1057|1|RFBO_iGotU|4,2007-07137,1057|1,none_observed
2000,1057|1|RFBO_iGotU|6,2007-07137,1057|1,none_observed
2000,1057|1|RFBO_iGotU|7,2007-07137,1057|1,none_observed
2000,1058|1|RFBO_iGotU|0,2007-07139,1058|1,post_only
2000,1058|1|RFBO_iGotU|1,2007-07139,1058|1,none_observed
2000,1058|1|RFBO_iGotU|2,2007-07139,1058|1,none_observed
2000,1058|1|RFBO_iGotU|4,2007-07139,1058|1,none_observed
2000,1058|1|RFBO_iGotU|5,2007-07139,1058|1,none_observed
2000,1058|1|RFBO_iGotU|6,2007-07139,1058|1,none_observed
2000,1058|1|RFBO_iGotU|7,2007-07139,1058|1,none_observed
2000,1058|1|RFBO_iGotU|8,2007-07139,1058|1,none_observed
2000,1058|1|RFBO_iGotU|9,2007-07139,1058|1,none_observed
2000,1058|1|RFBO_iGotU|10,2007-07139,1058|1,post_only
2000,1058|1|RFBO_iGotU|12,2007-07139,1058|1,both
2000,1058|1|RFBO_iGotU|14,2007-07139,1058|1,none_observed
2000,1058|1|RFBO_iGotU|15,2007-07139,1058|1,none_observed
2000,1058|1|RFBO_iGotU|16,2007-07139,1058|1,none_observed
2000,1058|2|RFBO_iGotU|0,2007-07139,1058|2,pre_only
2000,1058|2|RFBO_iGotU|1,2007-07139,1058|2,none_observed
2000,1058|2|RFBO_iGotU|2,2007-07139,1058|2,none_observed
2000,1058|2|RFBO_iGotU|4,2007-07139,1058|2,post_only
2000,1058|2|RFBO_iGotU|5,2007-07139,1058|2,none_observed
2000,1058|2|RFBO_iGotU|6,2007-07139,1058|2,none_observed
